strategy,ticker,date,entry,ret_5,ex_5,ret_10,ex_10,ret_20,ex_20
레딧 긍정,AAPL,2019-01-09,38.32749938964844,0.010632084722260293,-0.0010359764917635683,-0.003978870393748668,-0.025609240381969656,0.11499579390492443,0.06781971385628927
레딧 긍정,AAPL,2019-03-26,46.6974983215332,0.03870662908185274,0.02145418817492306,0.06804436624395316,0.046025290586151346,0.10905300662853445,0.06953246002170443
레딧 긍정,AAPL,2019-05-23,44.915000915527344,-0.02554823691600905,-0.0011985336549311665,0.05838801080124534,0.03885877367792334,0.10642321455779835,0.064387399941638
레딧 긍정,AAPL,2019-06-21,49.69499969482422,-0.0043263940820645885,-0.0009250335378468977,0.00623807979061719,-0.0033537818563853516,0.04245901244207717,0.029193727079885434
레딧 긍정,AAPL,2019-07-31,53.2599983215332,-0.06571536068909223,-0.03390958558896584,-0.04830075859189675,-0.0028110665215832498,-0.035251571270701776,-0.006539006170877104
레딧 긍정,AAPL,2019-09-11,55.897499084472656,-0.003667391559819655,-0.006498386076108198,-0.011449517422617905,-0.002690133966123276,0.015385314628332925,0.045293760877552325
레딧 긍정,AAPL,2019-10-31,62.189998626708984,0.04289274161666734,0.026903534092800774,0.05579683408949476,0.0352911093143371,0.07432869392773656,0.03813045612604049
레딧 긍정,AAPL,2019-12-02,66.04000091552734,0.010448250027870865,0.0032605009292772102,0.05943360641959705,0.034212245291022514,0.11163684821906661,0.0788426939938649
레딧 긍정,AAPL,2020-01-13,79.23999786376953,-0.0012303891386072907,-0.011445286108401231,0.0023031644561095632,0.005535356921846035,0.0083606573950199,-0.013929317560001708
레딧 긍정,AAPL,2020-02-11,79.90249633789062,0.0125465722268161,0.0033597128264992726,-0.08435278211168173,-0.013482385781874218,-0.13823095241278027,0.043419177755254834
레딧 긍정,AAPL,2020-03-11,68.85749816894531,-0.10441852837969745,0.020818339917747286,-0.1085937958780272,-0.008105410043986017,-0.03398317394787309,-0.03278042358381117
레딧 긍정,AAPL,2020-04-30,73.44999694824219,0.03383254885773046,0.043471829374965965,0.05357393262740562,0.07254256921935454,0.08216479118933173,0.03451952881517806
레딧 긍정,AAPL,2020-06-10,88.20999908447266,-0.003542682272343556,0.019466710636404483,0.020462536264706843,0.06720235965689925,0.08550621738144049,0.09998896069550789
레딧 긍정,AAPL,2020-07-13,95.47750091552734,0.030164145749541627,5.357817046558466e-05,-0.006991211023884669,-0.033607921036226895,0.1806708369468295,0.1148278334293209
레딧 긍정,AAPL,2020-08-10,112.72750091552734,0.01667736123083885,0.009704162533644922,0.11647554631107249,0.094572497936388,0.0008205520263080412,0.007853409008846568
레딧 긍정,AAPL,2020-09-08,112.81999969482422,0.024109211381498685,0.003221416443949243,-0.00895233237867843,-0.0002190898687469689,0.0030136852349305077,-0.002148228467573343
레딧 긍정,AAPL,2020-10-12,124.4000015258789,-0.06768487191050154,-0.03811876480638188,-0.0751607585163575,-0.03816056472371421,-0.06495178241114252,-0.0709955497609096
레딧 긍정,AAPL,2020-11-09,116.31999969482422,0.03421598493273281,0.011624576367807782,-0.02123453599710623,-0.02941367046363652,0.06929158854659434,0.025265144569194042
레딧 긍정,AAPL,2020-12-09,121.77999877929688,0.04951551026228129,0.04046547000336975,0.07538190200845163,0.07341924367746078,0.08433243862215312,0.04505206947301588
레딧 긍정,AAPL,2022-01-04,179.6999969482422,-0.025709489124355223,-0.009376146034939747,-0.07495827183894055,-0.02093253955444141,-0.02148024861382347,0.02081894980686705
레딧 긍정,AAPL,2022-02-14,168.8800048828125,-0.02700140589028277,-0.005476231807243881,-0.03363339513468,-0.013042127644437684,-0.08165566169003191,-0.052385979426117224
레딧 긍정,AAPL,2022-03-28,175.60000610351562,0.01617309931194688,0.014220994458553626,-0.05609342688581165,-0.021020736868187617,-0.10706151707463651,-0.019741657368074095
레딧 긍정,AAPL,2022-05-23,143.11000061035156,0.040039100713445075,-0.00029642963632836583,0.03913078107492196,-0.008284255128756746,-0.054223984862974195,0.002538078064343585
레딧 긍정,AAPL,2022-08-22,167.57000732421875,-0.03693979931283098,-0.011005358615088445,-0.0778182728111465,-0.023167260341502627,-0.06367495948776658,0.007112531339794725
레딧 긍정,AAPL,2022-10-21,147.27000427246094,0.057513417362526686,0.01815895923522115,-0.060365309511373755,-0.06586905663677023,0.0272967264008126,-0.030786550571743287
레딧 긍정,AAPL,2022-12-12,144.49000549316406,-0.08388130607794853,-0.036431694311710894,-0.10007617249728251,-0.056085652949586784,-0.07612983308053389,-0.0675322065899765
레딧 긍정,AAPL,2023-01-23,141.11000061035156,0.01339380186714978,0.013493665942317046,0.07526040019312741,0.05229661421273346,0.05222872287796476,0.05607268994521508
레딧 긍정,AAPL,2023-03-30,162.36000061035156,0.014166069494404576,0.0005668867637398378,0.017553622153250403,-0.00414560743100445,0.045084947264794506,0.014790223214902642
레딧 긍정,AAPL,2023-05-05,173.57000732421875,-0.005761364047949025,-0.0032409255616173693,0.00916054773749364,-0.005356065604951388,0.03462576628005554,-0.00044197249190469634
레딧 긍정,AAPL,2023-06-05,179.5800018310547,0.023443542778436965,0.007756393179499055,0.030237179086843202,0.0066361806597381445,0.06543044815788668,0.027898257686759242
레딧 긍정,AAPL,2023-08-04,181.99000549316406,-0.023078257488096,-0.020482067455536934,-0.0412110543085934,-0.018136374657447663,0.041046216798887425,0.031243381350385402
레딧 긍정,AAPL,2023-09-08,178.17999267578125,-0.017790988322204493,-0.012965180391017794,-0.019025701700509767,0.014867223327090118,-0.003872416718933791,0.031995739284857994
레딧 긍정,AAPL,2023-10-12,180.7100067138672,-0.029052071301799876,-0.012379998882685372,-0.07647615965230459,-0.027797435096491685,0.009407320486318982,0.008992265663966714
레딧 긍정,AAPL,2023-12-28,193.5800018310547,-0.064056250841941,-0.045658573171430406,-0.0395702220769405,-0.03954922359664148,-0.009556803833126293,-0.04014269088255695
레딧 긍정,AAPL,2024-02-05,187.67999267578125,-0.00282394927525631,-0.019939010491952014,-0.03260867090803787,-0.04115607132828891,-0.09356350300444005,-0.12326608192108368
레딧 긍정,AAPL,2024-03-05,170.1199951171875,0.01828121737370858,-0.0006470462796857035,0.035034134052035704,0.018215589511522134,-0.0027627629566963074,-0.02687645167739483
레딧 긍정,AAPL,2024-04-08,168.4499969482422,0.02517070685650924,0.052680653074216655,-0.015494215836367786,0.021134351705898613,0.07871777979134809,0.08286252744004952
레딧 긍정,AAPL,2024-05-06,181.7100067138672,0.025149919633352447,0.016748414012085266,0.051345474808975444,0.0252309307140679,0.06956138309736692,0.04667966879605623
레딧 긍정,AAPL,2024-06-06,194.47999572753906,0.10160433052100748,0.08703424962139583,0.06689639063881736,0.048473398240186816,0.17143157306208545,0.13286490043262034
레딧 긍정,AAPL,2024-07-08,227.82000732421875,0.02888239118920488,0.017626809014002154,-0.01694320290692586,-0.015808631430241804,-0.08142394195150138,-0.013170047673953689
레딧 긍정,AAPL,2024-08-14,221.72000122070312,0.021107670259854938,-0.009917608116581933,0.021513639934147344,-0.005244958305795189,0.004735716426018888,-0.023475827216222545
레딧 긍정,AAPL,2024-11-08,226.9600067138672,-0.00863591230122851,0.012160159834104012,0.01282159110520742,0.01730176072496592,0.08719594950965281,0.07634657020226343
레딧 긍정,AAPL,2025-02-03,228.00999450683594,-0.001578880834281926,-0.013422827207235533,0.07218984742080559,0.04923792568695262,0.03473531143262165,0.06971537650193449
레딧 긍정,AAPL,2025-05-01,213.32000732421875,-0.07420776902091109,-0.08600791442026323,-0.00876622122525239,-0.06604781727822395,-0.0584567822639831,-0.11382241616974798
레딧 긍정,AAPL,2025-07-22,214.39999389648438,-0.014598832617199853,-0.02477601762362791,-0.053544757716186275,-0.05212947503137699,0.07537315355480678,0.05796067309477304
레딧 긍정,AAPL,2026-05-01,280.1400146484375,0.04704787601414795,0.02349973179959286,0.07171412610619954,0.04601516285263996,0.09341751103639484,0.040840043014953586
레딧 긍정,AAPL,2026-08-05,311.0,-0.02813504823151125,-0.031642514273028555,0.018745937531400747,0.019694222764498504,0.04488743233144099,0.05090206621207072
레딧 긍정,ABBV,2020-01-28,83.7699966430664,0.007043141827963728,0.0004048757050598706,0.14599503219564558,0.12039010472121903,0.055389843678918416,0.10246994389240793
레딧 긍정,ABBV,2020-06-08,94.58999633789062,-0.015963575063921098,0.03400555799328109,0.02833280905945257,0.06725612779307133,0.05032246876537538,0.07946854881471721
레딧 긍정,ABBV,2022-02-03,140.72999572753906,0.014069573271085156,0.00797910935812074,0.030128655026558482,0.05149007109136394,0.06985008263686798,0.10216085845095646
레딧 긍정,ABBV,2025-04-22,173.77999877929688,0.1135343299926963,0.062192447917364335,0.07693632875534528,0.017097565753033672,0.06370127403601744,-0.06071783565755773
레딧 긍정,ABNB,2020-12-10,144.7100067138672,0.016170245520874538,0.00114562500174209,0.07000199816211272,0.06381218836834468,0.0236334600944883,-0.00897906436979401
레딧 긍정,ABNB,2022-11-02,94.41000366210938,0.01461706598759327,0.01659105762206292,0.1061327852388152,0.05123370727070453,0.072661717136552,-0.014061707488195907
레딧 긍정,ABNB,2024-05-09,147.0500030517578,0.0009520529530295807,-0.015427245759256136,-0.04087051778917428,-0.05200156966207714,-0.002652154923867389,-0.029258893701908706
레딧 긍정,ABNB,2024-11-08,134.61000061035156,-0.015674917173942093,0.005121154961390428,0.020280779400940974,0.024760949020699474,0.01976081754734671,0.008911438239957326
레딧 긍정,ABNB,2025-07-31,132.41000366210938,-0.09349750427017911,-0.09376643052248945,-0.058681399120634636,-0.07904273751010338,-0.014726960911641496,-0.04136910330659538
레딧 긍정,ABT,2020-03-30,79.33999633789062,0.04272759233067913,0.030459327358549615,0.12351907617970981,0.038902163644268795,0.15276031391488543,0.06072890687663257
레딧 긍정,ABT,2020-08-28,110.79000091552734,-0.059842920828866664,-0.03699512701621055,-0.046033021319402456,-0.011461752047335239,-0.05731562795962697,-0.010564573254224108
레딧 긍정,ADBE,2019-06-19,291.2099914550781,-0.008550497261214707,0.0002872709755532554,0.04975797938646043,0.030171579733852205,0.06479858408326056,0.04510982047942469
레딧 긍정,ADBE,2019-12-13,317.94000244140625,0.030414489639246867,0.019668228504110763,0.032710554873953024,0.020861383182093185,0.08394666363608971,0.05202303874954972
레딧 긍정,ADBE,2020-03-13,335.5,-0.11970194832223358,0.030751056172457547,-0.08843521140904431,-0.02939760290292115,-0.04426231327426411,-0.06780306838147099
레딧 긍정,ADBE,2020-12-11,475.9100036621094,0.05681748300487488,0.04895506155035867,0.04841253255369682,0.03238734601155757,-0.008951292750403184,-0.042994431260555466
레딧 긍정,ADBE,2023-06-16,495.17999267578125,-0.03164502431829097,-0.013395378913444889,-0.020134095416150966,-0.02998713590683766,0.07482125356633129,0.04130281895853871
레딧 긍정,ADBE,2024-06-14,525.3099975585938,-0.0021701750466120995,-0.0020964084002013106,0.06605625700691298,0.06133980205202083,0.07848695181962762,0.03780757000211632
레딧 긍정,ADBE,2025-09-12,349.3599853515625,0.04734374066416791,0.03777583126295614,0.03151479913919042,0.024806604314287828,-0.03391909801579829,-0.02724144815861229
레딧 긍정,ADM,2025-10-15,63.380001068115234,-0.023193455284472142,-0.02714733917939194,-0.04512465386799036,-0.07852969665279463,-0.08882929904126391,-0.11620579293082034
레딧 긍정,ADP,2024-09-06,269.55999755859375,0.02949255185871258,-0.010573376413116842,0.02541180503619289,-0.026201962460473238,0.057872111013521854,-0.002495044219049003
레딧 긍정,ADSK,2026-06-01,248.16000366210938,-0.09316573998546673,-0.06769574778484166,-0.19970985181832057,-0.19481892840628356,-0.2165538551745655,-0.20103725903324854
레딧 긍정,AES,2025-05-27,10.069999694824219,0.01986104955318413,0.011504452687096434,0.12115196663370953,0.1009709767274567,0.04270112395304171,0.01568603464647489
레딧 긍정,AFL,2026-07-15,121.01000213623047,0.021237911325139525,0.0310417353841711,0.06330051977101347,0.09688509823172686,-0.0023138482303443064,-0.025736951704021904
레딧 긍정,AIG,2022-07-05,51.130001068115234,-0.00019562167067321834,0.002762816145046032,0.011930385245619624,-0.015061964186889654,-0.008214394188708396,-0.07654617418505716
레딧 긍정,ALGN,2019-08-01,202.35000610351562,-0.06953302149653007,-0.06539517983374232,-0.13827531575173002,-0.10371418914756203,-0.11069932532551707,-0.10303411777669114
레딧 긍정,ALL,2022-01-05,121.0199966430664,0.02288881465292647,0.017252399555488962,-0.012642528687299648,0.03353793302609964,0.005371025813163843,0.05187172727830469
레딧 긍정,AMAT,2020-02-13,67.37000274658203,-0.04601463525504901,-0.03539342063985784,-0.13730152052230038,-0.01625485794444237,-0.24461930659145914,-0.04364621359605192
레딧 긍정,AMAT,2020-08-13,65.06999969482422,-0.019671104737974843,-0.023975983355782104,-0.04671893237720659,-0.08086078571107747,-0.1547564122030448,-0.1465327114516345
레딧 긍정,AMAT,2024-02-20,189.13999938964844,0.07253886679167465,0.052066238741452775,0.09648937326262264,0.0755134840901579,0.06450246900502998,0.026355251365727694
레딧 긍정,AMAT,2025-03-04,152.8699951171875,-0.038463987779393416,-0.002164013828791611,0.004186559888078811,0.03164550351832374,-0.04716420282182299,-0.01961849840144536
레딧 긍정,AMAT,2026-05-15,436.6199951171875,-0.010214812663082662,-0.01896791666875186,0.04935646225904722,0.023151400412614098,0.341624377829177,0.32043840634527965
레딧 긍정,AMCR,2020-05-13,45.54999923706055,0.03732164196297716,-0.017117229627921615,0.09769485922008148,0.021807094113528436,0.008781592372749225,-0.05872543474378733
레딧 긍정,AMD,2019-01-07,20.56999969482422,-0.016528933283039393,-0.028400892382431264,-0.03937770918616945,-0.07271358585091192,0.13320368555025297,0.05961299107201734
레딧 긍정,AMD,2019-02-15,23.68000030517578,0.04349656951109693,0.03574521235519401,-0.013091193494394693,-0.02040993313831052,-0.018158796437253266,-0.03604101708978835
레딧 긍정,AMD,2019-03-20,25.700000762939453,-0.03151756222743285,-0.024769226305353165,0.12918286366791887,0.11188566655936594,0.06964976478755469,0.04159071752568222
레딧 긍정,AMD,2019-04-18,27.68000030517578,0.0072253921020883904,-0.004463507893965657,0.019508634473451858,0.005681967631408824,-0.00650290112685159,0.00790987328223991
레딧 긍정,AMD,2019-05-28,29.049999237060547,0.01790018834493745,0.016543754680502287,0.11566267465043656,0.08442940607776928,-0.0065404004027165286,-0.044413026139988654
레딧 긍정,AMD,2019-06-27,30.739999771118164,0.024723494942765045,0.0008470233987578624,0.08035131202815382,0.048961967614828295,0.10670138942965246,0.07064646742064729
레딧 긍정,AMD,2019-07-26,34.02000045776367,-0.134626686128126,-0.1035349529245656,0.004997006662488701,0.03939988839644404,-0.13168722757068485,-0.07486790666332022
레딧 긍정,AMD,2019-09-12,30.209999084472656,0.0026481904494928266,0.003345266245900924,-0.02449519343079054,-0.010256392198580988,-0.06057596753277095,-0.03385746349267882
레딧 긍정,AMD,2019-10-22,31.510000228881836,0.0482386080410695,0.034192316772274856,0.14725487982523333,0.12043307202034326,0.310377677423221,0.2671684787737061
레딧 긍정,AMD,2019-11-26,38.9900016784668,0.017953242321320007,0.02629505087073125,0.01231083666511923,0.01122822436887061,0.19594765480268794,0.16773822966282137
레딧 긍정,AMD,2019-12-26,46.630001068115234,0.04224742356596067,0.04388859150827229,0.03302588602947942,0.02444847538746875,0.05640139809510569,0.05466733742018093
레딧 긍정,AMD,2020-01-28,50.529998779296875,-0.021373402779497397,-0.028011668902401254,0.06471404189115981,0.03910911441673326,-0.06016222391193926,-0.013082123698449744
레딧 긍정,AMD,2020-02-26,47.4900016784668,0.05516948492913487,0.05080356084707227,-0.037692163661029676,0.08153741787488522,-0.060223215608947056,0.14751356356879675
레딧 긍정,AMD,2020-04-09,48.380001068115234,0.16990486202000588,0.13956696816281444,0.1612236268056042,0.14407772887472214,0.09942119579165887,0.04823503615994085
레딧 긍정,AMD,2020-05-14,54.5099983215332,0.0025683949487556035,-0.03220720816616418,-0.013025116608601728,-0.0809270221447198,-0.018528680107007478,-0.08604452441327903
레딧 긍정,AMD,2020-06-12,53.5,0.013644851256753743,-0.0009175343248966072,-0.0635514303902599,-0.04987665382486339,0.0016822458427643294,-0.033260738218895636
레딧 긍정,AMD,2020-07-13,53.59000015258789,0.07221494534177353,0.04210437776269749,0.28699386124880477,0.26037715123646255,0.534614622683447,0.46877161916593835
레딧 긍정,AMD,2020-08-10,82.23999786376953,0.0021887197209555787,-0.004784478976238349,0.010214056287752182,-0.011688992086932304,-0.043166287871794995,-0.03613343088925647
레딧 긍정,AMD,2020-09-10,78.9800033569336,-0.03076728541266205,-0.03660747710424739,-0.04001017381359684,-0.00889209842168237,0.09534057304690946,0.06572008816576425
레딧 긍정,AMD,2020-10-08,86.51000213623047,-0.039070683150485674,-0.04989156055438415,-0.08195588709060797,-0.08437018278905695,-0.04057336781362164,-0.05936443034784833
레딧 긍정,AMD,2020-11-05,83.0,-0.013975947736257543,-0.022455850955520607,0.030602420669004093,0.009074300650852463,0.1330120592232209,0.07702183418918662
레딧 긍정,AMD,2020-12-04,94.04000091552734,-0.025414710403876772,-0.01581617518159184,0.01999146358055337,0.02180304507758557,-0.013504936836418513,-0.017506506241113384
레딧 긍정,AMD,2022-01-05,136.14999389648438,0.009695243359484573,0.004058828262047065,-0.10473738630996854,-0.05855692459656925,-0.1180315298261988,-0.07153082836105795
레딧 긍정,AMD,2022-02-03,120.08000183105469,0.04738503268860028,0.041294568775635865,-0.06420718659981506,-0.0428457705350096,-0.09718519312952956,-0.06487441731544108
레딧 긍정,AMD,2022-03-28,120.23999786376953,-0.08075515017451984,-0.0827072550279131,-0.1902028902487085,-0.15513020023108448,-0.2917497906262887,-0.20442993091972628
레딧 긍정,AMD,2022-05-02,89.83999633789062,-0.038735483853435504,0.0006150206975107375,0.04897597623813765,0.08369421177908432,0.1337934635176674,0.137533133150609
레딧 긍정,AMD,2022-07-05,75.19999694824219,0.015425581239155717,0.018384019054874967,0.14202128641742484,0.11502893698491556,0.3203458104375396,0.25201403044119086
레딧 긍정,AMD,2022-08-02,99.29000091552734,-0.03776815354438734,-0.045830714355556856,0.009165031970228776,-0.0438664211932982,-0.12438310363828142,-0.10024448146887543
레딧 긍정,AMD,2022-09-16,76.51000213623047,-0.11175013479327889,-0.06607634741110546,-0.17187297292796533,-0.09826573913162318,-0.2688537829720016,-0.19641371436364774
레딧 긍정,AMD,2022-11-02,58.630001068115234,0.022002338006635647,0.0239763296411053,0.23997945802151177,0.1850803800534011,0.3215077937133035,0.2347843690885556
레딧 긍정,AMD,2023-01-24,74.69999694824219,0.0060241579119275634,-0.009667992482231158,0.15006703041279001,0.11261078409308634,0.025568992505217603,0.02971692756637556
레딧 긍정,AMD,2023-03-09,84.02999877929688,0.14958943088692744,0.1379692760668787,0.19338331829184363,0.1892715196423922,0.10044034944679403,0.055415308603150804
레딧 긍정,AMD,2023-05-05,89.83999633789062,0.06032954162147397,0.06284998010780563,0.17787181665538343,0.1633552033129384,0.31266702039521355,0.2775992816232533
레딧 긍정,AMD,2023-06-05,117.93000030517578,0.09548038757815802,0.07979323797922011,0.0084796065243129,-0.015121391902792158,-0.03374886243224162,-0.07128105290336906
레딧 긍정,AMD,2023-08-02,109.3499984741211,0.010242366366809641,0.019972899402377453,-0.019753050414774598,0.00355130637234069,-0.025240074757601927,-0.027195076364396775
레딧 긍정,AMD,2023-11-01,108.04000091552734,0.05136982020855996,0.01685035725612405,0.09218806923428313,0.02825964265131109,0.12143652939099936,0.041608795652209096
레딧 긍정,AMD,2023-12-08,128.9199981689453,0.07935150382280498,0.05951235970490565,0.08284213532623941,0.05361575259550122,0.1577722357026079,0.1280460464090123
레딧 긍정,AMD,2024-01-17,160.1699981689453,0.11312977039604366,0.0853925626073897,0.04695014271354947,0.024527486832013112,0.1156895735226997,0.060045798926953164
레딧 긍정,AMD,2024-02-15,176.75999450683594,-0.001357718046125611,-0.012990944922651848,0.14641324783369813,0.1248201209847466,0.08090067603619877,0.06532334360354164
레딧 긍정,AMD,2024-03-20,179.72999572753906,-0.0007789428196541825,-0.005947253883191395,-0.07733819744566184,-0.06310139022426253,-0.13715013899990536,-0.09687963438568115
레딧 긍정,AMD,2024-05-01,144.27000427246094,0.06480897322958867,0.031152540467585865,0.10674425341667515,0.04792538095868082,0.1558189163499606,0.11133010056799053
레딧 긍정,AMD,2024-06-04,159.99000549316406,-0.006437894517985265,-0.02263804463681196,-0.03350209654552816,-0.07154213331516868,0.02443895411633923,-0.019221990800585953
레딧 긍정,AMD,2024-07-11,181.94000244140625,-0.14383861612496873,-0.1369740253790429,-0.23974933786886865,-0.20727735691998073,-0.2507419726559551,-0.2043252874897975
레딧 긍정,AMD,2024-08-16,148.55999755859375,0.04321485106657463,0.029107208486319536,0.0,-0.016903889806167527,0.023694159466262743,0.008305605526328863
레딧 긍정,AMD,2024-10-29,166.25,-0.14790975240836468,-0.1391949559183293,-0.13606012100563913,-0.16206696971709933,-0.17160901521381577,-0.20406171000552187
레딧 긍정,AMD,2024-12-09,130.8699951171875,-0.03194003844837223,-0.03542946323027307,-0.04791011597006589,-0.03138899677416174,-0.06899976401168939,-0.043879034658319105
레딧 긍정,AMD,2025-01-08,121.83999633789062,-0.027905400514420586,-0.0315526624691278,0.008207485473216591,-0.023141614214468698,-0.11720288253862976,-0.13633811720544764
레딧 긍정,AMD,2025-02-10,110.4800033569336,0.03439532319786798,0.023417370124454884,-0.05901524325082086,-0.041473727536474936,-0.1241853801938908,-0.043289299098109635
레딧 긍정,AMD,2025-03-21,106.44000244140625,-0.030251795817795912,-0.015499486139527563,-0.19428786011687504,-0.09020618395407076,-0.19616689594033643,-0.10733399881463157
레딧 긍정,AMD,2025-05-06,98.62000274658203,0.14033660466887676,0.09015757876508834,0.15098356291786352,0.09004943883627181,0.20239300880737843,0.13594704299864446
레딧 긍정,AMD,2025-06-17,127.0999984741211,0.12824544152675288,0.11219609613804127,0.08985055810732434,0.05149268187284184,0.262077148606501,0.21101703909807945
레딧 긍정,AMD,2025-07-17,160.41000366210938,0.010660129767717574,0.0005015330126958428,0.09912096211889887,0.09268818840409554,0.1280468350926458,0.10112174310598365
레딧 긍정,AMD,2025-08-14,180.9499969482422,-0.09527488546632146,-0.08070007464975071,-0.0683613999768441,-0.07451687036677346,-0.12368051948862357,-0.1429997856358739
레딧 긍정,AMD,2025-09-22,159.7899932861328,0.009825442081391023,0.014564261067091189,0.274860850323009,0.2677077726672077,0.5054759851439987,0.498787782939744
레딧 긍정,AMD,2025-10-21,238.02999877929688,0.08393904587149836,0.06044693359895725,0.050497854615400684,0.044613643117653146,-0.03251693287761037,-0.015817799411560918
레딧 긍정,AMD,2026-02-04,200.19000244140625,0.06688645400045679,0.05847767580386298,0.01588487255607074,0.01837692572876659,-0.003696515730752581,0.0034152242617420114
레딧 긍정,AMD,2026-04-27,334.6300048828125,0.02064968341535689,0.016678561971036565,0.37103667289366427,0.33729643566415546,0.5058124116063647,0.4562856630127199
레딧 긍정,AMD,2026-05-27,495.5400085449219,0.09480568708120618,0.08976881882567578,-0.08705657243521392,-0.05370365747102812,0.07472655717149834,0.09626006156418976
레딧 긍정,AMD,2026-06-26,521.5800170898438,0.05841859293830365,0.02784198782561398,0.024559985311682686,-0.0031221405694878968,-0.051056413225711084,-0.06491124903470002
레딧 긍정,AMD,2026-08-05,482.04998779296875,0.0018255469455388251,-0.001681919095978479,-0.032423970046747796,-0.03147568481365004,-0.05184107637631086,-0.04582644249568113
레딧 긍정,AMGN,2024-05-06,299.4800109863281,0.029951919632835278,0.021550414011568098,0.05028715442140563,0.02417261032649809,0.026345611865292717,0.0034638975639820213
레딧 긍정,AMT,2022-06-10,251.00999450683594,-0.059121137256096246,0.0022949817565121045,0.03314605891202116,0.03625019306535715,0.017847938665271457,0.0408597434410769
레딧 긍정,AMZN,2019-01-14,80.8604965209961,0.009250513301493068,-0.011961575216558273,-0.014426034059196957,-0.037774945901214996,0.012861668679678528,-0.05201794516268743
레딧 긍정,AMZN,2019-02-12,81.90049743652344,-0.0097129334312821,-0.025437112426615838,0.0018803222621772697,-0.016726047639141095,0.03223422900080131,0.005820547595625447
레딧 긍정,AMZN,2019-04-24,95.0875015258789,0.005137319471097079,0.006574589470563441,0.008423766112193753,0.02450702939910898,-0.022121733481854644,0.00046323676551807136
레딧 긍정,AMZN,2019-07-26,97.15249633789062,-0.06166072926813404,-0.03056899606457364,-0.06972027266904623,-0.0353173909350909,-0.09954961421306718,-0.04273029330570255
레딧 긍정,AMZN,2019-08-26,88.44349670410156,0.01185502722199061,0.0023411722415218605,0.029216389334245196,-0.005957238731076009,-0.015410957427004712,-0.04273732936168351
레딧 긍정,AMZN,2019-10-28,88.85399627685547,0.01551990332356179,0.0021008215958140397,-0.0030555703194610206,-0.01970581269927285,-0.0018231586745662831,-0.03502463486813778
레딧 긍정,AMZN,2019-12-02,89.08000183105469,-0.01801189699050021,-0.025199646089093863,-0.0069544139403801,-0.03217577506895464,0.03718002236060047,0.004385868135398763
레딧 긍정,AMZN,2020-02-03,100.20999908447266,0.06471913191939693,0.032138613229780955,0.075576306317795,0.03667091307113224,-0.04750521994179546,0.026171212375126318
레딧 긍정,AMZN,2020-03-30,98.19750213623047,0.017128737187321885,0.0048604722151923685,0.1626161346530708,0.07799922211762977,0.17827846801900993,0.08624706098075707
레딧 긍정,AMZN,2020-04-30,123.69999694824219,-0.04300320360566301,-0.033363923088427505,-0.034417945027158,-0.015449308435209086,-0.012784941240091774,-0.06043020361424545
레딧 긍정,AMZN,2020-06-02,123.62049865722656,0.05195336275223905,0.010697771585576499,0.05778172268095916,0.04194166459374604,0.11584240284595881,0.11493355192574106
레딧 긍정,AMZN,2020-07-02,144.51499938964844,0.10715151144000035,0.08998472681660541,0.02479670697771663,-0.00559752131698299,0.09493128186393429,0.049163810690352916
레딧 긍정,AMZN,2020-07-31,158.23399353027344,0.0008784937121162351,-0.02377548944788499,-0.005264308478390101,-0.036870359168863054,0.0749270276449725,0.0012408878430190118
레딧 긍정,AMZN,2020-08-28,170.08999633789062,-0.03150681195634564,-0.008659018143689523,-0.0878446594416552,-0.053273390169587986,-0.06694983357881001,-0.020198778873407153
레딧 긍정,AMZN,2020-10-06,154.9980010986328,0.11086273419959092,0.06548007949734336,0.037758508139782876,0.012529318781363541,-0.016629242773319675,-0.01991352942297908
레딧 긍정,AMZN,2020-11-25,159.2534942626953,0.0005212307138646732,-0.010591102431787736,-0.02624118782347562,-0.037463840674962334,-0.003886809768131827,-0.021368738499918938
레딧 긍정,AMZN,2020-12-24,158.63450622558594,0.004393690776240744,0.004962773310327795,-0.018432378301796892,-0.04469254751970009,0.04836272544261311,0.00828140147263512
레딧 긍정,AMZN,2022-02-07,157.9355010986328,-0.01752926753697248,0.0008940669262876844,-0.048994725935395556,-0.00944278287060818,-0.13879719946773383,-0.06946390543620395
레딧 긍정,AMZN,2022-03-10,146.8175048828125,0.07098263615494438,0.03434167550969436,0.1146457348247194,0.05586511387364368,0.07469814480236203,0.01996001980007578
레딧 긍정,AMZN,2022-04-14,151.7064971923828,-0.048491602040868664,-0.021652250363900616,-0.18077667028054145,-0.12186712908146324,-0.2547781248827603,-0.17238700900484372
레딧 긍정,AMZN,2022-05-18,107.11250305175781,-0.0031509069087464203,-0.017212076641812124,0.1717679823639815,0.1066170859947837,-0.032232459248759726,0.03210172234026021
레딧 긍정,AMZN,2022-07-07,116.33000183105469,-0.0489985772192697,-0.02051458829814168,0.07134870877434785,0.04615521136676115,0.22556524611142237,0.16083344368589492
레딧 긍정,AMZN,2022-09-19,124.66000366210938,-0.07628751690082813,-0.01390174674017941,-0.07043162322126661,-0.013965265916691005,-0.08719719579060137,-0.03127136603525882
레딧 긍정,AMZN,2022-10-27,110.95999908447266,-0.19520544530849648,-0.1715989371729254,-0.12914565563528357,-0.16785819584731965,-0.15816506459235513,-0.21698388384530176
레딧 긍정,AMZN,2022-11-30,96.54000091552734,-0.08369589552961265,-0.04807975229341688,-0.05137765731753685,-0.03106761285116111,-0.12802983730201722,-0.0685714614438413
레딧 긍정,AMZN,2022-12-30,84.0,0.04000000726608999,0.02580134926390576,0.1434524172828311,0.1033405101843321,0.22773806254069018,0.1648506876717004
레딧 긍정,AMZN,2023-02-03,103.38999938964844,-0.05590481490877708,-0.04545253530456195,-0.05987041762209355,-0.04752654406189083,-0.09323918605819825,-0.0741291951131895
레딧 긍정,AMZN,2023-04-28,105.44999694824219,0.0019915288757217375,0.00992552702704308,0.04561408560636715,0.05604852508972913,0.13902327251185143,0.12918989571788986
레딧 긍정,AMZN,2023-06-26,127.33000183105469,0.022696924119132378,-0.005928159400314437,0.01138770853208726,-0.014154635597600773,0.014136519483806342,-0.04149114569371615
레딧 긍정,AMZN,2023-07-28,132.2100067138672,0.05566901321077977,0.07779545891688278,0.04689506567880608,0.07156025695967005,0.007941817862857858,0.04503805289068086
레딧 긍정,AMZN,2023-10-20,125.16999816894531,0.020532074238392317,0.045485206327720795,0.10729414501103895,0.07524210217586247,0.15986254533476862,0.08958545914577853
레딧 긍정,AMZN,2024-01-26,159.1199951171875,0.07975114901216784,0.06551261802334274,0.09634239757086815,0.06804997755217346,0.09810206818354428,0.059982237994039345
레딧 긍정,AMZN,2024-04-30,175.0,0.0786285400390625,0.04842812701400634,0.06897147042410712,0.026499705931434248,0.04011431012834832,-0.007935341395059359
레딧 긍정,AMZN,2024-06-27,197.85000610351562,0.010866787112250531,-0.004269511742294396,-0.016982565108406456,-0.04191071862874429,-0.07758405676007141,-0.07405166535309582
레딧 긍정,AMZN,2024-08-02,167.89999389648438,-0.005717638415579596,-0.00588646148968508,0.05455630729657335,0.014379966212573425,0.0631328558001667,0.005373488467500298
레딧 긍정,AMZN,2024-09-09,175.39999389648438,0.05410493627932955,0.024035840694590638,0.10535924532149332,0.06279045831388053,0.030786826357932284,-0.008359630880650393
레딧 긍정,AMZN,2024-10-10,186.64999389648438,0.00471473298467151,-0.006081390547186816,-0.0014464989150849705,-0.0068445606810142445,0.12536838960868657,0.09155661048999209
레딧 긍정,AMZN,2024-11-08,208.17999267578125,-0.026755655016783342,-0.00595958288145082,-0.053127091688482064,-0.048646922068723564,0.0860313396686605,0.07518196036127112
레딧 긍정,AMZN,2024-12-09,226.08999633789062,0.03025342318847346,0.02676399840657262,-0.004555702578532217,0.011965416617371938,-0.01751511132389927,0.007605618029471017
레딧 긍정,AMZN,2025-04-07,175.25999450683594,0.0391418511090047,-0.02973476949066889,-0.011868092526806318,-0.05721087950445647,0.05563163474605548,-0.05226317151772597
레딧 긍정,AMZN,2025-05-13,211.3699951171875,-0.03453653764301545,-0.04477774215435815,-0.03146139021670269,-0.032977908471345296,0.00865781271386279,-0.016084805089318976
레딧 긍정,AMZN,2025-08-01,214.75,0.03697323604845759,0.012106700146173432,0.07580907464166176,0.04087368127844493,0.06635622817229336,0.02883126807899128
레딧 긍정,AMZN,2025-09-26,219.77999877929688,-0.0012285206750414224,-0.012394720799930092,-0.015515532264306242,-0.002218884088697748,0.020156556370804823,-0.003157928693141354
레딧 긍정,AMZN,2025-10-27,226.97000122070312,0.11909062269869408,0.12186332044836334,0.0944177316849153,0.09996321625546556,-0.0030400600858934146,0.021053702684691533
레딧 긍정,AMZN,2026-02-06,210.32000732421875,-0.0548212896375182,-0.0419777647180255,-0.024011044484098854,-0.012094244323464176,0.015072261594488268,0.032954708777098274
레딧 긍정,AMZN,2026-07-31,271.5799865722656,0.010678343609427987,-0.024434007219946707,-0.03288163015430834,-0.07211699742084388,-0.018963083257661162,-0.04884132832643118
레딧 긍정,ANET,2019-05-06,17.08187484741211,-0.1076067612777476,-0.06676248263044271,-0.10376495870507474,-0.07347332939244244,-0.06805455713612885,-0.02608335217227531
레딧 긍정,ANET,2024-02-13,66.37750244140625,-0.04150504262415067,-0.04784005915563838,0.028850150202891056,0.004198224352059521,0.057248243495116036,0.012943708347429528
레딧 긍정,APP,2023-02-09,16.110000610351562,-0.031657368687753706,-0.0345805612302168,-0.11793919926879048,-0.0916305413518107,-0.23587833933992242,-0.1838505497447157
레딧 긍정,APP,2024-11-08,290.010009765625,0.0037239630905789856,0.024520035225911507,0.14930514925316585,0.15378531887292435,0.1811316748058096,0.17028229549842022
레딧 긍정,APP,2024-12-09,342.5400085449219,0.004145451260389121,0.0006560264784882808,0.006656153215450988,0.023177272411355143,-0.03894434520089407,-0.013823615847523785
레딧 긍정,APP,2025-02-14,510.1300048828125,-0.19540115602233554,-0.17491568778499222,-0.33871759530125134,-0.29618849548719983,-0.39848665405594896,-0.3286982549398926
레딧 긍정,APP,2025-08-08,455.9800109863281,-0.037940299780083064,-0.0477648545959628,-0.031361064007201955,-0.044120417684757385,0.19970166421121016,0.18141793818720364
레딧 긍정,APP,2025-09-08,547.0399780273438,0.08427178720526607,0.06565372741070075,0.17633084572812474,0.148573175319465,0.0730477178592217,0.037938417022783444
레딧 긍정,AVGO,2019-06-14,26.593000411987305,0.03030871821052794,0.013922110748903371,0.08246526725580994,0.06953575709847648,0.08427026612580302,0.044548251860212496
레딧 긍정,AVGO,2022-06-10,54.12699890136719,-0.07874068966333803,-0.017324570650729676,-0.0656973382606948,-0.0625932041073588,-0.11066561947550047,-0.08765381469969502
레딧 긍정,AVGO,2023-06-15,88.34300231933594,-0.06936605979604626,-0.048150482482562595,-0.018111294177347914,-0.019647653568229173,0.03047215141095827,0.01185491209612688
레딧 긍정,AVGO,2023-12-13,108.96900177001953,0.018987053295278278,0.023747925206808573,0.030026847004978263,0.016870625025368735,0.016509245220732494,0.003374297982090102
레딧 긍정,AVGO,2024-03-08,130.8719940185547,-0.055947729853942474,-0.05225427514447467,0.03419376419741238,0.01564842547835754,0.020921256777127528,0.007241960549261739
레딧 긍정,AVGO,2024-06-14,173.50399780273438,-0.08232089716446345,-0.08224713051805266,-0.05431572811592689,-0.05903218307081903,-0.023768863957882136,-0.06444824577539343
레딧 긍정,AVGO,2024-09-13,167.69000244140625,0.020335163769234832,0.00923217605380744,0.02981692365200539,0.01298455274557786,0.08223503539485777,0.05097223398755557
레딧 긍정,AVGO,2024-12-13,224.8000030517578,-0.01783812149104702,0.0037768750890407876,0.0479537305736375,0.07441812323188257,0.014234861676160282,0.03315211273145391
레딧 긍정,AVGO,2025-01-31,221.27000427246094,0.016269674041736515,0.01801436145689428,0.053192881034064055,0.040099257048633374,-0.1532065282266215,-0.1232141923565967
레딧 긍정,AVGO,2025-06-06,246.92999267578125,0.00716804084137701,0.010739851430080938,0.02770020572454568,0.026014439891967056,0.10071678554594121,0.0653327155644512
레딧 긍정,AVGO,2025-09-08,345.6499938964844,0.05334877120503778,0.03473071141047246,-0.01984662367335943,-0.04760429408201916,-0.02939390667298003,-0.06450320750941829
레딧 긍정,AVGO,2026-06-04,418.9100036621094,-0.07958749145743127,-0.05405549869016435,-0.018046829850097312,-0.004376016269205141,-0.10744553572879068,-0.09977141857957228
레딧 긍정,AVGO,2026-09-03,357.1600036621094,0.013523313144645943,0.025008504084662486,0.001259888242914231,0.016107826888359544,-0.005655697706798302,-0.001090119192702077
레딧 긍정,AXON,2024-07-17,317.7799987792969,-0.014695743739925438,0.013512001984550603,-0.05591915501898348,-0.044912574676503225,0.16612124346310853,0.18980422975173294
레딧 긍정,AXP,2020-07-23,96.66999816894531,-0.020895796848326764,-0.023992155612440502,-0.007758353307189103,-0.04296393733622195,0.0005172551226331201,-0.046918983821996774
레딧 긍정,BA,2019-03-12,375.4100036621094,-0.0052742627181300294,-0.015686097716832825,-0.013398680723021306,-0.01923074963341631,-0.016968101688949244,-0.04494766302372566
레딧 긍정,BA,2020-01-27,316.6000061035156,-0.001895155059850051,-0.0038116778332271117,0.08866079211331712,0.05410130934428703,-0.03935562607350107,-0.00581619453249449
레딧 긍정,BA,2020-06-29,194.49000549316406,-0.08026119681970101,-0.11087279632634395,-0.07470820283260049,-0.12220220000296367,-0.12160012590520852,-0.1764842566338326
레딧 긍정,BA,2020-08-31,171.82000732421875,-0.06250730436123209,-0.01641642171818669,-0.04848097704556753,-0.022315152434932872,-0.04784076865502773,0.0006548442956572087
레딧 긍정,BA,2020-11-27,216.5,0.07487301022571446,0.05787960288499816,0.06387991607877463,0.056648155779249754,-0.001893781349235013,-0.02526661849872691
레딧 긍정,BA,2023-12-12,248.6300048828125,0.05984798532190805,0.036706442350284973,0.05417689319940289,0.027436958920364463,-0.10445240200571781,-0.13084757511258416
레딧 긍정,BA,2024-05-07,176.7100067138672,0.02291883673303552,0.011007220980928434,0.04566799705065261,0.01817066499292741,0.0743591131821133,0.040461198178115776
레딧 긍정,BA,2024-09-30,152.0399932861328,0.025453897309067663,0.03584155394461963,-0.020060430989554234,-0.03846533439665545,-0.008879182480532877,-0.02120142035679551
레딧 긍정,BAC,2019-01-17,28.989999771118164,0.02035185088810132,0.009627758190142277,-0.02104175975052225,-0.04804208806749555,0.00413938738119457,-0.050659837331174185
레딧 긍정,BAC,2019-04-16,29.8799991607666,0.00468545183832858,-0.0024485683508539413,0.012717572917946729,0.007031076241424072,-0.05321279417326674,-0.0356362638481067
레딧 긍정,BAC,2020-01-15,34.66999816894531,-0.015863838076380254,-0.02661979880960552,-0.03432358493098775,-0.03276957730786989,0.006922460084862969,-0.02010455186310489
레딧 긍정,BAC,2020-03-11,22.670000076293945,-0.08292894373355209,0.04230792456389265,-0.06925450769918484,0.03123387813485634,0.03440673506927583,0.03560948543333775
레딧 긍정,BAC,2020-08-06,25.469999313354492,0.034550494379237406,0.027072852228046118,-0.014526852840972326,-0.026341563951779223,0.007459777745576712,-0.02562139510872008
레딧 긍정,BAC,2020-10-15,24.149999618530273,0.029813715613919545,0.03813030453028643,-0.025258745864943144,0.025158488706774507,0.10517602300823237,0.08874439292167668
레딧 긍정,BAC,2022-01-19,46.439998626708984,-0.01162784489230173,0.029036228416359,0.009689939195662411,-0.0027063111718319544,0.026701156656659286,0.03810125382651952
레딧 긍정,BAC,2023-07-17,29.399999618530273,0.11054428399720861,0.10309149388001937,0.08843538827228392,0.07301969254101515,0.05204084035705825,0.058096228096619074
레딧 긍정,BBY,2019-08-28,69.0,-0.046956490779268556,-0.07786788343037321,-0.016521730284760006,-0.059444618815796435,-0.029565230659816533,-0.05763814748053775
레딧 긍정,BBY,2020-03-20,51.650001525878906,0.2094869191708142,0.10188204684212754,0.035430744671721026,-0.04931575502680463,0.3512100455710443,0.12048455351678511
레딧 긍정,BBY,2020-08-21,114.0,-0.024298216167249143,-0.056995209294142146,-0.06745616176672153,-0.07655830692370125,-0.07043858578330597,-0.033588081009023996
레딧 긍정,BBY,2020-12-08,102.98999786376953,0.0,0.0015668937753030576,0.01106903013199756,0.018984374668492232,0.04582970500636896,0.021705674555899668
레딧 긍정,BBY,2022-08-09,76.33999633789062,0.11278492302046494,0.06817569527950829,0.032748233166460805,0.030317213389720266,-0.04060778913847607,-0.007618832962785871
레딧 긍정,BIIB,2019-10-23,278.82000732421875,0.07556849139494504,0.061362776788231876,0.036510983460178004,0.012434682596022206,0.023599406066345363,-0.012715066234383565
레딧 긍정,BIIB,2019-12-06,300.260009765625,-0.011423509897427797,-0.019204537766150054,0.002630979822988655,-0.015979926138246725,-0.0338706890593683,-0.05883342285753579
레딧 긍정,BIIB,2020-02-06,337.239990234375,-0.008866060731104297,-0.018088129330867564,-0.001571577495683485,-7.448191046155461e-05,-0.05719955695034151,0.05214836307456383
레딧 긍정,BKNG,2020-03-20,47.097198486328125,0.06600823181261228,-0.04159664051607437,0.04522564264058193,-0.039520857057943726,0.19890779773741785,-0.03181769431684134
레딧 긍정,BMY,2019-12-23,63.209999084472656,0.015503929301184494,0.0135115747515695,0.010283207329432997,0.00022775943063035875,0.057902289433958254,0.025214412091022487
레딧 긍정,BMY,2020-03-10,57.93000030517578,-0.06628690026512574,0.0572135806919678,-0.1500086066102191,0.006950055839162972,-0.017780058240477015,0.06297026233586311
레딧 긍정,BMY,2022-04-18,76.75,-0.009120481410321624,0.012479151963451396,-0.02175893379733307,0.03187485429067316,0.002084738268526065,0.08857469140968632
레딧 긍정,BMY,2024-11-12,59.02000045776367,-0.013385308529312745,-0.0023281191321895545,-0.004744133804222006,-0.01102659292068986,-0.04015586095396262,-0.057847261735793354
레딧 긍정,BRO,2020-02-24,47.310001373291016,-0.0395265840689184,0.0018170563215422764,-0.10822241805033095,0.04124101608666719,-0.3307968943478864,-0.022286217786591234
레딧 긍정,CARR,2023-03-06,48.380001068115234,-0.07503102496844671,-0.027783971264918605,-0.070070262811189,-0.043541692202875404,-0.05560153745385288,-0.07162253027599352
레딧 긍정,CCL,2020-03-09,21.739999771118164,-0.3298068147093254,-0.2044375863044644,-0.44802207330553256,-0.2610257126459309,-0.5303587789494334,-0.49619028804989884
레딧 긍정,CCL,2020-04-07,11.300000190734863,0.09557521287402926,0.04793818707457298,0.030088508570704775,-0.022602627714974677,0.13451322817991085,0.06239768197593243
레딧 긍정,CCL,2020-05-07,13.529999732971191,-0.09312633407797,-0.08370617444200834,0.07908356759912238,0.05405571585294355,0.5898004917519857,0.47974763973529866
레딧 긍정,CCL,2020-06-08,24.90999984741211,-0.21959049967327748,-0.1696213666160753,-0.3083099298362161,-0.2693866111025973,-0.41509434829089775,-0.3859482682415559
레딧 긍정,CCL,2020-09-08,18.290000915527344,-0.12903228497643393,-0.14992007991398337,-0.21213782798782133,-0.20340458547788987,-0.16949158993820979,-0.17465350364071364
레딧 긍정,CCL,2020-10-19,14.149999618530273,-0.008480557511954645,-0.0008199772880513878,-0.042402787559773114,-0.007871641624345727,0.24169612498188697,0.18158093252689644
레딧 긍정,CCL,2020-11-30,19.979999542236328,0.16116122594979387,0.14174455792045948,0.04754758682207272,0.04036643971648868,0.07257261242044843,0.04661008145908996
레딧 긍정,CCL,2022-03-25,18.389999389648438,0.09026644385570282,0.08975834563155893,-0.002718827554104797,0.00859132970489096,0.02664490415339449,0.08005892378134283
레딧 긍정,CCL,2022-05-13,14.279999732971191,-0.08053218767749915,-0.05043660791758464,-0.021708646480337324,-0.05541373585546916,-0.30602240667198044,-0.23950841399173228
레딧 긍정,CCL,2022-06-14,9.520000457763672,0.01050414107006259,0.009113231026353308,-0.06827736774681636,-0.08558285175249358,-0.08508407359961145,-0.09588999169329404
레딧 긍정,CCL,2022-08-10,10.34000015258789,0.021276621255537087,0.005419091750148652,-0.028046417560298242,-0.012998495101208762,-0.025145089462765946,0.02154646463979537
레딧 긍정,CCL,2022-09-23,8.949999809265137,-0.21452509948315113,-0.185254766084738,-0.24469269576030483,-0.2306690417558961,-0.08379888446741546,-0.10102947592700573
레딧 긍정,CCL,2023-06-09,13.09000015258789,0.20702826635270943,0.18479054201141598,0.11535524914285888,0.11177300079025088,0.4438502214068918,0.4146341299044154
레딧 긍정,CCL,2024-03-27,17.190000534057617,-0.12390925237150885,-0.10460391010061643,-0.1291448631796399,-0.11926283041966013,-0.11692845645347894,-0.07931163339663916
레딧 긍정,CCL,2024-05-31,15.079999923706055,0.10742711189850374,0.09483630333920745,0.017241394575414404,-0.011979141902515478,0.17440312825414495,0.14032831947726687
레딧 긍정,CCL,2024-08-05,14.399999618530273,0.01388894223872672,-0.016823521518036788,0.08333338852282068,0.0017106352849656226,0.13472226287847788,0.06765354766036502
레딧 긍정,CCL,2024-10-10,20.389999389648438,0.05002454577225257,0.039228422240394245,0.025502720614482444,0.02010465884855317,0.16135365443893068,0.1275418753202362
레딧 긍정,CEG,2025-01-13,279.239990234375,0.15900310115609217,0.1217476055356026,-0.001575714284465235,-0.0413596876930884,0.12297664209581138,0.0818338940136647
레딧 긍정,CHD,2022-06-27,91.88999938964844,0.03351835729146435,0.05058005456955772,0.030471248997235634,0.05044090812062041,0.025356424491577156,0.019437542553744303
레딧 긍정,CHTR,2026-05-20,144.61000061035156,0.018325108120459177,0.0003150230129549403,-0.10759973371772413,-0.1289690785480362,-0.12710045761594635,-0.13450685253584516
레딧 긍정,CI,2019-09-03,154.99000549316406,0.06452028934498655,0.03910233895405413,0.04200267292153281,0.006988490025148675,-0.029421334639438634,-0.038020082950548706
레딧 긍정,CLX,2020-02-28,159.4199981689453,0.08681468132513515,0.08276424707853391,0.05237740684620196,0.14331105146033274,0.08637563938413906,0.230978387593629
레딧 긍정,CLX,2020-10-05,209.11000061035156,0.030175493951394516,-0.007115483638629572,0.016211560325922747,0.009589238877462325,0.03309262181984218,0.061230122655177355
레딧 긍정,CLX,2023-02-03,154.77000427246094,-0.027524776429711628,-0.017072496825496497,-0.0073657644128609645,0.004978109147341758,-0.017703724349199423,0.0014062665958093357
레딧 긍정,CMG,2022-04-28,30.016399383544922,-0.08725895865589628,-0.05453415072738932,-0.1463866149828833,-0.06347597375635361,-0.10654842990872981,-0.053954988595057984
레딧 긍정,CMG,2024-03-21,58.09960174560547,0.0006161336405947626,-0.0010498853116271967,0.0001514070945451973,0.007370900474708786,-0.012347819783799063,0.039433122217024996
레딧 긍정,CMG,2024-06-20,64.28839874267578,-0.02921831826582355,-0.028066572593405836,-0.023929647848804914,-0.03789676786422991,-0.16719031796344086,-0.17082832570452866
레딧 긍정,CMG,2024-07-25,50.81999969482422,0.05194804024993549,0.04340429691207026,0.06887052382954773,0.08328323740754395,0.051751300352390395,0.018672422829791424
레딧 긍정,COIN,2022-05-02,121.33999633789062,-0.3117685457671886,-0.27241804121624236,-0.49151143378045004,-0.4567931982395034,-0.3563540396306,-0.3526143699976584
레딧 긍정,COIN,2022-08-09,87.68000030517578,0.030907836166062186,-0.013701391574894473,-0.18818430591435564,-0.19061532569109618,-0.22160128008152868,-0.18861232390583849
레딧 긍정,COIN,2022-11-22,43.38999938964844,0.05392948111324802,0.03447462015290803,-0.04908967730069591,-0.03223548791023623,-0.18990546161969635,-0.15572195794678867
레딧 긍정,COIN,2023-01-17,54.13999938964844,-0.01071292986509187,-0.016822046340633445,0.08016254528103484,0.05826541323682499,0.09032137873616986,0.05293790073261806
레딧 긍정,COIN,2023-07-13,107.0,-0.053644839848313364,-0.059472749652156764,-0.13373829494012845,-0.14025576244545146,-0.22065421131169682,-0.21253517510672704
레딧 긍정,COIN,2023-10-31,77.12000274658203,0.1549532744119595,0.1101661392564548,0.19411298052595138,0.12110963789528961,0.6574169494630784,0.5703534102910461
레딧 긍정,COIN,2024-02-09,141.99000549316406,0.26987809411187436,0.27325000632305796,0.3658708003271629,0.35631378135134306,0.7900555555734663,0.7699438510108936
레딧 긍정,COIN,2024-03-11,254.1699981689453,-0.05724516330242291,-0.06033542025759009,0.10048390238865457,0.0838784791915348,-0.0441436884822467,-0.059868943849399225
레딧 긍정,COIN,2024-05-01,210.08999633789062,0.00528345294730892,-0.02837297981469389,0.04674190820787638,-0.01207696425011795,0.11742585843672537,0.07293704265475531
레딧 긍정,COIN,2024-10-15,196.33999633789062,0.07324032367844846,0.0671345976298352,0.1187735955952971,0.11534127620894585,0.6253947786247629,0.5958663467159411
레딧 긍정,COIN,2024-11-12,319.1300048828125,0.017046352139166165,0.028103541536289356,-0.0809701248473308,-0.08725258396379865,-0.016670345134649156,-0.03436174591647989
레딧 긍정,COIN,2025-01-07,264.3299865722656,0.040101413543626396,0.0330511028567142,0.11985028109816187,0.08397036512039557,0.0228502585849093,-0.0072025798614216985
레딧 긍정,COIN,2025-02-14,274.30999755859375,-0.17221388449133845,-0.15172841625399514,-0.24993619688961233,-0.20740709707556082,-0.31114429515641495,-0.24135589604035856
레딧 긍정,COIN,2025-05-14,263.4100036621094,-0.016779975575279105,-0.008730074644830332,-0.055313037172682766,-0.059499563194345684,-0.08488667969890007,-0.11238880261785522
레딧 긍정,COIN,2025-06-25,355.3699951171875,-0.002588803001932871,-0.024544952028569322,0.09452119424661598,0.06372001431937324,0.11630136943951808,0.07133499044931657
레딧 긍정,COIN,2025-09-19,342.4599914550781,-0.08722185324560949,-0.08438924084808841,0.10967703818190588,0.10137507997144524,-0.01880512352419128,-0.019844753520749103
레딧 긍정,COST,2019-10-04,291.6700134277344,0.020331170167585677,0.013774375074119494,0.03836517779912474,0.026066910287234624,0.015154053233694453,-0.024900332023479965
레딧 긍정,COST,2020-03-06,311.3399963378906,-0.029132162365593572,0.06546874175333572,-0.06719336788149843,0.16362755047951494,-0.07287853378395137,0.09275714976683147
레딧 긍정,COST,2024-03-04,759.1799926757812,-0.05940616984251601,-0.057415170353981804,-0.036407722694348665,-0.0375008274609645,-0.06306805414359795,-0.07583408814386217
레딧 긍정,CRM,2019-08-22,148.24000549316406,0.05187524890486994,0.05112274777022052,0.019090675432990256,-0.00037164063794548063,0.04695083106563347,0.02670177605006563
레딧 긍정,CRM,2020-05-14,167.0,0.049461044951113475,0.014685441836193691,0.04664666638402881,-0.021255239152089267,0.048562877906296764,-0.01895296639997479
레딧 긍정,CRM,2020-08-27,276.32000732421875,-0.040930794943571436,-0.03249060306471874,-0.12022293116735694,-0.07925606192335233,-0.12152577063177972,-0.06525735751348727
레딧 긍정,CRM,2020-11-27,247.6300048828125,-0.08791343473406343,-0.10490684207477974,-0.10180513757126275,-0.10903689787078763,-0.0928401447314261,-0.116212981880918
레딧 긍정,CRM,2020-12-28,224.63999938964844,-0.013888867190458454,-0.011631762036467208,-0.04059826897243024,-0.05833203404702836,0.0006232166578918896,-0.005395511755352356
레딧 긍정,CRM,2022-03-04,203.00999450683594,-0.02517117752140763,0.0028270771643931214,0.07777946392875834,0.04920280381302211,0.045515027551281007,-0.0024984841577393446
레딧 긍정,CRM,2023-03-03,186.42999267578125,-0.07107225511209969,-0.025846003426305386,-0.008474959150019168,0.026657063218816557,0.07160868222921879,0.058743415459576065
레딧 긍정,CRM,2023-06-20,216.97000122070312,-0.03756276835798211,-0.0352525545673984,-0.01451810793548447,-0.028128090795436322,0.08019539013960286,0.03897662479547637
레딧 긍정,CRM,2024-05-30,218.00999450683594,0.11352690529618781,0.09046958122905835,0.0505481608647782,0.012584808821050508,0.1793037593762885,0.13795363986598996
레딧 긍정,CRM,2025-12-04,247.4600067138672,0.060171336723777946,0.05318706144300234,0.04198658008468481,0.05355899314711232,0.035561314204331396,0.030695731739049492
레딧 긍정,CRM,2026-06-02,200.83999633789062,-0.12691690250527077,-0.0972685234038071,-0.1948316587209633,-0.18266689425517657,-0.1872634997815723,-0.16908216372902984
레딧 긍정,CRM,2026-08-31,257.5400085449219,-0.03269400150798585,-0.03127301742916633,-0.007338722473125281,0.005254945864352822,-0.12514564695568975,-0.1214301451874964
레딧 긍정,CRWD,2019-06-13,16.889999389648438,0.10790410270818662,0.08621752535305682,-0.06335107954355534,-0.06998141836793825,0.08792188656097233,0.04969408133432829
레딧 긍정,CRWD,2020-06-02,23.0625,0.017886195402481375,-0.023369395764181178,0.09528456276994413,0.07944450468273101,0.08715448146913118,0.08624563054891343
레딧 긍정,CRWD,2020-09-02,35.51750183105469,-0.08953333261731122,-0.02296918180365992,-0.09495322585842092,-0.033840519335815666,0.005630940745593671,0.06338884669207623
레딧 긍정,CRWD,2020-10-13,38.20000076293945,-0.06649216923554568,-0.04721361582433714,-0.12643983598399866,-0.09242388906138166,-0.19175394284405245,-0.20292123387190375
레딧 긍정,CRWD,2020-12-01,36.875,0.2032542083222988,0.191915963038904,0.1859660520391948,0.17621246635706034,0.42569486973649373,0.40938428179076225
레딧 긍정,CRWD,2024-03-06,82.39250183105469,0.00788908591720805,-0.004312916443017567,-0.008192530105978646,-0.02924202587596403,-0.061838166185927856,-0.06835117712112904
레딧 긍정,CRWD,2024-06-05,85.54499816894531,0.13206500499350993,0.11955260920687305,0.11678070848086874,0.09371972229508607,0.13881583089811644,0.10146562913517787
레딧 긍정,CRWD,2024-08-01,56.05500030517578,0.07269647204984842,0.09545845641344664,0.16176072079301607,0.1432343633084905,0.2116225668927969,0.1833726901972761
레딧 긍정,CRWD,2024-08-29,67.9175033569336,-0.09305412003010982,-0.06083420237810999,-0.04615897200688868,-0.0527140617171491,0.05223238201665836,0.028734583698642346
레딧 긍정,CSCO,2020-05-11,43.31999969482422,0.040166244014879116,0.0316192354678706,0.03508773011245614,0.012592049523513893,0.10918743249209806,0.012469454560741111
레딧 긍정,CSCO,2025-02-14,64.87000274658203,-0.025127192833379608,-0.00464172459603629,-0.021427518814448376,0.02110158099960313,-0.06135352533406968,0.008434873781986707
레딧 긍정,CSCO,2026-05-15,118.20999908447266,0.018610985489176723,0.009857881483507525,0.026393729555420187,0.00018866770898706697,0.01658065391804997,-0.004605317565847367
레딧 긍정,CVNA,2022-08-08,9.291999816894531,0.09771846860346445,0.05929139895903757,-0.22600085514577706,-0.2268725853999083,-0.3222126578817509,-0.2683857347252494
레딧 긍정,CVNA,2022-11-07,1.4780000448226929,0.31799722269786734,0.27807096286690225,-0.04600817059477935,-0.08453951329909859,-0.09201626053374945,-0.12854731440741352
레딧 긍정,CVNA,2022-12-09,1.0099999904632568,-0.0039603450884709845,0.02149228356463906,-0.19801979204706432,-0.1716518222815665,-0.12475246367834547,-0.1178870949450973
레딧 긍정,CVNA,2023-01-12,1.6059999465942383,-0.1917808086992202,-0.18906016532076064,-0.032378535676387266,-0.054345488035337786,0.34993776770131824,0.3220255918439243
레딧 긍정,CVNA,2023-02-13,2.2039999961853027,-0.08711429791028924,-0.053831855545919405,-0.14519058666331464,-0.10505305463900261,-0.380217759241803,-0.3291071900674779
레딧 긍정,CVNA,2023-03-23,1.6699999570846558,0.05748507653129509,0.030702772643228293,0.07904197130767954,0.03829626724442603,-0.025149662983908527,-0.07355111306752393
레딧 긍정,CVNA,2023-05-05,1.7920000553131104,0.17187491060966642,0.17439534909599808,0.19866067835139423,0.1841440650089492,0.6741070911829965,0.6390393524110363
레딧 긍정,CVNA,2023-06-09,3.813999891281128,0.32773997746463035,0.3055022531233369,0.0964867014751134,0.09290445312250539,0.8652333629741686,0.8360172714716922
레딧 긍정,CVNA,2023-07-11,7.113999843597412,0.11892046853374039,0.09240957215245915,0.24008992744152335,0.2107539168710717,0.23727863920297287,0.22306264529076292
레딧 긍정,CVNA,2023-08-10,7.892000198364258,-0.0562595328156037,-0.03468568374699854,-0.04308161987354753,-0.022853347487654108,0.19006588473108477,0.19094053352845297
레딧 긍정,CVNA,2023-12-20,11.09000015258789,-0.009738485135236008,-0.02774128806517373,-0.15473404268126778,-0.15400795817522417,-0.1280432873540207,-0.16048253504679133
레딧 긍정,CVNA,2024-02-26,13.97599983215332,0.1668575243580679,0.15438692675657983,0.11763022847378402,0.10717545931427641,0.26516881932579817,0.23793502110284903
레딧 긍정,CVNA,2024-05-03,24.333999633789062,-0.038382511272905595,-0.05706079199606162,-0.034273019081951905,-0.069791029132238,-0.18665241576595248,-0.21894324674665666
레딧 긍정,CVNA,2024-11-01,45.816001892089844,0.0666578687286592,0.019112993660800992,0.05203419705771428,0.026274140776765265,0.11288625931381069,0.05581490159897795
레딧 긍정,CVNA,2025-01-06,37.77000045776367,0.03357155748825469,0.055692598932414406,0.23934341556697447,0.2207327978525493,0.35546726304008835,0.3405855350611233
레딧 긍정,CVNA,2025-07-23,68.5999984741211,-0.02743434688989277,-0.027828538074734732,0.03466469978053821,0.036919461809263976,-0.012798810081344203,-0.018948134822028284
레딧 긍정,CVNA,2025-12-08,89.59600067138672,-0.00013394613049388937,0.004108150315462411,-0.03212195109697458,-0.033877304429128285,0.0062502517344236175,-0.0024533045233963158
레딧 긍정,CVNA,2026-02-19,66.55799865722656,0.0634333995499714,0.05639154666638824,-0.004897929707962878,-0.000266701621517762,-0.11601911532584663,-0.07996255650745765
레딧 긍정,CVS,2019-04-30,54.380001068115234,0.017837392183771117,0.03855025717747551,-0.02592864692381991,0.010191329656050185,-0.034203761931188015,0.01936402457487718
레딧 긍정,CVS,2020-02-13,72.0,-0.006805525885687946,0.0038156887295032194,-0.178055551317003,-0.057008888739145,-0.17166667514377165,0.02930641785163557
레딧 긍정,CVS,2020-05-06,60.40999984741211,0.012249655360634826,0.02157241313190794,0.046515500420273526,0.0019069070138311162,0.10130771308298447,0.0059339739394048685
레딧 긍정,CVS,2020-07-31,62.939998626708984,0.0320940658061355,0.007440082646134272,0.0433746361900591,0.011768585499586148,0.004289807175958504,-0.06939633262599498
레딧 긍정,CVS,2020-12-04,74.5,-0.039194606294567946,-0.029596071072283014,-0.06644291205694208,-0.06463133055990988,-0.054228200208420674,-0.058229769613115545
레딧 긍정,CVS,2024-11-12,54.029998779296875,0.03220436272031768,0.04326155211744087,0.09217100971219261,0.08588855059572476,-0.04201370551637851,-0.05970510629820924
레딧 긍정,CVX,2022-11-14,186.5500030517578,-0.028464205155335764,-0.027122843579494238,-0.029589944691287062,-0.02986838129409164,-0.06979364277388178,-0.08713016380082694
레딧 긍정,DAL,2019-01-16,47.5,0.00042106226870886054,-0.00942634633905337,0.04063158537212175,0.0063378413584394,0.06273683246813322,0.011391927370453692
레딧 긍정,DAL,2020-03-09,43.52000045776367,-0.17715990357020428,-0.0517906751653433,-0.4894301682069354,-0.30243380754733373,-0.4871323653480688,-0.45296387444853425
레딧 긍정,DAL,2020-04-06,22.31999969482422,0.099462421642323,0.027990609211945516,0.03494626780063892,0.0040619377932140655,-0.027329776823115992,-0.10786295763384257
레딧 긍정,DAL,2020-06-04,32.380001068115234,-0.1599752975387192,-0.12544934524635265,-0.04910438851571175,-0.05045335256855921,-0.14391604697473193,-0.1467103226546439
레딧 긍정,DAL,2020-08-24,29.799999237060547,0.03523493863393634,0.01660090188878738,0.09194636740323192,0.12026207250191523,0.014093962652576675,0.050895622341724955
레딧 긍정,DAL,2022-10-31,33.93000030517578,-0.01679928351598836,-0.0005905385675164521,0.022399007211835187,-0.0006713531083113455,0.020041270234590902,-0.003313950321113257
레딧 긍정,DAL,2023-06-30,47.540000915527344,0.01935208563794588,0.027518470602654888,-0.015565874299869886,-0.03262055210940895,-0.026924749039625495,-0.05965803230433997
레딧 긍정,DAL,2025-07-11,56.650001525878906,-0.006354820841215858,-0.012704876971010304,-0.031597543994939414,-0.0532132403714114,-0.05313331077061734,-0.07487731780176721
레딧 긍정,DASH,2020-12-10,186.0,-0.1709139423985635,-0.18593856291769595,-0.14806448003297212,-0.15425428982674017,-0.10215053763440862,-0.13476306209869093
레딧 긍정,DASH,2023-02-17,61.810001373291016,-0.12328106418510365,-0.09988078291324165,-0.09480667335632442,-0.0879559920273928,-0.04028476982921991,-0.007087256675324283
레딧 긍정,DDOG,2020-05-18,67.41000366210938,0.053256136224014705,0.03942567326718205,0.05043752724783612,0.0060985897147323165,0.21628828674660716,0.15540695978024055
레딧 긍정,DDOG,2023-11-08,99.98999786376953,0.09450949874518244,0.06608184253985083,0.12141213770389792,0.08077179690647807,0.15011503607271504,0.10213330711598978
레딧 긍정,DECK,2025-07-25,116.8499984741211,-0.11553273578338863,-0.09139208993158554,-0.1298245474286851,-0.12995014324238785,-0.06632434832009348,-0.07921090033275924
레딧 긍정,DELL,2020-05-20,22.63558006286621,0.020600101301337048,0.0002585773936563118,0.1016570124801528,0.053059723450016305,0.06180030390401137,0.011788494825059948
레딧 긍정,DELL,2023-06-02,47.27000045776367,0.0071927258154289575,0.002565738512615212,0.050772111020520594,0.023804505708242774,0.15527819085058558,0.11819183214054219
레딧 긍정,DELL,2023-12-01,71.93000030517578,-0.04490481500388899,-0.04730082042512962,-0.004309711626282908,-0.026592395862282237,0.03976088694866542,0.010246646885872623
레딧 긍정,DELL,2024-03-04,121.77999877929688,-0.048612237052770735,-0.04662123756423653,-0.12440467792527576,-0.1254977826918916,-0.027426477018970385,-0.0401925110192346
레딧 긍정,DELL,2024-05-28,166.0800018310547,-0.1825626625116602,-0.17988248864423673,-0.20736995461043184,-0.2208465116428383,-0.16763003390505093,-0.19726332183728723
레딧 긍정,DELL,2026-05-29,420.9100036621094,-0.06300631674927148,-0.0379825313689216,-0.06020288450600142,-0.04073114586247162,-0.014967613636487243,0.005495559042792197
레딧 긍정,DG,2022-05-27,228.3800048828125,0.017908732158882668,0.026264945468855938,0.01116554750174914,0.1081168763531547,0.06655572564700529,0.1499011358844965
레딧 긍정,DGX,2020-03-09,109.83999633789062,-0.21349233184699978,-0.0881231034421388,-0.3159140395589398,-0.12891767889933814,-0.28359427289728356,-0.249425781997749
레딧 긍정,DGX,2023-05-31,132.64999389648438,0.016961930671145264,-0.003858893936663499,0.027139135086013955,-0.01912145194261683,0.0640030598100847,0.015516811270871234
레딧 긍정,DIS,2019-04-11,116.5999984741211,0.13593480858954665,0.12965467392295982,0.19999999999999996,0.1819575574712795,0.14957114099690538,0.1499527563288625
레딧 긍정,DIS,2019-05-16,135.5,-0.02044283595912133,-0.0011171587860778764,-0.025535104899388816,0.017669701030249563,0.04538740883014292,0.039965102634788474
레딧 긍정,DIS,2019-08-06,141.8699951171875,-0.03425671937422081,-0.05076123709997182,-0.04750821503030034,-0.055465159582255064,-0.02805382296835568,-0.04973561941249571
레딧 긍정,DIS,2019-11-05,131.4499969482422,0.05424119473825395,0.047824879627236916,0.12879428168595863,0.11283494899545299,0.1280334897054538,0.1136049560331931
레딧 긍정,DIS,2020-01-22,144.00999450683594,-0.055204480601968364,-0.0409592905468269,-0.018332056734597812,-0.022919456476468425,-0.025276019224316104,-0.042207316173506926
레딧 긍정,DIS,2020-04-28,106.20999908447266,-0.04848885764308242,-0.05009873913047058,-0.015535274833837431,-0.018825102311747055,0.14424253673742782,0.08194600816654396
레딧 긍정,DIS,2020-05-27,121.52999877929688,0.005348486237207517,-0.023149500555768254,0.005348486237207517,-0.045618473479850596,-0.07784085558704212,-0.07968580521589563
레딧 긍정,DIS,2020-08-04,117.29000091552734,0.11254160179556494,0.10424011038599601,0.09915591408166091,0.07316058852476548,0.13863076144010766,0.07034012121818711
레딧 긍정,DIS,2020-09-17,130.22000122070312,-0.05936110646959991,-0.022617429503038466,-0.05306407308657579,-0.05663723953523159,-0.021962836611438052,-0.05668176166281336
레딧 긍정,DIS,2020-12-01,149.44000244140625,0.02864024832290135,0.017302003039506575,0.16394539346722903,0.15419180778509456,0.21232598507203604,0.19601539712630456
레딧 긍정,DIS,2022-02-10,152.16000366210938,0.005191859011038691,0.03247755643331807,-0.017284469108273415,0.0084655690285107,-0.13413514176453611,-0.06903677195414415
레딧 긍정,DIS,2022-04-25,119.94999694824219,-0.05377238109497684,-0.02103102509498367,-0.10812833615081352,-0.03732486447815597,-0.1177156771690474,-0.04399512078071732
레딧 긍정,DIS,2022-06-21,93.29000091552734,0.028191630695763248,0.013314443868499337,0.029906751936401577,0.008097509618846033,0.10783575366992348,0.05531227457332899
레딧 긍정,DIS,2022-08-12,121.56999969482422,-0.011762772960150492,-0.00014958779462281857,-0.061692852009765264,-0.010674335892861597,-0.042609198965033124,-0.004842857002249179
레딧 긍정,DIS,2022-10-31,106.54000091552734,-0.05734935759195281,-0.0411406126434809,-0.11507416961589001,-0.13814452993603654,-0.11122581539600918,-0.13458103595171333
레딧 긍정,DIS,2023-02-07,111.62999725341797,-0.03556385997480649,-0.02942212299180047,-0.08913372026386512,-0.04903161328012551,-0.11045412975930735,-0.07126727815401612
레딧 긍정,DIS,2023-05-17,92.7699966430664,-0.03988355160211943,-0.029913138725161437,-0.04505767442526032,-0.060928387436193554,0.0018325515197972209,-0.06408271084809725
레딧 긍정,DIS,2023-07-25,85.62999725341797,0.03970572970844266,0.03742220489870518,0.02919537638896985,0.043884473537977864,0.001868546855558817,0.039831853662686045
레딧 긍정,DIS,2024-02-08,110.54000091552734,0.017278777066181084,0.009873891877604901,-0.025330224611609387,-0.04445447938610503,-0.00199024080768051,-0.028880579745579227
레딧 긍정,DIS,2024-05-08,105.44000244140625,-0.025322512675619357,-0.04966564923285599,-0.022951496038561392,-0.04739128526257963,-0.04011763333640128,-0.07389626521377246
레딧 긍정,DIS,2024-11-15,115.08000183105469,0.004953073390292495,-0.011709341915938865,0.018074398661448443,-0.012450577664309126,-0.02580814366916062,-0.06172786714734024
레딧 긍정,DLTR,2020-05-29,97.87000274658203,-0.050781660173977006,-0.10013756399948459,-0.10319817942243137,-0.10283666566555438,-0.05364258559994117,-0.039611238897518275
레딧 긍정,DLTR,2022-05-27,165.0,-0.021515170010653395,-0.013158956700680124,-0.060545487837357914,0.036405841014047646,-0.06927268288352273,0.014072727353968473
레딧 긍정,DLTR,2023-05-26,142.4499969482422,-0.085714227565161,-0.1025706088685121,-0.05777462901967878,-0.09058258849717005,0.029694600338082022,-0.00875600876742122
레딧 긍정,DLTR,2024-09-05,68.47000122070312,-0.008470889743161125,-0.02571956017596322,0.07901264694411947,0.04013053838213976,0.008909020001114376,-0.02422360578443805
레딧 긍정,DPZ,2020-04-23,369.6400146484375,-0.02085819085357743,-0.06170678252107975,-0.0066821802911470884,-0.03749774040759679,0.015149808906007145,-0.04146485022669122
레딧 긍정,DPZ,2024-10-07,410.0,0.04409752822503821,0.015002741528294727,0.05192685010956555,0.024047284364284716,0.04873173411299536,0.04519173797203413
레딧 긍정,DUK,2024-11-06,113.62999725341797,-0.020417141167839215,-0.030822569975868075,0.0009680596058296853,0.0018816662101510673,0.003344230326478126,-0.02308375373192817
레딧 긍정,DXCM,2020-02-14,70.97750091552734,0.03571548730254426,0.08067991977096878,0.006410507910051599,0.09085958744260114,-0.28745024676016107,0.002093586867696451
레딧 긍정,DXCM,2020-05-04,88.12750244140625,0.19531353345601188,0.16382221757234317,0.17568293370437038,0.1353754527276787,0.06592717820928451,-0.020506431181653184
레딧 긍정,EBAY,2020-07-29,54.529998779296875,0.03906108776448236,0.017561363541567454,0.017605041640573083,-0.02028868224367497,0.0742711010896897,0.005219635341053408
레딧 긍정,ELV,2025-07-24,280.42999267578125,0.009449752043991122,0.013138106577810782,0.010876220055652697,0.014296640232523972,0.10401887882748428,0.10223771664272929
레딧 긍정,EXPE,2020-03-20,48.79999923706055,0.23012294503701236,0.12251807270832571,-0.0018442654507162537,-0.08659076514924191,0.22848364139750177,-0.002241850656757416
레딧 긍정,F,2019-04-26,10.40999984741211,0.0,-0.0021130674123213122,-0.002881818771462208,0.015215715369564342,-0.055715651508894126,-0.019486467942767316
레딧 긍정,F,2020-04-13,5.159999847412109,-0.03488368869407976,-0.05639566938406748,0.001938028910378975,-0.039380929152252,-0.007751930820906638,-0.06884166496504562
레딧 긍정,F,2022-01-06,24.459999084472656,0.02289457866932243,0.030181845507631144,-0.15576449748769583,-0.0917392136932641,-0.2657399935933046,-0.22462363223502524
레딧 긍정,FANG,2020-09-24,29.989999771118164,-0.03000999084358169,-0.07186473132247462,0.03767926231208185,-0.025010069308619487,-0.027342437515252005,-0.09259741541807265
레딧 긍정,FANG,2022-01-25,126.9800033569336,0.02543710246923081,-0.017097505062718454,-0.0205544222818691,-0.05846268102108787,0.020318114139656673,0.049134807993076346
레딧 긍정,FCX,2020-12-09,24.459999084472656,-0.0028618028390955397,-0.01191184309800708,0.016353292757595783,0.014390634426604931,0.2735077998553348,0.23422743070619756
레딧 긍정,FDX,2019-09-19,122.844482421875,-0.04781898201605417,-0.03426781038649673,-0.07044933531542952,-0.035043550740065044,-0.011479198920446576,-0.005500761716893954
레딧 긍정,FDX,2020-09-02,183.65028381347656,-0.015225281776181765,0.05133886903746954,0.07094906364022724,0.1320617701628325,0.11482601143846582,0.17258391738494838
레딧 긍정,FDX,2022-09-19,131.26510620117188,-0.12277471087195835,-0.060388940711309624,-0.07022710602272109,-0.013760748718145477,-0.0363413227876721,0.019584506967670445
레딧 긍정,FDX,2023-12-21,199.3231201171875,0.02267952451381161,0.0171580832526268,0.004972578704171449,0.0009531290586906049,0.014109029889365576,-0.01161547366576765
레딧 긍정,FDX,2024-03-25,227.69540405273438,-0.025763547927034613,-0.02397430914673726,-0.021941469132729763,-0.021075678128783304,-0.03829135372785031,-0.011125443605716545
레딧 긍정,FDX,2024-06-27,238.0902557373047,-0.004975171248624455,-0.020111470103169382,0.012014753372692422,-0.012913400147645415,0.015805317312807654,0.019337708719783242
레딧 긍정,FDX,2024-09-23,208.533447265625,0.057536969371997815,0.050357326810220426,0.00660764230764288,0.00989023604311523,0.03871861949791189,0.014213164775966458
레딧 긍정,FE,2020-07-24,29.479999542236328,-0.016282209962338312,-0.033858824413335764,-0.0013568184803193217,-0.044020749648002844,-0.04647214902164276,-0.10443776177557063
레딧 긍정,FSLR,2020-02-12,56.119998931884766,0.05702068467291732,0.05841361100211917,-0.21151103274773564,-0.09323113803527527,-0.3485388084617491,-0.08385381864708763
레딧 긍정,FSLR,2022-11-21,165.38999938964844,-0.0216458180317205,-0.02326779186374206,-0.0478868020930715,-0.04596072750253832,-0.05320758863433794,-0.01760104025915399
레딧 긍정,FSLR,2024-05-23,249.80999755859375,0.08786682847584104,0.08518606741867352,0.07017332753139782,0.054868004965670014,0.045914900655698476,0.014011395520870717
레딧 긍정,FSLR,2025-06-12,167.8300018310547,-0.13603051648677456,-0.12034526480457997,-0.09348747107326205,-0.11197189864184387,-0.04164932024609358,-0.07653130377999628
레딧 긍정,FTNT,2022-11-03,45.93000030517578,0.18419331653083648,0.12036756506191959,0.1787502510324932,0.11613743774633711,0.16721097875347346,0.07044810726339379
레딧 긍정,GE,2019-08-19,43.21244812011719,-0.07151088411569184,-0.056698901865642304,-0.039215620498938675,-0.033776574178257635,0.07958476622818522,0.050200073415136215
레딧 긍정,GE,2020-02-20,62.451210021972656,-0.17079012485943312,-0.05374011443482085,-0.19553069076751195,-0.09317123238363301,-0.4828411583505434,-0.19662654429396353
레딧 긍정,GE,2020-12-31,53.82865524291992,0.05000000354337031,0.03026103706634342,0.049074120859686765,0.0442062292889962,-0.005555508704324752,-0.011840964125382158
레딧 긍정,GEN,2020-08-11,22.3799991607666,0.021000948986944712,0.0034527907246861833,0.0495978843599536,0.01558343802751927,0.02993744867821513,0.008933779782946072
레딧 긍정,GILD,2020-02-03,66.36000061035156,0.03963226686600896,0.00705174817639298,0.009795080167276371,-0.029110313079386385,0.11829412902230385,0.19197056133922563
레딧 긍정,GILD,2020-03-03,74.20999908447266,-0.02519879759671495,0.014169631630229995,0.004177301743945261,0.16218419198393064,0.00741144129555571,0.14893153061212616
레딧 긍정,GILD,2020-04-17,83.98999786376953,-0.05179186313561679,-0.03898830033844203,-0.048100976524373285,-0.03466947391913644,-0.09203471751573322,-0.09077873143304271
레딧 긍정,GILD,2021-01-04,60.11000061035156,0.03992676238250348,0.013082233878205729,0.11578770610217015,0.08905166357632854,0.08351350178163042,0.04891392220410351
레딧 긍정,GILD,2023-10-23,77.55999755859375,0.002707569508547447,0.014290110573474957,0.04615783836700271,0.00993557870890327,-0.020113429702150687,-0.10050162120064676
레딧 긍정,GIS,2020-03-09,54.13999938964844,-0.014037649244571515,0.11133157916028946,-0.12670854613388105,0.06028781452572063,0.06575547494320233,0.09992396584273688
레딧 긍정,GOOG,2019-04-30,59.42399978637695,-0.012099454057400871,0.008613410936303523,-0.05724960351837516,-0.021129626938505064,-0.06059837671226942,-0.007030590206204224
레딧 긍정,GOOG,2020-02-03,74.2969970703125,0.015303458853412666,-0.017277059836203312,0.022699444335823493,-0.016205948910839263,-0.09727840385383169,-0.023601971536909905
레딧 긍정,GOOG,2020-08-06,75.00499725341797,0.01223256303621545,0.004754920885024161,0.05442976364184715,0.042615052531040254,0.09448711252251152,0.061405939668214726
레딧 긍정,GOOG,2022-10-26,94.81999969482422,-0.08173381169524552,-0.06301752955790296,-0.07825351395092162,-0.057600185963476935,0.04218519313302993,-0.011215217842146519
레딧 긍정,GOOG,2023-01-17,92.16000366210938,0.07649734312306466,0.07038822664752309,0.08365884090825548,0.06176170886404564,0.030273363446923218,-0.007110114556628577
레딧 긍정,GOOG,2023-05-12,117.91999816894531,0.045200151915015585,0.028120050741891722,0.06368726469509278,0.04320573513706938,0.054528497328870884,0.0005670511015796187
레딧 긍정,GOOG,2023-07-26,129.66000366210938,-0.00786676109557305,0.003944186561934404,0.00377903918352418,0.02520559306023673,0.027379322470243217,0.0547772077389983
레딧 긍정,GOOG,2024-02-15,143.94000244140625,0.009378844114415585,-0.0022543827621106516,-0.04071141108071741,-0.062304537929668946,-0.012296819802969372,-0.027874152235626504
레딧 긍정,GOOG,2024-03-19,147.9199981689453,0.0255543457685794,0.01954326307897092,0.05712545330477292,0.04995097343385191,0.06057332899391743,0.08996976019317637
레딧 긍정,GOOG,2024-04-29,167.89999389648438,0.011494985138357006,-0.0012682383976685419,0.01786777908907844,-0.0034041803624977884,0.060274036592376845,0.021553101615053416
레딧 긍정,GOOG,2024-07-11,187.3000030517578,-0.043139357711712845,-0.03627476696578702,-0.09684996846815697,-0.06437798751926904,-0.12525363764881703,-0.07883695248265943
레딧 긍정,GOOG,2024-08-19,168.39999389648438,-0.0027909812217216112,-0.004899579543175769,-0.058135354162487274,-0.04467961095056405,-0.048218500068229586,-0.05440141685532485
레딧 긍정,GOOG,2024-11-08,179.86000061035156,-0.033192489716690976,-0.012396417581358454,-0.07389076637959224,-0.06941059675983374,-0.015345237948793167,-0.02619461725618255
레딧 긍정,GOOG,2024-12-12,193.6300048828125,-0.02029648213327684,0.009869223670471161,0.002117380534945701,0.01753942984684209,-0.01332439067290292,0.023311245523116142
레딧 긍정,GOOG,2025-02-28,172.22000122070312,0.020497031438137858,0.05122847643916251,-0.026710057315704194,0.02608538430783225,-0.09383348941799174,-0.029004616002409223
레딧 긍정,GOOG,2025-09-04,232.66000366210938,0.03490069195124801,0.02179062011608801,0.08454396054042834,0.06430114758245553,0.05918502878419085,0.028220067394719495
레딧 긍정,GOOG,2025-11-18,284.9599914550781,0.13573843470393632,0.11310481142402917,0.12514038718214548,0.08906900652807392,0.04597138719938787,0.028821940115492994
레딧 긍정,GOOG,2025-12-19,308.6099853515625,0.018729236159648277,0.008062096701240584,0.019247602875323455,0.00276195033797344,0.06406150309338954,0.05699410955426076
레딧 긍정,GOOG,2026-05-01,383.2200012207031,0.036088895486174444,0.012540751271619355,0.026355634025737817,0.0006566707721782361,-0.027764768578218635,-0.08034223659965989
레딧 긍정,GOOG,2026-06-18,367.4599914550781,-0.08917974684511465,-0.06540975965796947,-0.006966738197692224,-0.013046550611481744,-0.04378706991794401,-0.03756005189330758
레딧 긍정,GOOGL,2020-02-04,72.27050018310547,0.044727768048587135,0.02588618215838112,0.05497401516092815,0.026772474869952934,-0.044146620598547015,0.005084560119937631
레딧 긍정,GOOGL,2022-02-07,139.2010040283203,-0.02640069356834618,-0.007977359105086013,-0.06743842843498682,-0.027886485370199443,-0.08689954713950743,-0.017566253107977547
레딧 긍정,GOOGL,2022-04-25,123.0739974975586,-0.05274060684168391,-0.01999925084169074,-0.08582638189560776,-0.015022910222950214,-0.09413847580099999,-0.020417919412669905
레딧 긍정,GOOGL,2022-07-27,113.05999755859375,0.04440124164923409,0.010963172188871884,0.058729873810648536,0.011477776050605515,0.005572305823604795,-0.025920823574226315
레딧 긍정,GOOGL,2022-12-01,100.98999786376953,-0.07208633462015945,-0.044740823021861775,-0.10030693601046348,-0.05673582356692075,-0.1263490917590525,-0.06510403331734427
레딧 긍정,GOOGL,2023-02-21,91.79000091552734,-0.01884740537834495,-0.011756306633114555,0.022551472646015203,0.024606165401391822,0.14304387321557233,0.14349488095175433
레딧 긍정,GOOGL,2023-08-02,128.3800048828125,0.009970390486160774,0.019700923521728586,0.002492538193325178,0.025796894980440466,0.058420312468800084,0.056465310862005236
레딧 긍정,GOOGL,2024-02-29,138.4600067138672,-0.02946700587330009,-0.042712973366984985,0.03351147742782623,0.019989933937963666,0.09006200604687065,0.06055873658514188
레딧 긍정,GOOGL,2024-04-29,166.14999389648438,0.011736456687721386,-0.0010267668483041614,0.0179958206620634,-0.003276138789512828,0.06169124511907009,0.022970310141746664
레딧 긍정,GOOGL,2024-10-31,171.11000061035156,0.05633802440104274,0.008909123851722045,0.026123553297636493,-0.017330935132582326,-0.012623479950935712,-0.0722569427235058
레딧 긍정,GOOGL,2024-12-11,195.39999389648438,-0.03582395198900745,-0.0009574720402502068,0.0010236039574147426,0.011098332986188564,-0.022466732480933893,0.02044968404234515
레딧 긍정,GOOGL,2025-03-05,173.02000427246094,-0.03415792114305283,0.007330094743297377,-0.052768492991337235,-0.02544713199506965,-0.09235932604165131,-0.06056160693045365
레딧 긍정,GOOGL,2025-04-25,161.9600067138672,0.012780884043100293,-0.016494131735546924,-0.056865931909588,-0.08174609289058432,0.040195074320644286,-0.011508343421892997
레딧 긍정,GOOGL,2025-07-14,181.55999755859375,0.04703683994138519,0.04069887801995331,0.06069621293591676,0.04128230321902726,0.10707205718667456,0.08929067501453569
레딧 긍정,GOOGL,2025-09-04,232.3000030517578,0.03473952629966881,0.021629454464508813,0.0849332564285119,0.0646904434705391,0.05764097810478752,0.026676016715316164
레딧 긍정,GOOGL,2025-10-27,269.2699890136719,0.05366365654026728,0.05643635428993654,0.07735736598847676,0.08290285055902702,0.18312474308486748,0.20721850585545243
레딧 긍정,GOOGL,2025-11-25,323.44000244140625,-0.011779611457565342,-0.024919955240772063,-0.009986430132164159,-0.028578453227543932,-0.02890800776941449,-0.051662866747121394
레딧 긍정,GOOGL,2026-05-01,385.69000244140625,0.039176502517350054,0.015628358302794965,0.028753652590659096,0.0030546893370995143,-0.024164503267451565,-0.07674197128889282
레딧 긍정,GOOGL,2026-06-25,343.7099914550781,0.04713279395355752,0.032860641320945794,0.039190019363936957,0.011067964676003905,-0.06973902946267985,-0.07604436101624357
레딧 긍정,GPN,2025-08-06,85.54000091552734,0.01075518072362236,-0.008382568242663258,0.0026887505854271687,-0.005734328222243068,0.020341335575712938,-0.005481169977234135
레딧 긍정,HAL,2020-05-27,12.1899995803833,0.07301069515662517,0.0445127083636494,0.19031999412305023,0.13935303440599212,-0.027071364648535767,-0.028916314277389277
레딧 긍정,HAS,2019-04-24,103.18000030517578,-0.010564101221760547,-0.009126831222294185,-0.02296959429707568,-0.006886331010160451,-0.03983330682492148,-0.017248336577548762
레딧 긍정,HBAN,2025-02-13,16.610000610351562,-0.027694218839137807,-0.011637967152420048,-0.00842873521087173,0.017074337117988003,-0.11198076712847238,-0.03502869914243545
레딧 긍정,HD,2020-08-11,274.9200134277344,0.036665161064802776,0.019117002802544247,0.04077546525373199,0.006761018921297657,0.007711316068827356,-0.0132923528264417
레딧 긍정,HD,2022-08-19,321.32000732421875,-0.07226441146340956,-0.03239608222231649,-0.09155985546224932,-0.02073021748309789,-0.12728741741629368,-0.04771659804385664
레딧 긍정,HOOD,2022-01-06,15.579999923706055,-0.017971741613756476,-0.010684474775447761,-0.16688064147636128,-0.10285535768192955,-0.02567391659108076,0.015442444767198582
레딧 긍정,HOOD,2022-04-04,13.829999923706055,-0.17932028603885608,-0.14236762663360947,-0.16413590141807166,-0.13839163792790554,-0.2697035114109235,-0.18121843262305937
레딧 긍정,HOOD,2022-05-13,10.6899995803833,-0.057062645521205324,-0.02696706576129082,-0.02899901572599195,-0.06270410510112379,-0.3236669501520928,-0.25715295747184463
레딧 긍정,HOOD,2022-06-22,7.489999771118164,0.1308411917033132,0.11494872273605106,0.2042724610680593,0.16527575972802144,0.25634180707155263,0.19116914502981341
레딧 긍정,HOOD,2022-10-14,9.890000343322754,0.02527805776759018,-0.021306410634518658,0.16279065730915154,0.0750184242686236,0.0586450863065584,-0.05566300955974901
레딧 긍정,HOOD,2023-03-06,9.720000267028809,-0.07510292961481468,-0.027855875911286576,-0.09465021101024818,-0.06812164040193458,0.004115222299809096,-0.011905770522331549
레딧 긍정,HOOD,2023-06-20,10.0,-0.006000041961669922,-0.003689828171086207,0.07200002670288086,0.05839004384292901,0.31199998855590816,0.27078122321178166
레딧 긍정,HOOD,2023-07-20,12.8100004196167,-0.04527719425302923,-0.04596275655922355,-0.09914132834990752,-0.09175489730034658,-0.21389544379690717,-0.17875460521882203
레딧 긍정,HOOD,2023-12-06,11.270000457763672,0.06388636061309994,0.029274719535673066,0.11978698961502032,0.09010100203894122,0.05501329728269688,0.026074948748286753
레딧 긍정,HOOD,2024-01-30,11.010000228881836,-0.020890144516736542,-0.027184826106671944,0.07538600421903441,0.0688876607436375,0.46503168260194916,0.4337212165942119
레딧 긍정,HOOD,2024-03-05,15.930000305175781,0.028876275935989737,0.009948012282595453,0.08223474204936165,0.06541619750884808,0.2059007354966076,0.18178704677590907
레딧 긍정,HOOD,2024-04-18,17.079999923706055,0.0023419739874719347,-0.005605658355614329,0.03103048530520769,0.019999876146793882,0.04800935002851525,-0.010386738354918768
레딧 긍정,HOOD,2024-05-21,20.959999084472656,0.005963740718509802,0.015862886139000665,0.029103083826156118,0.022873789844969794,0.03673666466589176,0.0073027308364754795
레딧 긍정,HOOD,2024-08-08,17.729999542236328,0.10265085966238319,0.06040082314365858,0.12182740570672701,0.07364132238882548,0.06824596858780674,0.04994772965298022
레딧 긍정,HOOD,2024-10-09,25.649999618530273,0.04990256162502238,0.04096197006393565,0.0409357177397629,0.03946298051072983,0.16413259471473318,0.14004838113378204
레딧 긍정,HOOD,2024-11-07,29.360000610351562,0.0974114629051881,0.10120590863512502,0.1951634680898502,0.1984206371923144,0.41927783728497503,0.3987946141908725
레딧 긍정,HOOD,2024-12-06,41.66999816894531,-0.03527711712503456,-0.029354253729569457,-0.08015350335147764,-0.0527436660479621,-0.026637793242849872,0.004918108688381939
레딧 긍정,HOOD,2025-01-21,50.0,-0.01199996948242188,-0.014437630983189398,0.0516000366210938,0.053705929203467506,0.18459999084472667,0.1682165979539132
레딧 긍정,HOOD,2025-04-28,48.93000030517578,-0.01798489807125847,-0.04096762429580103,0.1737175546083305,0.11537133318161574,0.34927439671572724,0.2761146424917973
레딧 긍정,HOOD,2025-06-06,74.87999725341797,-0.03044870276344469,-0.026876892174740763,0.01963142727861178,0.017945661446033156,0.21888354688608502,0.183499476904595
레딧 긍정,HOOD,2025-07-21,104.33999633789062,0.023289250435725162,0.010295655549876548,0.019455687942689925,0.015638770302921712,0.10235768334311679,0.07924912566641518
레딧 긍정,HOOD,2025-09-08,117.27999877929688,-0.02089015154964924,-0.03950821134421456,0.06488745471998536,0.03712978431132563,0.23004771494166976,0.1949384141052315
레딧 긍정,HOOD,2026-04-21,86.43000030517578,-0.05044545406637546,-0.0612538638590816,-0.10875855018730107,-0.1367241250700969,-0.14196455628534377,-0.18407619510369533
레딧 긍정,HOOD,2026-05-29,94.30000305175781,-0.1254507046469726,-0.10042691926662273,-0.011770949887905391,0.00770078875562441,0.0798515221167484,0.10031469479602784
레딧 긍정,HOOD,2026-07-06,117.55000305175781,-0.06541898972150861,-0.06261038799587304,-0.1554232564708362,-0.1431907970908003,-0.23147601877888935,-0.23998144067764748
레딧 긍정,HOOD,2026-08-24,103.62000274658203,0.011484219074207491,0.006795079714152941,0.132406805902745,0.12914531381388383,0.19909280743672308,0.1861125533861796
레딧 긍정,HPE,2024-06-11,20.559999465942383,0.062256844352833074,0.040765126753440795,0.017509757767645073,0.0015678686457702984,0.031128468561355316,-0.005243573188759454
레딧 긍정,HPE,2025-10-29,24.270000457763672,-0.023073809753962227,-0.008802439280809482,-0.032550510944660216,-0.026716836203726002,-0.11289656858006658,-0.10168019678479179
레딧 긍정,HPE,2026-06-01,47.0,0.06106380706137804,0.08653379926200311,0.04297873314390799,0.047869656555944995,-0.04021275297124338,-0.02469615682992643
레딧 긍정,HPQ,2020-05-28,15.010000228881836,0.09726842519718049,0.06957596687769296,0.043304437616167535,0.05109404008384366,0.0906063017730463,0.07614940879629972
레딧 긍정,IBKR,2019-09-27,13.34749984741211,-0.1086345627152242,-0.10508010159584891,-0.10245366703944336,-0.10543269514030684,-0.12867576344675447,-0.14966429538695458
레딧 긍정,IBKR,2020-12-08,13.53499984741211,0.04765426413262919,0.049221157907932245,0.11636496690218112,0.1242803114386758,0.27779832074403377,0.2536742902935645
레딧 긍정,IBKR,2022-02-02,17.75749969482422,0.047022441569556594,0.04660699948172331,0.05279459474090564,0.07629956873573895,-0.13796986351514562,-0.09065377220730042
레딧 긍정,IBKR,2022-03-24,16.592500686645508,-0.0069308281668911675,-0.009483658282970264,-0.036763633274550456,-0.03294556570814733,-0.08091008775585107,-0.026635892502960723
레딧 긍정,IBKR,2022-05-26,14.8725004196167,0.010589968661002924,-0.0023137618608972677,-0.05093297207101766,-0.012665942244340922,-0.02286099465422997,0.018391383331551103
레딧 긍정,IBKR,2022-08-18,15.987500190734863,-0.0054730615268607785,0.01411142185889358,-0.0165754708466761,0.0569714691223705,0.05895231294427883,0.15787964389548803
레딧 긍정,IBKR,2023-01-17,19.297500610351562,0.02241217350462299,0.016303057029081414,0.035626375346826666,0.013729243302616823,0.11827953056936891,0.08089605256581711
레딧 긍정,IBKR,2024-06-26,30.75,0.020569095766641343,0.009661849152436064,-0.015853633725546268,-0.035963201848481785,-0.0360162626437055,-0.023000852304774666
레딧 긍정,IBKR,2026-06-08,87.3499984741211,0.06193478828407972,0.040817871797271366,0.0841442312823697,0.09177383253342453,0.06926162744639575,0.0609013910406353
레딧 긍정,IBM,2019-01-23,127.04589080810547,0.011212299858534891,-0.004618469103092382,0.02581076724045217,-0.009609248865821929,0.037248803593576074,-0.01593827954999516
레딧 긍정,IBM,2022-07-18,138.1300048828125,-0.0694274325467209,-0.10508653630872045,-0.0440889841555161,-0.11954382349459469,-0.023166669759739023,-0.14598371818309208
레딧 긍정,IBM,2023-05-31,128.58999633789062,0.04502689719119135,0.024206072583382587,0.0669570017540666,0.02069641472543582,0.04253831072776326,-0.005947937811450199
레딧 긍정,IBM,2024-04-25,168.91000366210938,-0.024983725825646674,-0.02804239347503734,-0.015629621291877616,-0.0487583686340376,0.010419717415652174,-0.03420883960456078
레딧 긍정,IBM,2025-10-30,310.05999755859375,0.007611481286600386,0.021615010539401625,-0.016770987060491627,-0.005312182849628866,-0.004773305160232555,-0.010009904705855943
레딧 긍정,IBM,2026-05-22,253.83999633789062,0.26229127816885867,0.24499075361883382,0.10628746996361671,0.11489758183957266,0.04372835748366555,0.05990237889033578
레딧 긍정,IBM,2026-07-20,213.0,0.015399055301863251,0.019441691493474966,0.062488251448796994,0.041493553378664005,0.074413174194909,0.03320529516671766
레딧 긍정,INTC,2019-01-25,47.040000915527344,0.03592684085495268,0.01982330108915198,0.03826528915875049,0.02061910636490971,0.12882647620428544,0.07712962054365824
레딧 긍정,INTC,2019-07-26,51.59000015258789,-0.05640627716234148,-0.025314543958781077,-0.10874201577357723,-0.07433913403962189,-0.128513298090825,-0.07169397718346038
레딧 긍정,INTC,2020-01-24,68.47000122070312,-0.06630642375619811,-0.044893343905254124,-0.035782160566048216,-0.046215056839973956,-0.0979991642988467,-0.07868482358001228
레딧 긍정,INTC,2020-07-28,49.2400016784668,-0.002233968452516666,-0.029913962720909626,-0.021324187976561104,-0.05753545888915901,0.0038586234815680687,-0.06759880009455
레딧 긍정,INTC,2020-09-03,50.38999938964844,-0.022028192573854022,0.010775353010335054,-0.009922603811396646,0.03275384926139002,0.012304007529163163,0.045744517737031476
레딧 긍정,INTC,2020-10-23,48.20000076293945,-0.0813278406969784,-0.025685552819432855,-0.05829878275544764,-0.07096581062945762,-0.05829878275544764,-0.08591746465342609
레딧 긍정,INTC,2020-12-07,50.20000076293945,0.005378495092832836,0.01738096798490696,-0.07649402578142594,-0.07316147545892393,0.017928240986125,0.005844490412199477
레딧 긍정,INTC,2022-01-12,55.7400016784668,-0.06637963135133562,-0.014853179014368223,-0.13796200591750274,-0.053506994013236775,-0.12343022714283636,-0.07736003437905692
레딧 긍정,INTC,2023-01-17,29.600000381469727,0.010810800361494177,0.004701683885952601,-0.045270274841846314,-0.06716740688605616,-0.03243246552193535,-0.06981594352548715
레딧 긍정,INTC,2023-05-30,29.989999771118164,0.03234409205593414,0.013661607786453756,0.13071024028713385,0.09148892734126868,0.1193731227418604,0.08079436541115559
레딧 긍정,INTC,2023-09-06,36.97999954223633,0.04678203254871405,0.046132109765942175,-0.061925390586115125,-0.044938284334648526,-0.028393706058900903,0.019923262027722433
레딧 긍정,INTC,2024-02-13,43.15999984741211,0.007182608303683891,0.0008475917721961768,-0.027108391405971433,-0.05176031725680297,0.0016218650387325173,-0.04268267010895399
레딧 긍정,INTC,2024-03-13,43.22999954223633,-0.023826018741696986,-0.032566856429361524,0.012491346778751522,-0.0014629773405758772,-0.12953963759934384,-0.1334740318706007
레딧 긍정,INTC,2024-04-26,31.8799991607666,-0.03074026248540096,-0.03670177572877842,-0.06367624945847272,-0.08842739424290069,-0.0363864453559859,-0.07805801555397962
레딧 긍정,INTC,2024-07-01,30.84000015258789,0.12159533013767909,0.10237799791803726,0.11348897479516729,0.07769486921914814,-0.023022081332957134,-0.016897412885772067
레딧 긍정,INTC,2024-08-05,20.110000610351562,-0.03729487703814094,-0.06800734079490445,0.07011436124404269,-0.011508391993812372,-0.0004972764086684789,-0.06756599162678134
레딧 긍정,INTC,2024-09-03,20.100000381469727,-0.055721433730216874,-0.04976208189596165,0.06815914954647329,0.048252632566731624,0.12885572653897182,0.09889634109602419
레딧 긍정,INTC,2024-10-07,22.3799991607666,0.047363780743533646,0.018268994046790166,0.02055411121854278,-0.007325454526738051,0.006255643532038224,0.002715647391076992
레딧 긍정,INTC,2024-11-04,22.520000457763672,0.11234452610433543,0.06153809530973664,0.1030195225428785,0.07083330795547504,-0.0022202994401779863,-0.0620647664239834
레딧 긍정,INTC,2024-12-04,21.959999084472656,-0.0837886303255938,-0.08345957924322567,-0.121129324148876,-0.08594526597071617,-0.06375226215378926,-0.03789905208269673
레딧 긍정,INTC,2025-01-22,21.860000610351562,-0.0965233555095325,-0.08888862682380427,-0.10109793824867364,-0.0974371775314653,0.19350409076536157,0.18700715384572475
레딧 긍정,INTC,2025-02-20,26.09000015258789,-0.11498658422592711,-0.07348781806843008,-0.20467612577067051,-0.1429605017187513,-0.08164051574004905,-0.008096142907823012
레딧 긍정,INTC,2025-04-04,19.850000381469727,-0.0055415923545396595,-0.06226262570505603,-0.05088162264342755,-0.06790190075515234,0.02115869361322642,-0.09408436197378611
레딧 긍정,INTC,2025-07-28,20.68000030517578,-0.057059975230292936,-0.0480010065532851,-0.0014507101645447884,0.00015072721941644662,0.1871372763430852,0.17845518974070163
레딧 긍정,INTC,2025-08-28,24.93000030517578,-0.017649439577674952,-0.015060533826541933,-0.03409548219272407,-0.04717874431743263,0.4239871466279026,0.4041079246070136
레딧 긍정,INTC,2025-09-26,35.5,0.03746484031139974,0.02629864018651107,0.024507012165768005,0.0378036603413765,0.078309824768926,0.05499533970497983
레딧 긍정,INTC,2025-10-24,38.279998779296875,0.04467092355537772,0.03756867540684494,-0.0039184356312665924,0.00535440201638937,-0.09874605276479864,-0.07184317981813937
레딧 긍정,INTC,2026-01-22,54.31999969482422,-0.10419734681904669,-0.11154153344570483,-0.11192927191670698,-0.09544115081943838,-0.18796021984229683,-0.18861337700184888
레딧 긍정,INTC,2026-04-09,61.720001220703125,0.10985091777708234,0.07786138848777369,0.08198310853073099,0.040006905518875646,0.7760855570075962,0.700090137045829
레딧 긍정,INTC,2026-05-11,129.44000244140625,-0.16432326847405043,-0.16344410793078223,-0.04573551982911661,-0.06100677540725352,-0.16625466522377752,-0.16321124572269385
레딧 긍정,ISRG,2023-10-10,297.8299865722656,-0.07541212257896146,-0.07881797805750712,-0.06862966405455806,-0.043522646409296706,-0.06426479868982315,-0.06976483110079112
레딧 긍정,JNJ,2019-07-17,131.86000061035156,-0.015774319895546896,-0.02820131098975187,-0.012437428955386243,-0.0113962602553076,-0.012134127833380415,0.03434937049345188
레딧 긍정,JNJ,2019-08-27,129.63999938964844,-0.006016652136448197,-0.031010599045414367,0.011801903629282462,-0.034839449982295934,0.010413499767598866,-0.027059920886271183
레딧 긍정,JNJ,2020-03-05,142.00999450683594,-0.11689311658925172,0.0628000407875603,-0.1053446379392543,0.09947582988596915,-0.062389979248432925,0.10500402675035081
레딧 긍정,JNJ,2020-05-06,148.0800018310547,-0.006415430419335344,0.002907327351937772,-0.0027013043647163837,-0.04730989777115879,-0.009116734784051728,-0.10449047392763133
레딧 긍정,JNJ,2020-10-12,151.83999633789062,-0.04952574548893951,-0.019959638384819844,-0.05183084369729796,-0.014830649904654658,-0.037934632809251245,-0.04397840015901833
레딧 긍정,JNJ,2022-06-10,172.5500030517578,-0.01790783125610118,0.04350828775650717,0.05546213790885357,0.05856627206218956,0.019124908683820552,0.042136713459625996
레딧 긍정,JNJ,2024-01-26,159.5,-0.018119118430397707,-0.03235764941922281,-0.017178717825479972,-0.04547113784417467,0.008087732201459641,-0.030032097988045292
레딧 긍정,JNJ,2024-07-18,155.4199981689453,0.027152240834000585,0.052936630318406674,0.03435848926008811,0.05181943061250738,0.023613423061271233,0.022871494570676054
레딧 긍정,JPM,2019-01-15,101.68000030517578,0.009834775737594947,-0.0019186234821351178,0.02684897077832349,-0.0009212627505950088,0.0138669947726493,-0.042364938346793446
레딧 긍정,JPM,2020-01-14,138.8000030517578,-0.01527384963519074,-0.02715347701599513,-0.03292512409034043,-0.03039033386617951,-0.005763710620809492,-0.0362111097627571
레딧 긍정,JPM,2020-04-15,90.79000091552734,-0.015970972166701847,-0.02079526756840977,0.07787200818956119,0.022248516159553366,-0.07445756215511112,-0.0882824332772385
레딧 긍정,JPM,2020-06-04,106.44000244140625,-0.0867155500303054,-0.05218959773793885,-0.07046223062733059,-0.07181119468017805,-0.12946259360415346,-0.13225686928406544
레딧 긍정,JPM,2020-08-12,102.94000244140625,-0.04264619473024822,-0.042023887198364585,-0.03740048583840927,-0.06742065182205403,-0.030211779061514843,-0.019691426503180676
레딧 긍정,JPM,2022-03-08,128.3000030517578,0.03257983301913869,0.008747968928485506,0.11161334158077008,0.03151725428253438,0.0392828773675058,-0.04427267525542966
레딧 긍정,JPM,2022-04-20,131.5800018310547,-0.07721540903422819,-0.015512269980339721,-0.034047752656864994,0.0011437073894408067,-0.08732334194611835,0.03151816627048809
레딧 긍정,JPM,2022-09-01,114.51000213623047,0.04069510039106383,0.015015285217864882,0.022443451636362077,0.049838677662508046,-0.08741596323019674,0.011570009785281221
레딧 긍정,JPM,2023-01-17,140.8000030517578,-0.01669038389616917,-0.022799500371710746,-0.0059658829523024925,-0.027863014996512336,0.017045410827172702,-0.020338067176379093
레딧 긍정,JPM,2023-05-05,136.74000549316406,-0.019306708231633163,-0.016786269745301508,0.017843989210159616,0.003327375867714588,0.017185832604373008,-0.017881906167587225
레딧 긍정,JPM,2024-10-14,221.47999572753906,0.006862941582908455,0.008043805549155292,0.018150642721730392,0.024123380589045174,0.08041357188982112,0.05570108171250987
레딧 긍정,KKR,2022-01-06,70.58999633789062,-0.010341348142941076,-0.003054081304632361,-0.06757326661746843,-0.0035479828230366994,0.004816602704690309,0.04593296406296965
레딧 긍정,KMI,2022-04-25,18.610000610351562,-0.023105872706774666,0.009635483293218505,-0.0005373577944040031,0.07026611387825354,0.02955396125858356,0.10327451764691364
레딧 긍정,KVUE,2025-10-08,16.079999923706055,0.011194048882451346,0.022990044506048024,-0.05534828031999328,-0.047459528594195666,0.009328334529973281,0.0026874707253061736
레딧 긍정,LLY,2022-06-10,297.010009765625,-0.020571750675885014,0.040844368336723336,0.10188201829266785,0.10498615244600384,0.08949188814626252,0.11250369292206797
레딧 긍정,LLY,2022-11-14,356.05999755859375,0.014351558456941582,0.01569292003278311,0.022159227946237037,0.02188079134343246,0.007302157280635768,-0.010034363746309394
레딧 긍정,LLY,2023-11-14,610.8200073242188,-0.029828806391094864,-0.039946199737184274,-0.031040276587718907,-0.04414386721298147,-0.021806763309160204,-0.07032143467205942
레딧 긍정,LLY,2024-02-06,705.030029296875,0.0538132275643457,0.053610839646385466,0.05798326617154981,0.05144457959129589,0.10600965509073856,0.07408530863351248
레딧 긍정,LLY,2024-11-21,749.9199829101562,0.06057978679203169,0.04562197329557871,0.10239764349858604,0.07857967214163208,0.023789240535021294,0.028033953201376693
레딧 긍정,LLY,2025-02-07,878.3099975585938,-0.03875622288481684,-0.05362046774635121,0.0035181506120367523,0.009443875003828817,-0.05527659701918619,0.011620886435072086
레딧 긍정,LLY,2025-07-23,798.8900146484375,-0.04857990067089846,-0.04897409185574042,-0.06574123917966623,-0.06348647715094047,-0.11697481567366341,-0.1231241404143475
레딧 긍정,LLY,2025-12-11,1009.3800048828125,0.04705859019420022,0.06548657243655343,0.06773464382735139,0.0660804588269781,0.07095444210379664,0.062262841507553235
레딧 긍정,LMT,2020-01-06,413.1099853515625,0.01430612638685047,0.0009888684350622956,0.031565464421840606,0.00789727508236071,0.042773145298574455,0.0260261960190058
레딧 긍정,LMT,2020-07-23,387.6199951171875,-0.015221077268474437,-0.018317436032588175,-0.020329201233363015,-0.05553478526239586,0.0006707852249634438,-0.04676545371966645
레딧 긍정,LMT,2021-01-04,344.6400146484375,-0.02019504896944735,-0.0470395774737451,-0.009110998476600574,-0.03584704100244218,-0.03464485240805859,-0.0692444319855855
레딧 긍정,LMT,2022-02-25,409.489990234375,0.11883075245443342,0.1315777234933041,0.07216298081824579,0.11255131360129833,0.10786591731449469,0.07373684263395508
레딧 긍정,LMT,2022-04-01,445.9800109863281,0.034844561739382884,0.046656815437395416,0.0481187293744787,0.08112679208711615,-0.03401500752059361,0.05085649583932483
레딧 긍정,LMT,2022-05-05,443.1499938964844,-0.0193162533600153,0.032567464644316035,-0.03955770962594596,0.019285736030699274,-0.0010380039747570624,0.0068641468504144765
레딧 긍정,LMT,2023-10-10,435.1000061035156,0.01385888001541935,0.01045302453687369,0.013330240661014514,0.03843725830627587,0.034589720941966995,0.029089688530999025
레딧 긍정,LMT,2024-12-26,489.9800109863281,-0.016653748069606622,-0.0010385981891972706,-0.013918950102658423,0.019256975856160596,-0.06639046093699641,-0.07167863823064857
레딧 긍정,LULU,2019-03-28,167.5399932861328,0.022860224331713086,-0.0001884786630235169,0.002745653171189799,-0.02397231280188894,0.05700133361858173,0.01175886775122903
레딧 긍정,LULU,2019-06-13,174.52000427246094,0.06864540129643748,0.04695882394130768,0.032030691044239834,0.025400352219856925,0.08595003227585285,0.04772222704920881
레딧 긍정,LULU,2019-08-23,180.02999877929688,0.025773478981893083,-0.0009072510187015936,0.07976448762828592,0.0328976952201292,0.0841526078942938,0.03725078214285804
레딧 긍정,LULU,2019-12-09,230.8800048828125,-0.023951830658110573,-0.04185674664435113,-0.011910949159048334,-0.03529567014702906,0.027676711947800747,-0.00599860078250547
레딧 긍정,LULU,2020-03-24,192.74000549316406,-0.016550806010635855,-0.07659607218379172,0.01131053550716321,-0.0790863863026956,0.10039426322114986,-0.0474569114012775
레딧 긍정,LULU,2020-06-08,315.29998779296875,-0.03885188859583322,0.01111724446136897,-0.03365044643937376,0.005272872294245001,-0.027148740532823568,0.0019973395165182595
레딧 긍정,LULU,2020-09-03,377.8699951171875,-0.17064064705310367,-0.1378371014689146,-0.21994333084262985,-0.17726687776984318,-0.11961781108191827,-0.08617730087404996
레딧 긍정,LULU,2020-12-11,344.32000732421875,0.09796114007685053,0.09009871862233432,0.020446032404718206,0.004420845862578959,0.03662286559981598,0.002579727089663697
레딧 긍정,LULU,2022-05-27,293.6499938964844,0.027141159156681915,0.035497372466655186,-0.051319624169756106,0.045631704681649454,-0.05138769505035323,0.03195771518713797
레딧 긍정,LULU,2023-03-29,361.0400085449219,0.01044202560504548,-0.005130417162995782,0.00925104215278405,-0.020947026697030635,0.047196924507117544,0.019639935867777236
레딧 긍정,LULU,2023-06-05,356.44000244140625,0.03293679203782651,0.0172496424388886,0.0758893154743916,0.05228831704728654,0.054847906124628976,0.01731571565350154
레딧 긍정,LULU,2024-03-22,403.19000244140625,-0.04461913769052195,-0.04644172576793404,-0.1059798376139991,-0.10120239442496182,-0.10268110232346561,-0.061450082492690905
레딧 긍정,LULU,2024-06-06,323.0299987792969,-0.04810701360135672,-0.06267709450096837,-0.034702632874469064,-0.05312562527309961,-0.08977494384295126,-0.12834161647241638
레딧 긍정,LULU,2024-08-30,259.4700012207031,-0.041931648482007144,-0.011293662824099604,0.02246882701213182,0.023958973604571998,0.04578565856138206,0.027903141493508032
레딧 긍정,LULU,2025-06-06,265.2699890136719,-0.09861646430713289,-0.09504465371842896,-0.14969650959284164,-0.15138227542542027,-0.10076524610615267,-0.1361493160876427
레딧 긍정,LULU,2025-09-10,163.89999389648438,-0.0025625270566549396,-0.013249223777511476,0.09347167721003413,0.07984116968365029,0.06662607586569669,0.03458123957861736
레딧 긍정,LULU,2025-10-09,173.47999572753906,-0.05107217447864554,-0.035397880842203744,0.03216510242378856,0.031271073213014144,-0.057239986859216385,-0.05597355915204072
레딧 긍정,LULU,2026-06-05,114.2300033569336,0.03974431544002255,0.03404976961052664,-0.07703758026041996,-0.08631156435461906,0.007353552597437085,-0.006421831238023534
레딧 긍정,LYV,2020-03-17,33.91999816894531,0.265919839170915,0.3040923432800139,0.34021230950691894,0.32063162561258873,0.1341392481537178,0.03540504557241109
레딧 긍정,MCD,2019-09-13,209.80999755859375,-0.0020018024585697347,0.007330947193598392,0.015966856405782437,0.03486486866328964,-0.003765279516349973,0.012210002349859361
레딧 긍정,MCD,2019-12-20,197.13999938964844,-0.0011666619065189288,-0.002257846310688816,0.027848257634986773,0.02161248320948328,0.07253729885376425,0.03945656119864416
레딧 긍정,MCD,2022-04-01,249.25,0.008866626735675842,0.020678880433688374,0.007261775561058226,0.04026983827369568,-0.010471416691480662,0.07440008666843778
레딧 긍정,MCD,2022-09-12,260.3699951171875,-0.012904656506408263,0.04164923638392504,-0.06379383539518724,0.04974244103256975,-0.09763029014731239,0.02634472519613007
레딧 긍정,MCD,2023-06-30,298.4100036621094,-0.01313633383474977,-0.0049699488700407635,-0.012499617776057015,-0.02955429558559608,-0.017459171579842225,-0.0501924548445567
레딧 긍정,MCD,2024-02-12,289.44000244140625,0.011090351810399746,0.01951384402198475,0.014925398313224703,0.0030487134975194508,0.016825577239184097,-0.014712643775741885
레딧 긍정,MCD,2024-04-01,280.2200012207031,-0.045178800966952704,-0.03859077695452218,-0.04992502381497166,-0.016008289771096584,-0.02380277424408772,-0.00062984600703897
레딧 긍정,MCD,2024-10-23,298.57000732421875,-0.023612613918353897,-0.027107517922540625,-0.01530631748706146,-0.03788454204710445,-0.025655636782670355,-0.04729962712331992
레딧 긍정,MCK,2022-11-28,380.3399963378906,0.005521391711982959,-0.003773631504762953,-0.00680968702431628,-0.014488221329593265,-0.0003943679285076662,0.03625540002736494
레딧 긍정,META,2022-02-04,237.08999633789062,-0.07398031784156578,-0.05561610895415625,-0.130456759684205,-0.09820803932083977,-0.20928759493703475,-0.14405465815310448
레딧 긍정,META,2022-09-20,146.08999633789062,-0.08001918498490834,-0.026099552470295273,-0.039769989076841705,-0.02383623611389385,-0.09097127537326011,-0.057229205601474153
레딧 긍정,META,2022-10-24,129.72000122070312,-0.28183778302924367,-0.3012111734599646,-0.2543940771620441,-0.25724470430001456,-0.15309898568812175,-0.19459079402158674
레딧 긍정,META,2022-12-19,114.4800033569336,0.020964306657133003,0.017332905881625837,0.11259607801948701,0.10275443584255783,0.18929061761106514,0.16660753281560847
레딧 긍정,META,2023-02-02,188.77000427246094,-0.05747738442520389,-0.034227702411222416,-0.08650739768742499,-0.06611294491882869,-0.018647052989310464,0.01156072179538492
레딧 긍정,META,2023-03-15,197.75,0.01041718108012013,0.0031473840673275078,0.03843239496088802,0.007426416328366825,0.11428574515052148,0.05214537699068478
레딧 긍정,META,2023-04-27,238.55999755859375,-0.021126732636283285,-0.003474399485651425,-0.011611352702921574,-0.010932419658595371,0.059230403367781514,0.05379893901317234
레딧 긍정,META,2023-06-26,278.4700012207031,0.027112391855038442,-0.001512691664408372,0.07117465880466711,0.04563231467497908,0.057456817358646495,0.0018291521811240052
레딧 긍정,META,2024-02-02,474.989990234375,-0.014484526041101842,-0.028341117563184803,-0.003515827584771314,-0.013953783685511922,0.048843160243405626,0.012532891268321578
레딧 긍정,META,2024-03-14,491.8299865722656,0.032389288226163826,0.01831025176022205,-0.01270764323167528,-0.0284761545914205,0.040806798837325076,0.04876874855346036
레딧 긍정,META,2024-04-25,441.3800048828125,0.0006796587739592574,-0.00237900887543141,0.07712177300364931,0.04399302566148933,0.05528114918337246,0.010652592163159502
레딧 긍정,META,2024-07-12,498.8699951171875,-0.0442600011794233,-0.02461679292243979,-0.06649023439937374,-0.03872190270747944,0.03788567081414218,0.08610081835401084
레딧 긍정,META,2024-09-09,504.7900085449219,0.05643935155150315,0.026370255966764233,0.11810844824656175,0.07553966123894895,0.15846197309357946,0.11931551585499678
레딧 긍정,META,2024-10-07,584.780029296875,0.009644572883350078,-0.019450213813393402,-0.016450726205391564,-0.044330291950672396,-0.0412121403155149,-0.04475213645647613
레딧 긍정,META,2025-01-23,636.4500122070312,0.0794249144841328,0.0871494277644218,0.11868956961033295,0.12431481385105658,0.07400420250226403,0.09009275938392658
레딧 긍정,META,2025-05-01,572.2100219726562,0.045088318628228485,0.03328817322887634,0.12525118428209048,0.06796958822911892,0.13156003105677194,0.07619439715100707
레딧 긍정,META,2025-07-25,712.6799926757812,0.0523797741952694,0.07652042004707249,0.0794465899128245,0.07932099409912174,0.05908680724073534,0.04620025522806959
레딧 긍정,META,2025-10-31,648.3499755859375,-0.04108884802410262,-0.02482924198480252,-0.059982964568071395,-0.04513089155532701,-0.011536948793728352,-0.00891257845424076
레딧 긍정,META,2025-12-05,673.4199829101562,-0.043345910697901835,-0.03761446841087934,-0.02175457181356133,-0.014316844024357733,-0.01900743684149997,-0.027932745793646352
레딧 긍정,META,2026-01-29,738.3099975585938,-0.09223764517767208,-0.06857909029611264,-0.11986834838028382,-0.1014688917201797,-0.12207609971536326,-0.11047736182154755
레딧 긍정,META,2026-05-01,608.75,0.0014455932366530533,-0.022102550977902036,0.009002021303901486,-0.016696941949658095,-0.013601690836755664,-0.06617915885819692
레딧 긍정,META,2026-08-28,578.02001953125,0.06703920053050183,0.06594733482292314,0.15151716739103804,0.16252642321986188,0.2380539962915562,0.24291523025926598
레딧 긍정,MGM,2020-02-27,25.520000457763672,-0.1927899681834523,-0.20942800228977576,-0.40203761931205406,-0.23599275516045726,-0.4729623993727873,-0.35091609381419997
레딧 긍정,MGM,2020-05-01,15.010000228881836,0.03864090039052992,0.004516661185128612,-0.07728180078105984,-0.08962307921707158,0.18587601369987117,0.1053923383212505
레딧 긍정,MGM,2020-06-01,17.799999237060547,0.33483153074592553,0.27706676190547763,0.0926967189101624,0.08778753854712362,-0.05505615641802486,-0.05148883067285359
레딧 긍정,MGM,2020-06-29,16.81999969482422,-0.04042808070829085,-0.07103968021493379,-0.039238992829185526,-0.0867329899995487,-0.08382876771668368,-0.13871289844530776
레딧 긍정,MGM,2020-08-31,22.5,0.029777781168619732,0.07586866381166513,0.05511110093858518,0.08127692554921984,-0.034666697184244755,0.013828915766440186
레딧 긍정,MGM,2022-05-04,41.029998779296875,-0.1452595481791723,-0.06063269467336363,-0.19571043183527204,-0.10900924221446362,-0.14379717003936865,-0.11659821656768654
레딧 긍정,MMM,2020-02-28,124.78260803222656,0.029549681923628723,0.025499247677027492,-0.050656641255856005,0.04027700335827478,-0.10720989005170489,0.037392858157785036
레딧 긍정,MNST,2023-05-08,29.520000457763672,0.011517620166515696,0.010863407980542084,0.001354979930841882,-0.013303203074665593,-0.01202572956407133,-0.049070864289784355
레딧 긍정,MOS,2022-04-11,73.91000366210938,0.05506696648847198,0.0434284982194475,-0.13854694879975626,-0.08440072540196197,-0.2201326405941162,-0.12732027506496557
레딧 긍정,MOS,2022-11-10,53.5,-0.06579440107969481,-0.06465423486254307,-0.032336440041800474,-0.05169336340849662,-0.12504670330297163,-0.12147427011898515
레딧 긍정,MRNA,2020-02-26,29.15999984741211,-0.05727023611223214,-0.06163616019429474,-0.19032919293904238,-0.07109961140312748,-0.0696159361203037,0.1381208430574401
레딧 긍정,MRNA,2020-05-20,73.47000122070312,-0.24404518861125712,-0.26438671251893786,-0.17530966182270558,-0.22390695085284207,-0.1159657565115173,-0.16597756559046872
레딧 긍정,MRNA,2020-07-20,82.68000030517578,-0.033502620135972605,-0.03011088950365315,-0.05684563293292544,-0.07062832015466847,-0.1562650958062045,-0.19816814227569013
레딧 긍정,MRNA,2020-10-26,70.23999786376953,-0.04456146566929853,-0.017483466774941392,0.10677676862328855,0.06207898066429296,0.4383542404890808,0.38511172884548195
레딧 긍정,MRNA,2020-11-25,109.18000030517578,0.44037364047690764,0.4292613073312552,0.42599379012848027,0.41477113727699355,0.13015203374934425,0.11267010501755714
레딧 긍정,MRNA,2020-12-31,104.47000122070312,0.07925719041396939,0.059518223936942505,0.24102605897922835,0.2361581674085378,0.5074183391158111,0.5011328836947537
레딧 긍정,MRNA,2022-12-06,173.5399932861328,0.13829665165670946,0.11762779726274908,0.15915645640504716,0.19290192648215898,-0.00017286378043945838,0.03651804900459199
레딧 긍정,MRNA,2023-09-29,103.29000091552734,0.005712037299458794,0.0008931042367392727,-0.04831056074682827,-0.05771448352767716,-0.3038047920929071,-0.2645046660547702
레딧 긍정,MRNA,2024-03-22,105.43000030517578,0.0016124269036634775,-0.0002101611737486131,-0.003224926171876974,0.0015525170171603042,-0.009200428890215107,0.0320305909405596
레딧 긍정,MRNA,2024-12-04,41.630001068115234,0.029545988726346506,0.029875039808714643,-0.07854913220908355,-0.04336507403092371,0.013211607565434269,0.039064817636526805
레딧 긍정,MRNA,2025-01-08,43.16999816894531,-0.21797545162235543,-0.22162271357706265,-0.040769015431630806,-0.0721181151193161,-0.24484596115706658,-0.26398119582388446
레딧 긍정,MRNA,2025-02-24,33.900001525878906,-0.10707967270574104,-0.0845750228389951,0.06076688689884491,0.12210210153877876,0.007964502386829997,0.04669460407938253
레딧 긍정,MRNA,2026-08-20,133.32000732421875,0.07088206142429088,0.05973598186473006,0.11663656569679737,0.10277607833434055,0.15541542771990313,0.15660867866884542
레딧 긍정,MRVL,2022-11-03,37.220001220703125,0.1458893102388028,0.08206355876988591,0.1802793891565031,0.11766657587034701,0.2015045608281234,0.10474168933804373
레딧 긍정,MRVL,2024-03-07,85.08999633789062,-0.22341045158055528,-0.2236824250253242,-0.21741686210135536,-0.23177170113611278,-0.14619808846403937,-0.15322979945324844
레딧 긍정,MRVL,2026-05-28,204.8300018310547,0.5448420145832693,0.5415421850708211,0.37045349287556917,0.3927699073536328,0.3023970445194144,0.33633553667438254
레딧 긍정,MRVL,2026-08-21,237.0399932861328,-0.08614579289283131,-0.09088643571487931,-0.05691018653586921,-0.06274787121082492,0.08580835374951734,0.07564794316269285
레딧 긍정,MSFT,2019-04-24,125.01000213623047,0.02295812389523766,0.02439539389470402,0.00399967995724948,0.020082943244164708,0.021278265636825555,0.04386323588419827
레딧 긍정,MSFT,2019-06-07,131.39999389648438,0.007990891176030024,0.002393756104579259,0.0423897076327624,0.020314247044361355,0.04231364593336995,0.010434578934208627
레딧 긍정,MSFT,2019-07-19,136.6199951171875,0.034548392544257345,0.018261431817422125,0.002049471448573037,0.017360633762913857,-0.0035865191910943173,0.02441094673169808
레딧 긍정,MSFT,2019-10-22,136.3699951171875,0.047371173609824346,0.033324882341029705,0.05932398538056449,0.03250217757567442,0.10280857061271464,0.059599371963199754
레딧 긍정,MSFT,2019-11-25,151.22999572753906,-0.012695881922819341,-0.000505795495463035,-0.0006611839420184173,-0.0011717741855085118,0.040666596105401576,0.015584373839031329
레딧 긍정,MSFT,2020-01-03,158.6199951171875,0.017147908866682382,0.006912532310478614,0.053461172912425914,0.02387149381884557,0.09935701835056543,0.09405323920086439
레딧 긍정,MSFT,2020-02-03,174.3800048828125,0.08211946131698444,0.049538942627368465,0.07368958874248266,0.0347841954958199,-0.056600585500668155,0.017075846816253626
레딧 긍정,MSFT,2020-03-04,170.5500030517578,-0.0992084307603941,0.023849811912401986,-0.17678105315614467,0.056102628883568206,-0.10812079807357233,0.10510554782718495
레딧 긍정,MSFT,2020-04-08,165.1300048828125,0.07212492006993187,0.0536232693499239,0.03809115908763294,0.019662564351784262,0.1118512727823795,0.06203923046113702
레딧 긍정,MSFT,2020-05-11,186.74000549316406,-0.009799731055066707,-0.018346739602075224,-0.0276855414847601,-0.05018122207370235,0.01638640606501296,-0.08033157186634399
레딧 긍정,MSFT,2020-06-10,196.83999633789062,-0.013208651153719164,0.009800741755028874,0.005080268332678717,0.05182009172487112,0.08880314626872066,0.10328588958278806
레딧 긍정,MSFT,2020-07-09,214.32000732421875,-0.048525610301704214,-0.06891495937782866,-0.05496460262930736,-0.08225637194989077,0.009471811823083431,-0.05398636420464964
레딧 긍정,MSFT,2020-08-12,209.19000244140625,0.0024379487589460958,0.0030602562908297326,0.05717286349966977,0.027152697516025004,-0.018260945932579764,-0.007740593374245597
레딧 긍정,MSFT,2020-09-10,205.3699951171875,-0.011978339161348384,-0.017818530852933723,-0.010614952172235848,0.02050312321967862,0.02536887976695068,-0.004251605114194534
레딧 긍정,MSFT,2020-10-13,222.86000061035156,-0.036839301316441975,-0.01756074790523343,-0.043121244655983326,-0.009105297733366324,-0.0531724224672967,-0.064339713495148
레딧 긍정,MSFT,2020-12-09,211.8000030517578,0.03531631548518521,0.026266275226273672,0.04353163875285704,0.041568980421866186,0.03692158617919716,-0.0023587829699400764
레딧 긍정,MSFT,2022-01-19,303.3299865722656,-0.021824400521675225,0.018839672786985506,0.03339598896002682,0.020999738592532458,-0.012626468670459579,-0.0012263715005993436
레딧 긍정,MSFT,2022-04-27,283.2200012207031,0.023868405255591973,-0.004386702601051784,-0.08004382928474196,-0.02128094276220205,-0.07308810153877687,-0.025397171396584595
레딧 긍정,MSFT,2022-06-07,272.5,-0.10278897066728787,-0.002076996595264835,-0.07108255088876148,0.028378594435810922,-0.015045893957855494,0.04929720660583958
레딧 긍정,MSFT,2022-07-25,258.8299865722656,0.07410278634003742,0.03567727022906775,0.0830275542511496,0.038989880545826416,0.07309822821650491,0.02815043528456007
레딧 긍정,MSFT,2022-10-18,238.5,0.05098534030234547,0.013828526346340464,-0.04331237665012444,-0.07939133538343235,0.014549271365631444,-0.05917148683661
레딧 긍정,MSFT,2023-01-06,224.92999267578125,0.06357535018626947,0.03672518066382224,0.0784689002356147,0.04613015888129879,0.14155513881950577,0.08550999154945993
레딧 긍정,MSFT,2023-02-21,252.6699981689453,-0.012862627235335267,-0.005771528490104871,0.005857425647145753,0.007912118402522372,0.0835477134734317,0.08399872120961371
레딧 긍정,MSFT,2023-04-26,295.3699951171875,0.030571821541027777,0.021520471766822924,0.05735180526608774,0.03635561113334829,0.062565633922959,0.04592202122602784
레딧 긍정,MSFT,2023-07-13,342.6600036621094,0.012286206181301162,0.006458296377457762,-0.03484504264810573,-0.04136251015342873,-0.057578972671066486,-0.0494599364660967
레딧 긍정,MSFT,2023-11-20,377.44000244140625,0.01393601560937241,0.012461127008674522,-0.013035219891665228,-0.018186446694786085,-0.011074588408074626,-0.05637900906989757
레딧 긍정,MSFT,2024-01-11,384.6300048828125,0.03650263465326775,0.02373893885320011,0.05017806085837995,0.026959844385448184,0.09338840562139761,0.041220869597234255
레딧 긍정,MSFT,2024-02-23,410.3399963378906,0.012574946893211036,0.0027295803040006117,-0.010040442447620701,-0.01766079308398305,0.04484084919992326,0.018533837860796876
레딧 긍정,MSFT,2024-04-01,424.57000732421875,4.708060703073613e-05,0.006635104619461263,-0.025743675924415177,0.008173058119459897,-0.05257085271964179,-0.02939792448259304
레딧 긍정,MSFT,2024-04-29,402.25,0.028067143679109785,0.015303920143084238,0.028514608379622386,0.007242648928046158,0.06978249179420448,0.031061556816881053
레딧 긍정,MSFT,2024-06-07,423.8500061035156,0.044166570605477906,0.027743620902533017,0.05619914352060018,0.03985117192998988,0.08420432211269047,0.043362395632386974
레딧 긍정,MSFT,2024-07-09,459.5400085449219,-0.02180445520505858,-0.03806867367186639,-0.03196675407636518,-0.028296540697101524,-0.13041306976321954,-0.06983593603921523
레딧 긍정,MSFT,2024-10-09,417.4599914550781,-0.0032098796658812656,-0.012150471226967996,0.017103470499174378,0.015630733270141306,0.006515597365923442,-0.0175686162150277
레딧 긍정,MSFT,2025-01-23,446.7099914550781,-0.07100804062470345,-0.06328352734441445,-0.06914997363332032,-0.06352472939259668,-0.08618567020315149,-0.07009711332148894
레딧 긍정,MSFT,2025-04-28,391.1600036621094,0.11506802675179806,0.0920853005272555,0.14853258400545322,0.09018636257873847,0.17775334422830724,0.10459359000437729
레딧 긍정,MSFT,2025-07-31,533.5,-0.023730034010367884,-0.023998960262678226,-0.020656081595595177,-0.04101741998506392,-0.04472349644154172,-0.0713656388364956
레딧 긍정,MSFT,2025-09-30,517.9500122070312,0.011641988839858453,0.007228763474747435,-0.008456423939732893,-0.0025270771408810733,0.046568191039150664,0.015225303062365692
레딧 긍정,MSFT,2026-01-29,433.5,-0.09188001516093569,-0.06822146027937626,-0.07303345712135956,-0.05463400046125544,-0.09402539738321802,-0.08242665948940231
레딧 긍정,MSFT,2026-04-16,420.260009765625,-0.010731474946046315,-0.02040858255141531,-0.02969592798821874,-0.053924187616331,-0.025769801642282264,-0.09205548351920001
레딧 긍정,MSFT,2026-06-01,460.5199890136719,-0.10592373825894597,-0.0804537460583209,-0.13193776751836728,-0.12704684410633027,-0.1900026102827912,-0.17448601414147424
레딧 긍정,MSFT,2026-06-30,373.0199890136719,0.02766609733571279,0.029500658286683246,0.06061341626470296,0.04984707881533601,0.04696804473555405,0.0701478686517033
레딧 긍정,MSFT,2026-08-03,487.6499938964844,0.037752494396662284,0.017479754637695022,-0.014969728051546616,-0.03476726568446975,0.04027481778787134,0.027894751143572538
레딧 긍정,MU,2019-01-10,35.90999984741211,-0.056530180671754304,-0.07229032628096232,0.08493453773379356,0.05828128616418016,0.07435260359197682,0.02958284107927489
레딧 긍정,MU,2019-09-27,43.209999084472656,0.03101134415597362,0.034565805275348915,0.04373986183044387,0.04076083372958039,0.11154824802012708,0.09055971607992697
레딧 긍정,MU,2020-03-26,44.790000915527344,-0.08260774028376439,-0.046734807902162,0.029917395070276687,-0.03516682853429787,-0.014065663211380586,-0.09741171220167166
레딧 긍정,MU,2022-03-30,79.16000366210938,-0.06796367652756552,-0.04141032385867127,-0.08564939483367806,-0.052098023046290076,-0.11344116904370416,-0.046098649256511526
레딧 긍정,MU,2022-12-23,50.20000076293945,0.003386417656607188,0.008844609706702866,0.13964139870508507,0.11961062688716084,0.2258964139490558,0.18035045726311916
레딧 긍정,MU,2024-03-22,110.20999908447266,0.12784687491454916,0.12602428683713707,0.11559747726705538,0.12037492045609266,-0.009890176453546395,0.03134084337722831
레딧 긍정,MU,2024-06-24,139.00999450683594,-0.053880947632198306,-0.05867152261815234,-0.056614599152440714,-0.08071456842906488,-0.17811664977526742,-0.19845795364294905
레딧 긍정,MU,2024-09-26,109.87999725341797,-0.07335272806755588,-0.0655246998230915,-0.038132461928882866,-0.044824786184582854,-0.027575526529262095,-0.03970203813058126
레딧 긍정,MU,2025-01-08,99.41000366210938,0.03208927365956438,0.028442011704857162,0.03802432994716454,0.006675230259479248,-0.0715219831850944,-0.09065721785191228
레딧 긍정,MU,2026-05-27,928.4099731445312,0.16281597302595885,0.15777910477042845,-0.03934680724937878,-0.005993892285192981,0.30713811106898525,0.32867161546167667
레딧 긍정,MU,2026-06-26,1132.3299560546875,-0.13033299637226936,-0.16090960148495903,-0.172502683524566,-0.20018480940573657,-0.2050020337326881,-0.21885686954167705
레딧 긍정,NCLH,2020-02-28,37.2599983215332,-0.272678432575018,-0.27672886682161923,-0.7020933740875978,-0.611159729473467,-0.6774020129030145,-0.5327992646935246
레딧 긍정,NCLH,2020-06-09,24.1299991607666,-0.13137174415853714,-0.10696319999795034,-0.2527972932564039,-0.22555199097408785,-0.33733939795917645,-0.32296857671679646
레딧 긍정,NCLH,2020-09-24,14.630000114440918,0.18523581797323407,0.14338107749434115,0.24401918117380417,0.18132984955310283,0.21052624374155315,0.1452712658387325
레딧 긍정,NEE,2020-09-16,70.0875015258789,-0.025111497740871958,0.02264244926940162,-0.009951876169718044,0.0016471811197784625,0.07237384734505792,0.04548645830476117
레딧 긍정,NEM,2024-04-26,42.72999954223633,-0.04844370973554857,-0.05440522297892603,-0.005616612832684553,-0.030367757617112523,-0.017552071332429198,-0.05922364153042292
레딧 긍정,NFLX,2019-01-04,29.756999969482422,0.13448932706494188,0.10837889633228115,0.13956379615515124,0.08381676933374393,0.18069694212728504,0.10315824363386006
레딧 긍정,NFLX,2019-04-15,34.887001037597656,0.0946483802052569,0.08461284670227731,0.06211482077691799,0.048147900833753976,-0.009344460799932786,0.013313080658013288
레딧 긍정,NFLX,2019-07-18,32.520999908447266,0.003843670254663145,-7.164440687756901e-05,-0.01755785944821142,-0.004205818442747922,-0.09055686181590195,-0.043105155785884364
레딧 긍정,NFLX,2019-12-19,33.22200012207031,-0.009421459400147936,-0.015529254639652934,0.010866295217286881,0.002327744877404392,0.01772923664258874,-0.014679595062902617
레딧 긍정,NFLX,2020-01-24,35.316001892089844,-0.022850916808365818,-0.0014378369574218341,0.03853766489469823,0.02810476862077249,0.044002632136651565,0.06331697285548599
레딧 긍정,NFLX,2020-02-25,36.00899887084961,0.024105086443273693,0.06379804631653763,0.011219399074722247,0.08871813869335254,-0.007692533420314951,0.21460077013564427
레딧 긍정,NFLX,2020-04-01,36.40800094604492,0.019336369681958843,-0.09392792271748407,0.20624584365336673,0.07238432415689244,0.15318060644338893,-0.026912906410754056
레딧 긍정,NFLX,2020-05-29,41.972999572753906,-0.00030973455348870527,-0.04966563837899629,-0.003954932168314551,-0.0035934184114375656,0.05639341014289778,0.07042475684532068
레딧 긍정,NFLX,2020-07-13,52.54999923706055,-0.04393907024610855,-0.07404963782518459,-0.05680305715868417,-0.0834197671710264,-0.0801521988009728,-0.1459952023184814
레딧 긍정,NFLX,2020-08-27,52.62699890136719,-0.0009880506111547005,0.007452141267697998,-0.08406331120397637,-0.043096441959971754,-0.08244818804956733,-0.02617977493127488
레딧 긍정,NFLX,2020-10-19,53.071998596191406,-0.08004215775360668,-0.07238157752970342,-0.08780524515137678,-0.05327409921594939,-0.09726407305772233,-0.15737926551271286
레딧 긍정,NFLX,2022-01-21,39.75,-0.03305658304466397,-0.042120926441895024,0.031874170843160465,0.007398165199519857,-0.015622600819329757,-0.007060566237991117
레딧 긍정,NFLX,2022-04-21,21.82200050354004,-0.08569337348012807,-0.062294752156278554,-0.13701767492091832,-0.08165996105717666,-0.15919717948052325,-0.04825345858755348
레딧 긍정,NFLX,2022-07-06,18.4060001373291,-0.040747582006094296,-0.0292146050257045,0.17592083767485023,0.1458621579261956,0.23182658733715744,0.15041755352885677
레딧 긍정,NFLX,2022-10-19,27.238000869750977,0.09633594824067426,0.05964669718593374,0.0022761717207528953,-0.015010110822496703,0.12350386613071196,0.05036950464623091
레딧 긍정,NFLX,2022-12-19,28.829999923706055,-0.014325359275215499,-0.017956760050722664,0.07322234015336715,0.06338069797643797,0.09531734993258123,0.07263426513712457
레딧 긍정,NFLX,2023-01-20,34.25,0.05334305589216459,0.028588110777243436,0.06832117233833257,0.02671765355091993,0.015941647717552465,-0.012804448934086166
레딧 긍정,NFLX,2023-03-31,34.54800033569336,-0.018785517798110996,-0.019322831106335925,-0.036934148551694745,-0.04804821491913169,-0.06182706860481435,-0.07677612671128298
레딧 긍정,NFLX,2023-05-19,36.5359992980957,0.03700463149111166,0.033660324212878345,0.10449969528152558,0.08424263378126384,0.18978547339113927,0.14544932658716703
레딧 긍정,NFLX,2023-07-17,45.005001068115234,-0.04817240786855781,-0.055625197985747055,-0.02461952411260715,-0.040035219843875924,-0.049483416005589476,-0.04342802826602865
레딧 긍정,NFLX,2023-10-20,40.09600067138672,-0.007706552210528406,0.017246579878800072,0.07831203454386415,0.046259991708687664,0.16198620368938,0.0917091175003899
레딧 긍정,NFLX,2025-01-22,95.39900207519531,0.02532521634038276,0.03295994502611099,0.05987481903990499,0.06353557975711333,0.07395255874495299,0.06745562182531617
레딧 긍정,NFLX,2025-04-21,98.79100036621094,0.12396879880303358,0.05202599045898104,0.14793855522864252,0.05135957879205133,0.20622324931533842,0.04865733911498005
레딧 긍정,NFLX,2025-10-21,124.13500213623047,-0.11185404517085795,-0.13534615744339906,-0.11953924566994145,-0.125423457167689,-0.08092001148327266,-0.0642208780172232
레딧 긍정,NFLX,2025-12-09,96.70999908447266,-0.022128005479342683,-0.016022970570259587,-0.033192008219014024,-0.040395164847593534,-0.06390239234495054,-0.07337479798212432
레딧 긍정,NFLX,2026-01-08,90.52999877929688,-0.027394187131108305,-0.031353492188445964,-0.048713090601779196,-0.04830696263712475,-0.09201371858363105,-0.09362353618720698
레딧 긍정,NFLX,2026-04-28,92.2699966430664,-0.04746935529174645,-0.0644430616082663,-0.04996199359137454,-0.08718324180829884,-0.05332175515273552,-0.10779774806854425
레딧 긍정,NFLX,2026-07-13,73.83000183105469,-0.08438308549943851,-0.07493268543510956,-0.04645808235281712,-0.033003250626201686,0.033319775476937874,0.001471133738738084
레딧 긍정,NKE,2019-06-28,83.94999694824219,0.05396076918840498,0.040923201528955344,0.06587262191445742,0.03942210996906503,0.04371656857358208,0.014842877600619309
레딧 긍정,NKE,2020-03-23,62.79999923706055,0.35955411290884465,0.1859726037006324,0.34761143760452073,0.1596321194749506,0.35668786597631974,0.13201860254364028
레딧 긍정,NKE,2020-09-24,124.75,0.01515029570860471,-0.026704444770288216,0.03975957285665088,-0.022929758764050456,0.042244523226139696,-0.023010454676680947
레딧 긍정,NKE,2024-03-25,93.75,-0.02986669921874996,-0.028077460438452606,-0.029333333333333322,-0.028467542329386863,0.0028799641927084174,0.03004587431484218
레딧 긍정,NKE,2024-06-27,94.19000244140625,-0.19917190412964159,-0.2143082029841865,-0.2205117712506861,-0.24543992477102394,-0.22964225843680275,-0.22610986702982716
레딧 긍정,NKE,2024-09-20,86.5199966430664,0.03374949042573561,0.028083021964451005,-0.04935271392441276,-0.057676480697399946,-0.04160886053859547,-0.07036385720462046
레딧 긍정,NKE,2024-11-14,75.68000030517578,-0.007663871943919931,-0.008203195003473107,0.04082976117112014,0.02532455752137497,0.020745239012860406,0.0024423034207683436
레딧 긍정,NKE,2024-12-20,76.94000244140625,-0.029763462995355372,-0.02480693150600677,-0.0630362093789788,-0.05877329907334561,-0.034442441406172586,-0.06590649421471895
레딧 긍정,NKE,2025-04-07,55.61000061035156,-0.003596489134046532,-0.07247310973372012,0.026074460475181915,-0.019268326502468236,0.02571480470204479,-0.08218000156173666
레딧 긍정,NKE,2025-06-30,71.04000091552734,0.04054050135560283,0.03651031382153391,0.013372704617104603,0.006429208247404894,0.10261825480824216,0.07443983793094655
레딧 긍정,NKE,2026-01-05,64.52999877929688,0.01720131150394022,0.006382951185277985,-0.013946966189473775,0.0007973396984505277,-0.05578798298809329,-0.05841995336972905
레딧 긍정,NOC,2020-01-06,375.8299865722656,0.002660777574244211,-0.010656480377543964,0.006119837141054241,-0.017548352198425654,-0.03730407235872879,-0.05405102163829745
레딧 긍정,NOC,2022-04-01,454.7900085449219,0.01950349601031598,0.03131574970832851,0.023725187063510456,0.05673324977614791,-0.03555490033624431,0.04931660302367413
레딧 긍정,NOC,2024-07-30,486.7300109863281,-0.00041093050051699276,0.03621264069124963,0.03215333664092457,0.0320795764428734,0.05282187429326246,0.016733317912093204
레딧 긍정,NOC,2025-08-12,580.7999877929688,0.009349161139646567,0.01383033382301202,0.021039999991592895,0.017196824131159083,-0.0016012270925059857,-0.016413997627423238
레딧 긍정,NOW,2026-06-01,135.86000061035156,-0.15950241477692306,-0.134032422576298,-0.23340202371570273,-0.22851110030366573,-0.26924776730986966,-0.2537311711685527
레딧 긍정,NTAP,2024-03-04,103.33000183105469,-0.005419579774167516,-0.003428580285633309,-0.014806917179760015,-0.015900021946375853,0.013452040695025813,0.0006860066947615984
레딧 긍정,NVDA,2019-02-14,3.8632500171661377,0.030155930964915534,0.012807692460225617,0.01242479701326471,-0.009588500010698775,0.09888052965860461,0.07362361387590743
레딧 긍정,NVDA,2019-05-17,3.913249969482422,-0.07270168935550059,-0.061996408086966937,-0.14533952828671282,-0.1059119143836198,-0.07346832092880429,-0.08581788300731796
레딧 긍정,NVDA,2019-08-16,3.989000082015991,0.01804958305438631,0.031897600764195566,0.04982446141100638,0.03736122434178002,0.1294183716423789,0.09026311002005238
레딧 긍정,NVDA,2020-01-16,6.223249912261963,0.006226677733932151,0.012723789805795471,-0.05021492056493926,-0.022443851821727256,0.16414255011895174,0.14395642536152597
레딧 긍정,NVDA,2020-02-14,7.244750022888184,-0.05697232379814787,-0.012007891329723352,-0.04610236510176624,0.0383467144307833,-0.3222678723351321,-0.03272403870727458
레딧 긍정,NVDA,2020-07-08,10.215999603271484,0.0011012623676140976,-0.01683160359189828,0.021804098708656294,-0.011974106500971748,0.10481110787909032,0.05442843647421025
레딧 긍정,NVDA,2020-08-05,11.286749839782715,0.01360006725804741,-0.002448884369232074,0.0754646276324955,0.06004797092057612,0.2710922630854291,0.1940393951074313
레딧 긍정,NVDA,2020-09-03,13.01550006866455,-0.06538356787398003,-0.032580022289790955,-0.06348200775498303,-0.02080555468219636,0.003591876487105017,0.03703238669497333
레딧 긍정,NVDA,2020-11-10,12.770000457763672,0.0510766885561178,0.03249125636355599,0.014702416283528974,-0.011226835931525292,0.012588052440285935,-0.023594292067166345
레딧 긍정,NVDA,2021-01-04,13.113499641418457,0.03873873395594818,0.01189420545165043,-0.006729645705272902,-0.03346568823111451,0.03380109568371359,-0.0007984838938133176
레딧 긍정,NVDA,2022-01-04,29.290000915527344,-0.05029025039468893,-0.033956907305273454,-0.14417894667472764,-0.0901532143902285,-0.1382041723852393,-0.09590497396454878
레딧 긍정,NVDA,2022-02-10,25.823999404907227,-0.050999049944778885,-0.02371335252249951,-0.06455234879604888,-0.03880231065926476,-0.14420690478833598,-0.07910853497794401
레딧 긍정,NVDA,2022-03-25,27.691999435424805,-0.03538926629410044,-0.035897364518244324,-0.16513794769090073,-0.15382779043190498,-0.2813086511266285,-0.22789463149868017
레딧 긍정,NVDA,2022-04-29,18.547000885009766,0.00690129648692861,0.008503247123116453,-0.04534433981182584,-0.020392886464017934,0.014234103971937362,0.006321458909740674
레딧 긍정,NVDA,2022-07-15,15.76200008392334,0.09878189011084748,0.07292051517562581,0.15232838536380378,0.08258573999464991,0.1869686292459518,0.07799243760003272
레딧 긍정,NVDA,2022-08-25,17.913000106811523,-0.22196169309692704,-0.1669212988265002,-0.19684028369694484,-0.16606627744779234,-0.3012895819027509,-0.17838429631159258
레딧 긍정,NVDA,2022-10-31,13.496999740600586,0.05956878686152334,0.07577753180999525,0.20730535596564037,0.18423499564549384,0.15870195151007271,0.13534673095436855
레딧 긍정,NVDA,2023-01-24,19.264999389648438,0.014118934601453637,-0.001573215792705085,0.15094736767069206,0.11349112135098838,0.07729044212867442,0.08143837718983238
레딧 긍정,NVDA,2023-02-23,23.663999557495117,-0.014790415315016792,-0.007677137030521197,-0.009634835099052164,0.013077704261851952,0.14904498365446361,0.16773911375458606
레딧 긍정,NVDA,2023-04-28,27.749000549316406,0.03355074912355027,0.041484747274871614,0.02129805007647545,0.03173248955983743,0.40350997782034503,0.39367660102638347
레딧 긍정,NVDA,2023-05-26,38.94599914550781,0.005777288906563038,-0.01107909239678806,0.013762627994036825,-0.019045331483454442,0.07523238251582365,0.036781773410320406
레딧 긍정,NVDA,2023-06-27,41.875999450683594,0.01053113711612319,-0.0054259237564975304,0.048380958141631236,0.025798076965253713,0.08539498186388172,0.04105448219059338
레딧 긍정,NVDA,2023-08-04,44.68000030517578,-0.08560878999135457,-0.08301259995879551,-0.03090869537525165,-0.007834015724105914,0.08569826632768107,0.07589543087917905
레딧 긍정,NVDA,2023-09-01,48.50899887084961,-0.06866761929903908,-0.06259481134773515,-0.093652711318026,-0.07689702631240458,-0.07683105119136846,-0.023904335719844516
레딧 긍정,NVDA,2023-10-12,46.94499969482422,-0.10318453481332812,-0.08651246239421362,-0.14099477099221136,-0.09231604643639846,0.00010653036846841601,-0.00030852445388385163
레딧 긍정,NVDA,2023-11-20,50.409000396728516,-0.05134006290251014,-0.05281495150320803,-0.07623635609501345,-0.0813875828981343,-0.015969376477221853,-0.061273797139044794
레딧 긍정,NVDA,2023-12-19,49.604000091552734,-0.003769862799634316,-0.007286865243855578,-0.03237640089419758,-0.016455253524770508,0.19931862388818433,0.18333429991289374
레딧 긍정,NVDA,2024-01-22,59.65399932861328,0.04712174968336624,0.030946392129973965,0.16223558374512037,0.1434125920062339,0.16424723003761743,0.1367159502309807
레딧 긍정,NVDA,2024-02-20,69.4520034790039,0.13317100237026192,0.11269837432004004,0.23774682631286348,0.21677093714039875,0.287191126913102,0.2490439092737997
레딧 긍정,NVDA,2024-03-19,89.39800262451172,0.03538104087236471,0.02936995818275623,-0.0048547587704793616,-0.012029238641400375,-0.0599901430116726,-0.03059371181241366
레딧 긍정,NVDA,2024-04-19,76.19999694824219,0.1513780068776691,0.1249218997473871,0.16521003964281622,0.1326347008361315,0.21363517034876756,0.1443848102806693
레딧 긍정,NVDA,2024-05-20,94.77999877929688,0.20174089938311224,0.2022125441047503,0.22849755179987064,0.2316481062990745,0.430470601152507,0.39570096609106487
레딧 긍정,NVDA,2024-06-20,130.77999877929688,-0.051919261193648425,-0.05076751552123071,-0.03784980115037129,-0.05181692116579628,-0.0982566034107909,-0.1018946111518787
레딧 긍정,NVDA,2024-07-23,122.58999633789062,-0.15384610118572706,-0.1325740641427302,-0.14960434689418478,-0.09248779662245943,0.03801291949846508,0.029128556303925413
레딧 긍정,NVDA,2024-08-20,127.25,0.008251497459786261,0.0031324974793411897,-0.1653438185896059,-0.15147233151126271,-0.10907659924100566,-0.11390926820116087
레딧 긍정,NVDA,2024-09-19,117.87000274658203,0.05234578794581579,0.05003396026468576,0.04224989913885002,0.047784196754568575,0.16170348252369005,0.14179035858569633
레딧 긍정,NVDA,2024-10-17,136.92999267578125,0.02541452692959667,0.030754933011752583,-0.03045350465196406,-0.006911027598186292,0.07178852228766175,0.0528995372079728
레딧 긍정,NVDA,2024-11-14,146.75999450683594,-0.0006132211860121473,-0.0011525442455653234,-0.057985791941683074,-0.07349099559142824,-0.08524117589997071,-0.10354411149206277
레딧 긍정,NVDA,2024-12-16,132.0,0.05810604673443409,0.07804700822703181,0.017348433985854728,0.051478794880784884,0.011893994880445069,0.03686138710428888
레딧 긍정,NVDA,2025-01-21,140.8300018310547,-0.08407296871368619,-0.08651063021445371,-0.1574948520684094,-0.1553889594860357,-0.011361258841955157,-0.027744651732768633
레딧 긍정,NVDA,2025-02-21,134.42999267578125,-0.07074310068417677,-0.06114212434956812,-0.16171979036558892,-0.12168242090613879,-0.12445136233763343,-0.06451199869073554
레딧 긍정,NVDA,2025-03-25,120.69000244140625,-0.08733118487295088,-0.06215124062615529,-0.20208798488913393,-0.06484124667856717,-0.14897674201028122,-0.07939755747328381
레딧 긍정,NVDA,2025-04-23,102.70999908447266,0.06046148515068439,0.024751209614711556,0.13971374356959254,0.09165793257042831,0.28322465413869224,0.19462130731634053
레딧 긍정,NVDA,2025-05-23,131.2899932861328,0.046385954056735734,0.022901578091715002,0.08637376933949037,0.05085373369076773,0.12651383547679673,0.07873354391695653
레딧 긍정,NVDA,2025-06-25,154.30999755859375,0.01905257266490379,-0.0029035763617326626,0.06344377357147235,0.03264259364422961,0.1259154185858402,0.0809490395956387
레딧 긍정,NVDA,2025-07-28,176.75,0.018387553041018467,0.027446521718026307,0.03004241900194482,0.031643856385906055,0.017312574588932206,0.00863048798654864
레딧 긍정,NVDA,2025-08-27,181.60000610351562,-0.05473569442360182,-0.05858641309668011,-0.02439431600043629,-0.041405589707095736,-0.02153085644656083,-0.03919162508383711
레딧 긍정,NVDA,2025-09-25,177.69000244140625,0.06303110357565234,0.04605673518820019,0.083741373619032,0.06381889721943201,0.025156177383570677,0.0043218604973440655
레딧 긍정,NVDA,2025-10-27,191.49000549316406,0.08036972660799169,0.08314242435766095,0.03947985451837921,0.04502533908892947,-0.046686522455217094,-0.022592759684632147
레딧 긍정,NVDA,2025-11-26,180.25999450683594,0.017308390497361437,0.01037862645632548,0.0037168433893406405,-0.010245595312164513,0.0569732862832828,0.04133356612473582
레딧 긍정,NVDA,2026-01-20,178.07000732421875,0.05868476732982608,0.032252504434215234,0.012747733589625998,-0.00488857785054253,0.05565220416527983,0.04279769146151291
레딧 긍정,NVDA,2026-02-27,177.19000244140625,0.0035555328976353273,0.023395451184070604,0.017269583590674875,0.05181821045756829,-0.054574174816341636,0.021082852425665433
레딧 긍정,NVDA,2026-04-30,199.57000732421875,0.05977848493235727,0.041800519791513,0.18123964945385818,0.14017710128312522,0.05797460360179896,0.005348871353576534
레딧 긍정,NVDA,2026-06-01,224.36000061035156,-0.07006597066294462,-0.04459597846231955,-0.05308434493541303,-0.04819342152337602,-0.10817438138008795,-0.092657785238771
레딧 긍정,NVDA,2026-07-20,203.27999877929688,-0.03330383861233288,-0.029261202420721166,0.01652892872160794,-0.0044657693485250505,0.10689687061210362,0.06568899158391228
레딧 긍정,NVDA,2026-08-26,209.66000366210938,0.07035199724488828,0.07155297354604218,0.04149573975140819,0.0522648497868583,0.07116282508985616,0.06972697562061136
레딧 긍정,ODFL,2024-04-29,184.24000549316406,-0.022036543076055515,-0.03479976661208106,-0.012049506917679143,-0.03332146636925537,-0.05932483504499164,-0.09804577002231507
레딧 긍정,ORCL,2020-06-10,54.11000061035156,-0.04786546152971971,-0.024856068620971672,0.006098651129829991,0.052838474522022394,0.06320454870390524,0.07768729201797264
레딧 긍정,ORCL,2020-08-28,57.880001068115234,-0.03714584461304182,-0.014298050800385709,0.02729782286109539,0.061869092133162606,0.029371125286242306,0.07612217999164517
레딧 긍정,ORCL,2024-09-09,139.88999938964844,0.21759956089941013,0.1875304653146712,0.18628921061044856,0.14372042360283577,0.21502610595679617,0.1758796487182135
레딧 긍정,ORCL,2024-12-11,178.5800018310547,-0.07374844906432898,-0.038881969115571735,-0.038638196239919265,-0.028563467211145444,-0.1380893908010984,-0.09517297427781934
레딧 긍정,ORCL,2025-01-23,186.47000122070312,-0.08628731824185887,-0.07856280496156987,-0.07572260966778932,-0.07009736542706568,-0.10006973529229335,-0.0839811784106308
레딧 긍정,ORCL,2025-09-10,328.3299865722656,-0.08199063141079,-0.09267732813164653,-0.06051836850063075,-0.07414887602701459,-0.12091488232286429,-0.15295971860994362
레딧 긍정,ORCL,2025-12-10,223.00999450683594,-0.19976677678274712,-0.17624919640851855,-0.11443428385398935,-0.11852113687064336,-0.1098156622465829,-0.11926924505380243
레딧 긍정,ORCL,2026-03-11,163.1199951171875,-0.06265327076157001,-0.04062256971687106,-0.10483074642346402,-0.07598386801701107,-0.1548552921957166,-0.16014850107929035
레딧 긍정,OXY,2020-03-16,12.020000457763672,-0.1938436596211136,-0.12338291863626805,-0.08402663813789468,-0.1749167246011829,0.23960058661282502,0.05640274911749299
레딧 긍정,OXY,2022-03-07,55.380001068115234,0.003791966060353813,0.009585525696561348,0.10075835877096218,0.041248971248572186,0.04351751175388929,-0.045579586140286565
레딧 긍정,OXY,2022-08-22,69.02999877929688,0.09025066590037478,0.11618510659811732,-0.031145901258855635,0.023505111210788243,-0.06881066324782548,0.0019768275797358292
레딧 긍정,PANW,2022-06-10,82.53666687011719,-0.040103358714527304,0.021312760298081046,0.013448575674836816,0.016552709828172807,-0.0053309935825086585,0.017680811193296786
레딧 긍정,PANW,2023-08-18,104.84500122070312,0.10048162439846076,0.09253202251827042,0.15751823355777983,0.12386416152706681,0.1440221116725915,0.12768762167760284
레딧 긍정,PANW,2024-02-21,130.98500061035156,0.20681754560949117,0.188615943738897,0.06447297038652144,0.03925222108455406,0.0766499464774546,0.029848817349754198
레딧 긍정,PANW,2024-05-16,158.38999938964844,-0.016857113323025974,-0.0116934437697086,-0.0690384342492043,-0.06654168318880371,0.0016730815750338746,-0.024977747437058717
레딧 긍정,PANW,2026-06-03,280.42999267578125,-0.06137001000094677,-0.023172621992335274,0.006062162576870644,0.02366924842973306,0.2411653769181632,0.2537077521037595
레딧 긍정,PAYX,2020-06-10,77.29000091552734,-0.01733735219837418,0.00567204071037386,-0.07543022075295969,-0.028690397360767284,-0.05705788083673602,-0.042575137522668616
레딧 긍정,PCG,2019-01-16,7.03000020980835,0.9843526874724573,0.9745052788646951,0.8492175835019504,0.8149238394882681,1.200568962351503,1.1492240572538235
레딧 긍정,PCG,2019-02-20,18.209999084472656,-0.022515094345156195,-0.025352666754661524,0.00823731649755044,0.012116548837041052,0.04777599577010583,0.036497722397895505
레딧 긍정,PCG,2019-11-04,7.269999980926514,-0.13892706391946374,-0.14211543949904648,-0.024759261184438608,-0.03988758851096097,0.171939543344793,0.16484713774108362
레딧 긍정,PCG,2019-12-17,10.90999984741211,0.003666357691335387,-0.0015281337317136767,-0.005499492830571828,-0.022084240058091398,0.15765355555314686,0.12213706200436247
레딧 긍정,PCG,2020-02-03,17.270000457763672,0.04400696055223219,0.01142644186261621,-0.06832659374049499,-0.10723198698715775,-0.1424435421506366,-0.06876710983371481
레딧 긍정,PCG,2020-05-19,11.859999656677246,-0.07841478738811514,-0.11800788774178961,-0.0025294885193610783,-0.07174889931698336,-0.06829675289968062,-0.13573519643526277
레딧 긍정,PCG,2020-06-17,11.050000190734863,-0.11312216999309122,-0.088832857167356,-0.18280546813541143,-0.17914758892395677,-0.18371037990327754,-0.2130051394987722
레딧 긍정,PCG,2020-08-18,9.359999656677246,-0.026709402689096717,-0.042891720878632245,-0.025641002128344415,-0.06686469351511337,0.04594020522949771,0.04540868896445116
레딧 긍정,PCG,2022-05-09,12.09000015258789,-0.02481391124471144,-0.029635929089871782,-0.0016542975608970778,0.001485064917053247,0.011579767401282526,-0.03254705333889718
레딧 긍정,PCG,2025-01-24,16.540000915527344,-0.05380902344216676,-0.04369345248428913,-0.07376065013139255,-0.06191804026770442,-0.03204357057489371,-0.014345412361545185
레딧 긍정,PEP,2020-02-13,146.47000122070312,-0.004232915354819178,0.006388299260371988,-0.09858675715887955,0.022459905418978465,-0.12985597128384885,0.07111712171155837
레딧 긍정,PEP,2024-07-18,170.3699951171875,0.0038152795322106137,0.029599669016616703,0.0269414317557648,0.04440237310818407,0.012619646750559488,0.01187771825996431
레딧 긍정,PFE,2020-03-30,30.996204376220703,0.058157381438536104,0.04588911646640659,0.1153964158868861,0.03077950335144508,0.16039184938124795,0.0683604423429951
레딧 긍정,PFE,2020-04-28,35.967742919921875,0.015826949297932824,0.014217067810544659,-0.014508107562335004,-0.017797935040244628,-0.013189159767892367,-0.07548568833877622
레딧 긍정,PFE,2020-06-04,34.16508483886719,-0.07525687313731799,-0.040730920844951446,-0.07692304256773985,-0.07827200662058731,-0.041655073171886436,-0.04444934885179841
레딧 긍정,PFE,2020-07-14,33.425048828125,0.04144187471240013,0.022346189018562113,0.10757875669240158,0.10052369615914403,0.07266528314427823,0.02914347899014813
레딧 긍정,PFE,2020-10-26,35.977230072021484,-0.044567534511725126,-0.01748953561736799,0.03375524786573103,-0.010942540093264563,0.015086497338890004,-0.03815601430470883
레딧 긍정,PFE,2020-12-01,39.40999984741211,0.07992899107016238,0.0685907457867676,-0.017762008770609516,-0.027515594452743986,-0.06774925600819659,-0.08405984395392807
레딧 긍정,PFE,2022-12-06,49.709999084472656,0.0675920473191296,0.04692319292516922,0.03238786240200242,0.06613333247911424,-0.0010058185069684589,0.03568509427806299
레딧 긍정,PFE,2023-09-07,34.279998779296875,-0.0037922187294965326,-0.016178369504921575,-0.041715296268896584,-0.011457925761080956,-0.023628867778225815,0.022116902311255182
레딧 긍정,PFE,2023-12-14,26.1299991607666,0.08342902316081924,0.08196718458297036,0.10179876923818099,0.09480741794330627,0.0838117338077009,0.07762546053013608
레딧 긍정,PFE,2024-12-09,26.100000381469727,-0.03256706394813702,-0.03605648873003786,0.023371597474612038,0.03989271667051619,0.029118782290187717,0.054239511643558
레딧 긍정,PFE,2025-05-27,23.610000610351562,-0.011012292340553453,-0.01936888920664115,0.029224845780243758,0.009043855873990925,0.027530690458571483,0.0005156011520046633
레딧 긍정,PFE,2025-10-13,24.729999542236328,-0.0016174285854877457,-0.014075213997160718,0.001617505712405043,-0.03186465666501315,-0.013748490047774009,-0.04149949303978917
레딧 긍정,PGR,2022-07-11,120.31999969482422,-0.08336102730000539,-0.07742708483298133,-0.06382978993230626,-0.09334335215713241,-0.01520945674614571,-0.0900604012994336
레딧 긍정,PKG,2020-08-28,102.2699966430664,0.04185006892714682,0.06469786273980294,0.03578765798617556,0.07035892725824278,0.08682903270061404,0.1335800874060169
레딧 긍정,PLTR,2020-09-30,9.5,0.05263157894736836,0.03510345072488397,-0.016842089201274724,-0.055780180684930625,0.14210530331260274,0.1666805687022498
레딧 긍정,PLTR,2020-11-06,13.829999923706055,0.14244398249431822,0.1197686273470524,0.3123644048196479,0.297599774775992,1.0925524724299858,1.0384914932267528
레딧 긍정,PLTR,2020-12-07,28.940000534057617,-0.05874225057248472,-0.0467397776804106,-0.01485833784521673,-0.011525787522714714,-0.1865929343081858,-0.19867668488211132
레딧 긍정,PLTR,2022-01-07,16.559999465942383,-0.033212515386349284,-0.030273179361221758,-0.19082125297836072,-0.1345016576078346,-0.21618357724399406,-0.17578368297418678
레딧 긍정,PLTR,2022-02-17,11.770000457763672,-0.02548854537528744,-0.027067281579150948,-0.06881906441069086,-0.05763070547101501,0.08920978727472795,0.07214121202933965
레딧 긍정,PLTR,2022-05-10,7.289999961853027,0.14677636494146684,0.12364872187593257,0.035665326507868356,0.0486949231832271,0.2592593077109344,0.22886514851346207
레딧 긍정,PLTR,2022-08-16,9.739999771118164,-0.17761802699074625,-0.1372410067193195,-0.2002053239310574,-0.12692159142610904,-0.21663241337376493,-0.1349475050507829
레딧 긍정,PLTR,2022-11-08,7.210000038146973,0.1567267834205639,0.11355926971801145,0.0013869281541984968,-0.045471694611467495,-0.01941745710747278,-0.048632126380010465
레딧 긍정,PLTR,2023-02-01,8.199999809265137,0.002439080271815719,0.0028042066129585486,0.2329268160779725,0.2251857662049086,-0.02804878346626427,0.003572420575546853
레딧 긍정,PLTR,2023-03-30,8.149999618530273,-0.007361898006223777,-0.020961080736888515,0.08098169717527504,0.05928246759102018,-0.049079710092355455,-0.07937443414224732
레딧 긍정,PLTR,2023-04-28,7.75,-0.04387098743069562,-0.035936989279374276,0.22580645161290325,0.23624089109626523,0.761290273358745,0.7514568965647834
레딧 긍정,PLTR,2023-06-01,14.539999961853027,0.04470423798044054,0.02737457738666227,0.14167815852966248,0.0924154435837472,0.054332872347019334,0.003458112775495348
레딧 긍정,PLTR,2023-07-18,18.079999923706055,-0.08462393214058639,-0.08737608430879984,0.10564158492654441,0.10059962334083705,-0.1498893832733753,-0.1250099545492115
레딧 긍정,PLTR,2023-11-03,18.889999389648438,0.04129172640804546,0.027672864973673716,0.08470092287808728,0.04766301997465949,-0.025939639330358033,-0.07655041914226668
레딧 긍정,PLTR,2023-12-06,17.1299991607666,0.04319916606660712,0.00858752498918025,0.007005303275684938,-0.02268068430039416,-0.06713366461594206,-0.09607201315035219
레딧 긍정,PLTR,2024-01-18,16.399999618530273,0.0036585041059751244,-0.020560280719379875,-0.004268274173929054,-0.03094254274860453,0.5493902706376581,0.4958319167282774
레딧 긍정,PLTR,2024-02-16,24.440000534057617,-0.03600658956160563,-0.04897926346615955,-0.016366596145236056,-0.04197164464735692,-0.01800329478080276,-0.04472943705010668
레딧 긍정,PLTR,2024-05-03,23.329999923706055,-0.11701669743523335,-0.13569497815838938,-0.06729531504322517,-0.10281332509351127,-0.08615517511594317,-0.11844600609664735
레딧 긍정,PLTR,2024-06-18,25.81999969482422,-0.06661500130456144,-0.06118193867478283,0.0011619166150309557,-0.004253007615422355,0.1092176501996438,0.10161499019781894
레딧 긍정,PLTR,2024-08-06,26.59000015258789,0.14291083923482817,0.10481842769927185,0.21549452836985616,0.14549551260042515,0.15043249255531488,0.09527595430696945
레딧 긍정,PLTR,2024-09-11,34.849998474121094,0.043902515379743656,0.031312706716520644,0.06513631440900425,0.03696273553618301,0.23758975485013867,0.1966099337062044
레딧 긍정,PLTR,2024-10-10,43.52000045776367,-0.034926480739329024,-0.04572260427118735,0.0009191386743243601,-0.004478923091604914,0.2840073639784768,0.2501955848597823
레딧 긍정,PLTR,2024-11-07,55.880001068115234,0.05905510332825514,0.06284954905819207,0.09806727697725792,0.10132444607972213,0.3661416406351812,0.3456584175410786
레딧 긍정,PLTR,2024-12-09,72.45999908447266,0.04540437423538912,0.04191494945348828,0.11357995391828801,0.13010107311419217,-0.05837697738041381,-0.03325624802704352
레딧 긍정,PLTR,2025-01-08,68.2300033569336,0.014802791398855986,0.01115552944414877,0.15755531981675586,0.12620622012907057,0.6246518103513536,0.6055165756845358
레딧 긍정,PLTR,2025-02-07,110.8499984741211,0.0749662183344848,0.06010197347295043,-0.18195758634723103,-0.17603186195543896,-0.31096077307344705,-0.24406328961918877
레딧 긍정,PLTR,2025-04-28,114.6500015258789,0.07954640205677554,0.056563675832232985,0.03323155262002997,-0.02511466880668478,0.07623199081943954,0.003072236595509592
레딧 긍정,PLTR,2025-06-05,119.91000366210938,0.12742889094019128,0.10938654640385415,0.14502542622424697,0.1429513320850937,0.1602034097939764,0.11361373699820176
레딧 긍정,PLTR,2025-07-22,149.07000732421875,0.04809819424876638,0.03792100924233832,0.16233981189528346,0.16375509458009274,0.058227626278321454,0.04081514581828771
레딧 긍정,PLTR,2025-08-19,157.75,0.0197780989996037,0.011416279699573817,-0.018066599705328867,-0.024209036820687313,0.06706815740763661,0.0367935521481062
레딧 긍정,PLTR,2025-09-22,179.3300018310547,-0.0026208733391187566,0.0021179456465814095,0.0011152453365310677,-0.006037832319270242,0.012602433969554516,0.0059142317652998155
레딧 긍정,PLTR,2025-10-29,198.80999755859375,-0.05487653435986761,-0.04060516388671487,-0.07363814480875741,-0.0678044700678232,-0.1661887917703695,-0.1549724199750947
레딧 긍정,PLTR,2026-08-05,158.42999267578125,0.07959351886203314,0.07608605282051584,0.10578811172404379,0.10673639695714154,0.06962074448023414,0.07563537836086387
레딧 긍정,PM,2025-02-07,144.41000366210938,0.041894625706911715,0.027030380845377344,0.082196487889862,0.08812221228165407,0.04279476849984154,0.10969225195409982
레딧 긍정,PNC,2023-05-04,113.63999938964844,-0.008271756832584742,-0.025550161087102508,0.05728618594856716,0.022482528027465642,0.08746922293904635,0.031215654281464333
레딧 긍정,PSKY,2025-09-10,15.109999656677246,0.18596958858135615,0.1752828918604996,0.2653872451138075,0.2517567375874237,0.22435475978483432,0.192309923497755
레딧 긍정,PYPL,2019-10-28,106.5999984741211,-0.03555348001667591,-0.04897256174442366,-0.03686679513536628,-0.05351703751517811,-0.02016887013746871,-0.05337034633104021
레딧 긍정,PYPL,2020-05-08,144.9600067138672,0.003794065724999296,0.024858227982840875,0.04070083901230914,0.03044232453086071,0.07677972619022189,-0.028404275686498615
레딧 긍정,PYPL,2020-12-18,236.4499969482422,-0.0030450464368613206,-0.011144133091806396,-0.006512976553219918,-0.012336677563942189,0.03303022905220554,-0.006814893285111312
레딧 긍정,PYPL,2022-02-03,124.30000305175781,-0.04247792662155314,-0.04856839053451756,-0.15366054412373986,-0.1322991280589344,-0.19621881569457866,-0.1639080398804902
레딧 긍정,PYPL,2022-03-07,93.61000061035156,0.03482536176663564,0.04061892140284318,0.22476232003357888,0.1652529325111889,0.3017839954684933,0.21268689757431747
레딧 긍정,PYPL,2022-04-21,89.4000015258789,0.030089426913857853,0.053488048237707364,-0.0444071717331449,0.010950542130596763,-0.09082776966431605,0.020115951228653728
레딧 긍정,PYPL,2022-07-28,85.86000061035156,0.12951319202810918,0.10956587763054926,0.15432098655730186,0.12004122528687122,0.1264849817511211,0.09338723456716003
레딧 긍정,PYPL,2022-10-31,83.58000183105469,-0.07083031872757983,-0.054621573779107924,0.07094999013235781,0.04787962981221128,-0.07106966153713579,-0.09442488209283995
레딧 긍정,PYPL,2023-02-10,80.80000305175781,-0.07599008858595413,-0.07407851432126777,-0.08700502652441999,-0.06173790236333743,-0.1013614125256902,-0.04577857084740289
레딧 긍정,PYPL,2023-06-29,65.86000061035156,0.01412086693830994,0.013116547347070462,0.09474639851109812,0.06925048697926894,0.12329187171774447,0.08035738333561437
레딧 긍정,PYPL,2023-08-01,75.52999877929688,-0.16337879454554338,-0.14644484168827432,-0.21263071386406363,-0.18285942922768628,-0.1725142193815109,-0.1564784518822896
레딧 긍정,PYPL,2023-10-25,51.4900016784668,0.003301576294498565,-0.00893651739136292,0.06972227686077614,0.02254226780088131,0.09419301448866269,0.004455252984328473
레딧 긍정,PYPL,2024-01-02,61.459999084472656,-0.0066710031487080546,-0.00927337488722868,-0.02554506537929424,-0.024783433397465915,-0.0017897919295504217,-0.023433738017421657
레딧 긍정,PYPL,2024-02-07,63.2400016784668,-0.06910187587914018,-0.07004546394367317,-0.07732452679568391,-0.09619622681837137,-0.07495258622171674,-0.10850004908122413
레딧 긍정,PYPL,2024-07-01,57.810001373291016,0.020584649687601875,0.0013673174679600386,0.06919217963983737,0.03339807406381823,0.10707487423739881,0.11319954268458388
레딧 긍정,PYPL,2025-03-27,68.86000061035156,-0.10383388705349594,-0.0502611919006718,-0.12053440551106864,-0.04558907377798693,-0.051118272455138225,-0.02212765041598841
레딧 긍정,PYPL,2025-10-29,69.68000030517578,-0.02324917823603534,-0.008977807762882595,-0.03559132241779539,-0.029757647676861176,-0.11265784213175445,-0.10144147033647966
레딧 긍정,PYPL,2026-02-04,41.029998779296875,-0.013892266921339269,-0.02230104511793307,0.017060706404228965,0.019552759576924816,0.16110165262025,0.1682133926127446
레딧 긍정,QCOM,2019-04-17,79.08000183105469,0.07574605115167388,0.0667635827589006,0.10192207096571648,0.09594528604330788,0.04716737027280016,0.0532133192318498
레딧 긍정,QCOM,2020-11-06,145.00999450683594,-0.005172057295434462,-0.02784741244270028,0.007034027385008024,-0.007730602658647889,0.08971802122930006,0.03565704202606712
레딧 긍정,QCOM,2023-02-03,135.02000427246094,-0.04466003990881795,-0.03420776030460282,-0.05406608517821487,-0.04172221161801215,-0.09339357288795125,-0.07428358194294249
레딧 긍정,QCOM,2025-10-28,181.02999877929688,-0.04524113404757357,-0.028037385661377145,-0.03894383858640382,-0.03303460566202954,-0.09793954508697,-0.08041563440940658
레딧 긍정,RCL,2020-03-13,32.33000183105469,-0.26353238114970934,-0.11307937665501822,0.06712026124480186,0.12615786975092502,0.03216817327338051,0.008627418166173628
레딧 긍정,RCL,2020-04-13,33.369998931884766,0.07851371982150823,0.05700173913152051,0.18279899562687296,0.141480037564242,0.1408450977937743,0.07975536364963531
레딧 긍정,RCL,2020-06-08,75.12000274658203,-0.19022897221842205,-0.14025983916121987,-0.3096379297894635,-0.2707146110558447,-0.3668796640791523,-0.33773358402981046
레딧 긍정,RCL,2020-09-02,68.37000274658203,0.025888497469087612,0.09245264828273891,0.0055579528762994546,0.06667065939890471,-0.04124615447620694,0.016511751470275615
레딧 긍정,RCL,2020-12-04,82.7300033569336,-0.07578875883044978,-0.06619022360816484,-0.12619366635782048,-0.12438208486078828,-0.12305088712803247,-0.12705245653272734
레딧 긍정,RCL,2023-02-06,69.08999633789062,0.07092201166019785,0.06360190308275726,0.03864533130501191,0.06485129618377072,0.06035614444015991,0.08856295686811133
레딧 긍정,RDDT,2024-03-21,50.439998626708984,-0.02220457895277783,-0.02387059790499979,-0.05709748873571441,-0.04987799535555082,-0.18953207412522688,-0.13775113212440282
레딧 긍정,RDDT,2024-05-08,51.400001525878906,0.16011671785831916,0.13577358130108252,0.1029182284783916,0.07847843925437337,0.2346302957310571,0.2008516638536859
레딧 긍정,RDDT,2024-06-07,59.79999923706055,0.019063535187169967,0.0026405854842250776,-0.0555183902538694,-0.0718663618444797,0.18043473642961305,0.13959280994930956
레딧 긍정,RDDT,2024-08-07,50.689998626708984,0.08404028904403704,0.035665576988751724,0.12231211147977072,0.04141128214015333,0.15821662408840287,0.0985435939538668
레딧 긍정,RDDT,2024-09-30,65.91999816894531,0.06856802788247496,0.07895568451802693,0.1357707042815579,0.1173658008744567,0.20873790228217515,0.19641566440591252
레딧 긍정,RDDT,2024-10-30,116.05000305175781,0.043343374812782276,0.024326516351708793,0.1379577258580127,0.10833756002204131,0.2067211512581828,0.1742734227580769
레딧 긍정,RDDT,2024-12-10,155.92999267578125,0.08247291229655107,0.08000113017221766,0.13775419736593353,0.14024258494120867,0.07150650727251162,0.10851712109199319
레딧 긍정,RDDT,2025-01-29,202.0,0.09485150327776926,0.09084696172095241,0.07163366940942151,0.06905812596671246,-0.20900990703318378,-0.18116056947877868
레딧 긍정,RDDT,2025-03-12,130.67999267578125,-0.15893778832083716,-0.17371762949640956,-0.08019587017838348,-0.09758816502907253,-0.15166814490572667,-0.13332756464635753
레딧 긍정,RDDT,2025-05-15,113.58999633789062,-0.13443082256683492,-0.12194903744518482,-0.010916435458638185,-0.009104276659734234,0.04040852289167707,0.02933245036521792
레딧 긍정,RDDT,2025-06-18,141.16000366210938,0.01976475781915643,-0.004388282849051128,0.11242557881462689,0.06572628800709723,0.050155863186302385,-0.00029274173682281024
레딧 긍정,RDDT,2025-08-01,188.63999938964844,0.14206956710384966,0.1172030312015655,0.30672180236195756,0.27178640899874074,0.1931721933805619,0.15564723328725982
레딧 긍정,RDDT,2025-10-21,205.7100067138672,0.035292374069746835,0.011800261797205724,-0.08721015923333253,-0.09309437073108007,-0.09732148956811715,-0.0806223561020677
레딧 긍정,RDDT,2025-11-19,187.77999877929688,0.10533602571030398,0.07960524432803906,0.18622857305374874,0.15338971938687718,0.23197357461798185,0.21108715879266748
레딧 긍정,RDDT,2026-01-12,244.02000427246094,-0.07646915554216005,-0.05118007571328953,-0.1955577427472761,-0.19603247820759173,-0.3853782759544637,-0.3810052134295998
레딧 긍정,RDDT,2026-04-27,160.2100067138672,0.05530241707170891,0.051331295627388585,-0.004369341350078493,-0.0381095785795873,-0.09718498640366802,-0.14671173499731283
레딧 긍정,RDDT,2026-05-26,144.63999938964844,0.1693169634714251,0.15735306820576223,0.23140211118597742,0.24944130512414475,0.11117257950020076,0.13428777687869542
레딧 긍정,RDDT,2026-07-02,194.6699981689453,0.003441712514754558,-0.010213303073884905,-0.06929678748677393,-0.0672961279484966,-0.2773925130113569,-0.28041353923587076
레딧 긍정,RDDT,2026-08-03,154.7100067138672,0.025919425588626144,0.005646685829658882,0.06327963842855477,0.04348210079563164,-0.044599630636917076,-0.05697969728121588
레딧 긍정,REG,2022-08-31,60.84000015258789,0.014957262411732675,0.0017986706221491122,-0.03928335607584277,-0.026479070301321905,-0.12606840835644417,-0.04410579706242257
레딧 긍정,REGN,2020-10-09,602.0700073242188,-0.0038700102338581344,-0.005138577146539425,-0.03697246083483752,-0.03388753275241041,-0.039928874939618164,-0.04947189786119155
레딧 긍정,ROST,2022-08-22,88.11000061035156,-0.013051884211924492,0.012882556485818042,-0.01577572784042336,0.03887528462922052,0.002156423108501615,0.07294391393606292
레딧 긍정,RTX,2023-07-26,86.30000305175781,-0.009733533459800325,0.002077414197707128,0.017033528845033397,0.03846008272174595,-0.0030127708810686604,0.024385114387686424
레딧 긍정,RTX,2023-11-15,80.62999725341797,-0.010045858690134302,-0.021920961929919103,0.010542057949525674,-0.004401905157919606,0.015254910068615457,-0.034402662991219746
레딧 긍정,SBUX,2019-04-26,77.44999694824219,0.007747012616625248,0.005633945204303936,0.012524225421872481,0.03062175956289903,-0.016784964152187554,0.019444219413939257
레딧 긍정,SBUX,2019-07-26,99.11000061035156,-0.03632326154728216,-0.005231528343721759,-0.02835231098061619,0.006050570753339146,-0.04449605120523803,0.012323269702126605
레딧 긍정,SBUX,2020-02-14,89.27999877929688,-0.05331543684266116,-0.008351004374236637,-0.07728496438419474,0.007164115148354799,-0.3437499893181639,-0.0542061556903064
레딧 긍정,SBUX,2020-03-23,56.54999923706055,0.20000002698282815,0.0264185177746159,0.1987621897455405,0.010782871615970357,0.2859416834977677,0.06127242006508826
레딧 긍정,SBUX,2020-04-27,77.73999786376953,-0.0752508185602545,-0.06312756262317398,-0.024054478628420473,-0.04304076129275569,0.00025732278120194074,-0.04165174982246378
레딧 긍정,SBUX,2022-03-29,91.2300033569336,-0.07793489366139761,-0.055142153347447764,-0.12539736951063918,-0.07500200635773124,-0.18075199919315577,-0.0848143977406367
레딧 긍정,SBUX,2023-01-06,106.69000244140625,0.005061401285691325,-0.021788768236755907,-0.004499047201702022,-0.036837788556017936,-0.015652879933684583,-0.07169802720373042
레딧 긍정,SBUX,2024-05-20,77.54000091552734,-0.0007737626758492766,-0.0003021179542112007,0.06770698914124829,0.07085754364045216,0.03430482333386431,-0.00046481172757784073
레딧 긍정,SBUX,2024-06-24,79.7300033569336,-0.03261013412825253,-0.037400709114206565,-0.08754550436534736,-0.11164547364197153,-0.04352189984451271,-0.06386320371219434
레딧 긍정,SBUX,2024-08-14,93.9000015258789,-0.011927611590861975,-0.042952889967298846,0.014909494176025717,-0.011849104063916815,0.0572949644940659,0.02908342085182447
레딧 긍정,SBUX,2025-01-30,109.0,0.024770614204056685,0.022655003098409843,0.03669724770642202,0.028945689773510752,0.0624770418219609,0.08042624476053384
레딧 긍정,SCHW,2023-03-15,59.54999923706055,-0.055247707097867305,-0.06251750411065993,-0.07287993632562328,-0.10388591495814448,-0.1353484074199226,-0.1974887755797593
레딧 긍정,SJM,2022-06-10,128.41000366210938,-0.04820498609823476,0.013211132914373591,0.0011680857581708448,0.004272219911506836,0.03660148597619761,0.059613290752003056
레딧 긍정,SLB,2022-03-09,42.560001373291016,-0.10996240963734472,-0.12917111178454233,-0.003524471828918685,-0.041871688764478554,-0.04182336787026519,-0.08653450047789113
레딧 긍정,SMCI,2023-06-12,25.864999771118164,-0.14015078415147764,-0.1479424046630614,-0.12557507133292223,-0.1310384777447655,0.06955344296526089,0.041383775919223265
레딧 긍정,SMCI,2023-09-06,27.402999877929688,-0.011203124034249501,-0.011853046817021373,-0.11298035562450337,-0.09599324937303677,0.023245668008439413,0.07156263609506275
레딧 긍정,SMCI,2024-01-22,43.624000549316406,0.13623236563869323,0.12005700808530095,0.5206078821102558,0.5017848903713693,0.8053594991854505,0.7778282193788137
레딧 긍정,SMCI,2024-02-20,78.75700378417969,0.08067849170935348,0.06020586365913161,0.3850577719034243,0.36408188273095954,0.15668443116127562,0.11853721352197333
레딧 긍정,SMCI,2024-03-19,91.09700012207031,0.12524009096614774,0.11922900827653926,0.1148226513546684,0.10764817148374739,0.05390960301889414,0.08330603421815308
레딧 긍정,SMCI,2024-04-22,71.7020034790039,0.24173662299660847,0.22104504308659423,0.1580569528496376,0.12433805814389265,0.2606899780541332,0.19997598569085606
레딧 긍정,SMCI,2024-05-28,87.47200012207031,-0.11787768651554753,-0.11519751264812406,-0.12245059585019968,-0.13592715288260615,-0.04979882478436792,-0.07943211271660422
레딧 긍정,SMCI,2024-07-15,89.76799774169922,-0.12409767032682362,-0.11184542285320698,-0.2227407942719366,-0.19287592746819904,-0.3973576226082607,-0.3470308220967885
레딧 긍정,SMCI,2024-09-05,41.459999084472656,0.06640140442692588,0.04915273399412379,0.05451042417115892,0.01562831560917921,0.0021707707326408254,-0.030961855052911602
레딧 긍정,SMCI,2024-10-08,45.349998474121094,0.05314222554577097,0.04160978912410496,0.013671505346043888,-0.004037071021699257,-0.3891951114673925,-0.39535389403125254
레딧 긍정,SMCI,2024-11-08,24.520000457763672,-0.24225124074893145,-0.22145516861359893,0.35195762263465835,0.35643779225441685,0.8009787529767318,0.7901293736693424
레딧 긍정,SMCI,2024-12-09,44.15999984741211,-0.24275365166993645,-0.2462430764518373,-0.2663043107375004,-0.24978319154159623,-0.2615488966705104,-0.23642816731714011
레딧 긍정,SMCI,2025-01-28,28.18000030517578,0.03477642056860919,0.03930892593790969,0.3701206597666402,0.3688138742147633,0.813697659930978,0.8302066938446023
레딧 긍정,SMCI,2025-02-27,42.95000076293945,-0.1373690668469063,-0.11627691048798805,-0.09010474652247491,-0.0326224705041851,-0.19161814659006482,-0.16090287254841484
레딧 긍정,SMCI,2025-04-28,37.27000045776367,-0.1368393406540993,-0.15982206687864187,-0.10061711708991516,-0.15896333851662992,0.11537427379249787,0.04221451956856792
레딧 긍정,SMCI,2025-07-28,60.04999923706055,-0.03030807190586915,-0.02124910322886131,-0.24729389946363645,-0.2456924620796752,-0.2661115694465169,-0.2747936560489005
레딧 긍정,SMCI,2025-10-09,57.97999954223633,-0.07140392242729487,-0.05572962879085308,-0.17350813129901232,-0.17440216050978674,-0.30424283423455944,-0.3029764065273838
레딧 긍정,SMCI,2026-02-04,33.7599983215332,-0.050947792995261754,-0.059356571191855556,-0.047393322087358136,-0.044901268914662285,-0.04502359948569379,-0.037911859493199196
레딧 긍정,SMCI,2026-03-23,21.579999923706055,-0.024096406839762774,0.011623380162090302,0.050509738481996136,0.044650594486598916,0.31742355911432907,0.2431155060089567
레딧 긍정,SMCI,2026-05-29,46.09000015258789,-0.09655024404875368,-0.07152645866840379,-0.3391191368272892,-0.3196473981837594,-0.3892384568163276,-0.3687752841370482
레딧 긍정,SMCI,2026-06-30,29.329999923706055,-0.03954994375825194,-0.03771538280728148,-0.08319129016040261,-0.09395762760976956,-0.12376403580665007,-0.10058421189050082
레딧 긍정,SMCI,2026-08-13,39.15999984741211,-0.06792645193505775,-0.04828328177904262,-0.01787540259619569,-0.009159367662380347,0.02400405082665258,0.04147464625289199
레딧 긍정,SNDK,2026-01-12,389.2699890136719,0.16402499012394478,0.1893140699528153,0.2367508574077941,0.2362761219474785,0.3914250518536997,0.3957981143785636
레딧 긍정,SNDK,2026-05-01,1187.0,0.3162089012808025,0.2926607570662474,0.18585508454217559,0.160156121288616,0.48393433337062963,0.4313568653491884
레딧 긍정,SNDK,2026-06-15,2107.860107421875,-0.0684391394514231,-0.04028710585592987,0.07869112018527202,0.08936901769346617,-0.23382012197417246,-0.23379360006752226
레딧 긍정,SNDK,2026-08-18,1625.780029296875,-0.0891941143036058,-0.08718741805237873,-0.054687616145795426,-0.047299535072149346,-0.06508264137031583,-0.04762218896179127
레딧 긍정,SPG,2020-06-08,95.5,-0.22104712680996397,-0.17107799375276178,-0.282198920924002,-0.24327560219038324,-0.3096335046578452,-0.2804874246085034
레딧 긍정,SPG,2020-11-10,78.83999633789062,0.0015221049233402617,-0.01706332726922155,0.12620503601995647,0.10027578380490221,0.15220700859206882,0.11602466408461654
레딧 긍정,STLD,2020-12-11,39.130001068115234,-0.07692312941650148,-0.08478555087101769,-0.080500931252099,-0.09652611779423825,0.06772291435844013,0.03367977584828785
레딧 긍정,STX,2020-06-30,48.40999984741211,-0.03821521338467826,-0.06357520720911403,-0.003511633329500996,-0.04725927048343681,-0.08469321394431428,-0.13904530423422934
레딧 긍정,SYY,2020-03-13,47.06999969482422,-0.24941571998906242,-0.0989627154943713,0.0718079687705393,0.13084557727666246,-0.00042490881439016803,-0.023965663921597047
레딧 긍정,SYY,2022-04-22,88.80000305175781,-0.037387382665844404,-0.004432711124846445,-0.07117116528859302,-0.03666733486844764,-0.1331081000969655,-0.04764663419740722
레딧 긍정,T,2020-12-10,23.179758071899414,-0.03486477143792133,-0.049889391957053775,-0.06516782168885393,-0.07135763148262197,-0.05930270457124154,-0.09191522903552385
레딧 긍정,T,2023-07-17,13.529999732971191,0.10495196632070547,0.09749917620351622,0.07317078672070876,0.05775509098943998,0.053954213622910085,0.06000960136247091
레딧 긍정,TGT,2019-08-22,106.31999969482422,0.015142970419232737,0.014390469284583318,0.033201643993878927,0.01373932792294319,0.0032919344914006388,-0.016957120524167202
레딧 긍정,TGT,2019-11-19,110.8499984741211,0.14470005535698793,0.13780750271066688,0.1233197867128224,0.12482653897050489,0.15543530531447036,0.13087850140984814
레딧 긍정,TGT,2020-02-21,117.01000213623047,-0.11973337219427738,-0.008122481002873827,-0.09452187835285675,0.013490651167920809,-0.1675925156169159,0.14630938100639312
레딧 긍정,TGT,2020-08-20,152.24000549316406,-0.012677403211582061,-0.04238648394125788,-0.04079089917101997,-0.06180903767994028,-0.022464516851970817,9.077731364881547e-05
레딧 긍정,TGT,2020-11-09,154.91000366210938,0.0662964868045115,0.04370507823958647,0.1462138878124919,0.1380347533459616,0.1149699640924482,0.0709435201150479
레딧 긍정,TGT,2022-05-19,153.42999267578125,0.06367727783906174,0.022979885420657542,0.04959917208907472,-0.004527099035940729,-0.09209405134941284,-0.031497310679485135
레딧 긍정,TGT,2022-08-17,175.33999633789062,-0.06963608822911538,-0.039213070171134956,-0.08554807980658397,-0.011787382113152112,-0.058914121403014996,0.026706409012742904
레딧 긍정,TGT,2023-11-17,129.88999938964844,0.011086322643566238,0.0029006877105361983,0.029409556872499243,0.01632143649572204,0.06028179126836375,0.013297625083876108
레딧 긍정,TGT,2024-03-04,150.49000549316406,0.11681840115191733,0.11880940064045153,0.11362874756160024,0.1125356427949844,0.17110770855257673,0.15834167455231252
레딧 긍정,TGT,2024-08-22,156.82000732421875,-0.02168096541561859,-0.025510394409546833,-0.03532717948079256,-0.006813306935882557,-0.013199893046421662,-0.03482807961021517
레딧 긍정,TJX,2022-03-25,61.290000915527344,-0.006526374937246393,-0.0070344731613902756,0.004405293746622796,0.015715451005618553,0.034263312820233205,0.08767733244818154
레딧 긍정,TJX,2023-02-22,77.45999908447266,-0.0077459137775973685,0.001788933989433139,-0.0036147531965695645,-0.004568245630616197,-0.030080065305884474,-0.01394611876226004
레딧 긍정,TJX,2024-08-22,119.0,-0.013697455911075407,-0.017526884905003648,-0.02840333826401653,0.00011053428089347062,-0.008991594074153064,-0.03061978063794657
레딧 긍정,TKO,2025-02-11,176.52999877929688,-0.056420956913563525,-0.06900953986762237,-0.0961875932983377,-0.07839502490414485,-0.16575083390454026,-0.08902981057977533
레딧 긍정,TMUS,2020-02-07,85.44000244140625,0.12921349016929673,0.11295824122873066,0.12792602987893686,0.15736612145004092,-0.06659646861911539,0.10790683990146188
레딧 긍정,TMUS,2022-08-25,147.07000732421875,-0.0214184333881835,0.03362196088224334,-0.009315362125170368,0.02145864412398213,-0.10022441530630666,0.022680870284851662
레딧 긍정,TPR,2024-02-26,47.619998931884766,-0.0071398605672844395,-0.019610458168772493,-0.018899574367252536,-0.02935434352676014,-0.04346912518383561,-0.07070292340678475
레딧 긍정,TROW,2023-06-02,110.91999816894531,0.03200507672521513,0.027378089422401386,0.029390571493384643,0.0024229661811068226,0.021096321726592926,-0.015990036983450473
레딧 긍정,TROW,2023-07-31,123.26000213623047,-0.05386986268513705,-0.0384042191418289,-0.08859326309495552,-0.06744814631067453,-0.10441345548864855,-0.07158181106925743
레딧 긍정,TRV,2024-01-22,213.86000061035156,-0.012812145727785218,-0.028987503281177496,-0.00364724014341522,-0.022470231882301683,0.029177992496751237,0.0016467126901145157
레딧 긍정,TSLA,2019-01-02,20.674667358398438,0.09160965286157641,0.060472036853180144,0.11585832530711815,0.07268933247505305,-0.009996143726451856,-0.08893930696171048
레딧 긍정,TSLA,2019-02-01,20.81399917602539,-0.02053098594001579,-0.022049180659025946,-0.013868827852019705,-0.04093687800634782,-0.0859997635745331,-0.12058465738452506
레딧 긍정,TSLA,2019-03-04,19.02400016784668,0.01948415163140771,0.022920055267947492,-0.05561399049834792,-0.06610072185048521,0.013386631615726952,-0.0096269432455649
레딧 긍정,TSLA,2019-04-02,19.058666229248047,-0.04746748223369557,-0.05215327561121996,-0.04379452834852682,-0.05844642338479167,-0.1814397286691759,-0.20186143833439185
레딧 긍정,TSLA,2019-05-01,15.600666999816895,0.04628001920715774,0.06094709303980628,-0.008803076813042265,0.014328413048420252,-0.19567539414560697,-0.15187977752445014
레딧 긍정,TSLA,2019-06-04,12.90666675567627,0.12138429175754228,0.09154792789767408,0.16084712288012204,0.11853437497851149,0.15986571516965054,0.10318730656567987
레딧 긍정,TSLA,2019-07-03,15.65999984741211,0.015751399148635548,0.014044539086852659,0.07935288994988032,0.07925249242470489,-0.004469967784564655,0.008783016207596361
레딧 긍정,TSLA,2019-08-01,15.59000015258789,0.019029319826515678,0.023167161489303423,-0.0778704128510519,-0.043309286246883905,-0.051913588176640824,-0.04424838062781489
레딧 긍정,TSLA,2019-09-03,15.000666618347168,0.0467979614400833,0.021380011049150882,0.08790712693012726,0.05289294403374312,0.08746286159895211,0.07886411328784204
레딧 긍정,TSLA,2019-10-14,17.130666732788086,-0.013465156835741565,-0.02711603658133055,0.2753347110690836,0.25049951835824213,0.34297169384337844,0.30107274677454043
레딧 긍정,TSLA,2019-11-13,23.073999404907227,0.01765334942050867,0.012250622545126433,-0.04281871317861885,-0.06345929796293581,0.03920719961717456,0.01322855639253584
레딧 긍정,TSLA,2019-12-17,25.266000747680664,0.12206125000103807,0.116866758577989,0.1352805812725184,0.11869583404499884,0.35489056449772516,0.31937407094894077
레딧 긍정,TSLA,2020-01-21,36.47999954223633,0.0360014150351986,0.049312532774469564,0.6210891901956004,0.6278504045539142,0.676571599348448,0.6553219500749285
레딧 긍정,TSLA,2020-02-20,59.96066665649414,-0.24506065498438157,-0.1280106445597693,-0.19442747381098846,-0.09206801542710952,-0.5245327604480094,-0.23831814639142956
레딧 긍정,TSLA,2020-03-19,28.50933265686035,0.23505755396983008,0.14903194932657993,0.06273972457936816,0.015673043016174226,0.7629081385079288,0.5711072936565917
레딧 긍정,TSLA,2020-04-20,49.75733184814453,0.07019404019722808,0.05080417718332164,0.019869765875733858,0.012838227070810504,0.09013081218615793,0.04250836878792663
레딧 긍정,TSLA,2020-05-19,53.867332458496094,0.01512357695964539,-0.02446952339402908,0.09275874127310257,0.02353933047548029,0.22744766340169442,0.16000921986611227
레딧 긍정,TSLA,2020-06-22,66.28800201416016,0.015115841040934441,0.03494715827402306,0.3977994593083434,0.38762624537561763,0.577319148608028,0.5309923992852468
레딧 긍정,TSLA,2020-07-21,104.55733489990234,-0.0585770889484134,-0.04676207949482836,-0.05187587849543862,-0.06741382391629036,0.2032250045039823,0.16128781957653482
레딧 긍정,TSLA,2020-08-18,125.80599975585938,0.07220107359503936,0.05601875540550383,0.2586840564902433,0.21746036510347433,0.1704793626836334,0.16994784641858685
레딧 긍정,TSLA,2020-09-16,147.25332641601562,-0.13898945473107105,-0.09123550772079747,-0.028861826781372835,-0.01726276949187633,0.04423218368079063,0.017344794640493877
레딧 긍정,TSLA,2020-10-15,149.6266632080078,-0.05143916443239005,-0.043122575516023165,-0.08476653878830298,-0.03434930421658533,-0.08269473185264475,-0.09912636193920044
레딧 긍정,TSLA,2020-11-13,136.1666717529297,0.19855568563190262,0.20629100951918922,0.3894736098972873,0.3784152703620083,0.5662912929991073,0.5479723947952981
레딧 긍정,TSLA,2020-12-14,213.27667236328125,0.01567598892489963,0.006900741688248502,0.04088586493814961,0.022238391333477603,0.335370350496877,0.29387963385433613
레딧 긍정,TSLA,2022-01-03,399.9266662597656,-0.11807164964096739,-0.09253318088863371,-0.14108421519234526,-0.09666395687606388,-0.2238160575856306,-0.17198549157082033
레딧 긍정,TSLA,2022-02-04,307.7733459472656,-0.06857867885915458,-0.05021446997174506,-0.07184943912896602,-0.039600718765600784,-0.12860118529115727,-0.063368248507227
레딧 긍정,TSLA,2022-03-17,290.5333251953125,0.1632859239452633,0.1419288088530284,0.23634702478814518,0.21238255849323107,0.13010561967421674,0.13754207811580343
레딧 긍정,TSLA,2022-04-14,328.3333435058594,0.0203552859433469,0.04719463762031495,-0.1159797438884369,-0.057070202689358696,-0.21869038325460577,-0.13629926737668918
레딧 긍정,TSLA,2022-05-16,241.4566650390625,-0.06829385095042351,-0.06037067631678661,0.04678546096512015,0.014692690699885214,-0.08517746091658651,-0.019642202697934708
레딧 긍정,TSLA,2022-06-14,220.88999938964844,0.06879745834676632,0.06740654830305703,0.03440629328858513,0.017100809282907914,0.07887790253924232,0.06807198444555973
레딧 긍정,TSLA,2022-07-14,238.31333923339844,0.14012361168318588,0.08487234900033469,0.17870025572247794,0.10418515056721112,0.2027442769457981,0.09139505050433705
레딧 긍정,TSLA,2022-08-11,286.6300048828125,0.05665837476092106,0.037848344527453115,0.032934453060019964,0.03407729093689926,0.04552903593712809,0.07741071036319502
레딧 긍정,TSLA,2022-09-13,292.1300048828125,0.056824036648254195,0.07974443762950567,-0.03145860503132092,0.04414556886654697,-0.2588916017481715,-0.16893989653291075
레딧 긍정,TSLA,2022-10-12,217.24000549316406,0.022095321633196052,-0.011391335656350643,0.034063679383939505,-0.03734082933662797,-0.1825170693826056,-0.2317935093773401
레딧 긍정,TSLA,2022-11-09,177.58999633789062,0.052536753327608654,-0.004448805290970359,0.03158962062073423,-0.0440258290243245,-0.023368399020564312,-0.08246546438020574
레딧 긍정,TSLA,2022-12-09,179.0500030517578,-0.16096066368615347,-0.13550803503304343,-0.3122032983697852,-0.2858353286042874,-0.33621895309454286,-0.3293535843612947
레딧 긍정,TSLA,2023-01-11,123.22000122070312,0.032056459252643776,0.04945121692947152,0.3006817293029922,0.2773453335639413,0.6825191143512612,0.6532664655709266
레딧 긍정,TSLA,2023-02-13,194.63999938964844,0.014025872051478538,0.047308314415848374,0.05687426715439803,0.09701179917871006,-0.058466938545509106,-0.007356369371184002
레딧 긍정,TSLA,2023-03-17,180.1300048828125,0.057069885641677365,0.04230025075396293,0.15172376111817032,0.10197883201780145,0.03836111817026677,-0.023050745741004075
레딧 긍정,TSLA,2023-04-19,180.58999633789062,-0.1486239375500733,-0.12500866505539,-0.110637333920511,-0.09585966110867006,-0.03726671390450109,-0.03989866517541585
레딧 긍정,TSLA,2023-06-02,213.97000122070312,0.1422161634910386,0.13758917618822486,0.21764736672681173,0.1906797614145339,0.30775345014646915,0.27066709143642576
레딧 긍정,TSLA,2023-07-03,279.82000732421875,-0.03584446614525105,-0.03284751473977765,0.04831673454288299,0.024882241435245422,-0.06700736012159048,-0.09560197062896447
레딧 긍정,TSLA,2023-08-21,231.27999877929688,0.03260121318193643,0.02481677867508103,0.10900203903552952,0.08646825203911312,0.1522829531589216,0.14461236740465844
레딧 긍정,TSLA,2023-09-19,266.5,-0.0839775042507036,-0.04596167696623321,-0.07493433853922371,-0.027228175306333258,-0.04371479886110463,-0.02860332053323167
레딧 긍정,TSLA,2023-10-18,242.67999267578125,-0.1246909321744668,-0.09526343417682603,-0.1525465227087357,-0.1349969819195207,0.0006593195440018906,-0.044597651719846976
레딧 긍정,TSLA,2023-11-17,234.3000030517578,0.007597092428990093,-0.0005885425040399461,0.0054630762382623654,-0.007625044138514836,0.07588561053227649,0.02890144434778885
레딧 긍정,TSLA,2023-12-20,247.13999938964844,0.024439561791088193,0.006436758861150471,-0.03904666958127612,-0.038320585075232505,-0.1551347270072726,-0.18757397470004322
레딧 긍정,TSLA,2024-01-24,207.8300018310547,-0.0988308153969939,-0.09365969590570611,-0.09743540307746934,-0.12362051416650521,-0.05013712205716936,-0.09568809073042583
레딧 긍정,TSLA,2024-02-27,199.72999572753906,-0.09507830892000879,-0.09557147366388274,-0.11109999957981609,-0.13053076272938102,-0.11044909643260004,-0.1338842946936164
레딧 긍정,TSLA,2024-03-27,179.8300018310547,-0.04849024707732208,-0.029184904806429657,-0.029082998800458726,-0.01920096604047894,-0.05366184205647373,-0.016045018999633953
레딧 긍정,TSLA,2024-04-26,168.2899932861328,0.07665345338353169,0.07069194014015423,0.0010696294595737843,-0.023681515324854185,0.06506632981090932,0.023394759612915594
레딧 긍정,TSLA,2024-05-30,178.7899932861328,-0.004754129854271261,-0.02781145392140072,0.020582851796861368,-0.017380500246866326,0.10677337834074585,0.0654232588304473
레딧 긍정,TSLA,2024-07-01,209.86000061035156,0.2500237577876283,0.23080642556798647,0.22252929006204658,0.18673518448602744,0.060802413369508646,0.06692708181669371
레딧 긍정,TSLA,2024-08-01,216.86000061035156,-0.08309510385383989,-0.06033311949024167,-0.012542659840669934,-0.031069017325195514,-0.0487872443109717,-0.07703712100649251
레딧 긍정,TSLA,2024-09-12,229.80999755859375,0.061398549933642466,0.04013193267674953,0.10621819729964388,0.08259058760716242,0.038988759449347654,0.008510701875716897
레딧 긍정,TSLA,2024-10-22,217.97000122070312,0.1906225056671802,0.1932796883002238,0.15355324601211273,0.16490206832930787,0.5873744004325692,0.5754084462717162
레딧 긍정,TSLA,2024-11-20,342.0299987792969,-0.02672275579183092,-0.04082947397954262,0.0802853303893889,0.05291873742659248,0.2752390579318267,0.2826904117236345
레딧 긍정,TSLA,2024-12-20,421.05999755859375,-0.008668583854196332,-0.003712052364847729,-0.06341141965953612,-0.05914850935390292,-0.020614621968626623,-0.052078674777172984
레딧 긍정,TSLA,2025-01-24,406.5799865722656,-0.004869842427421278,0.005245728530456351,-0.11058092611522807,-0.09873831625153995,-0.1870480355762706,-0.16934987736292206
레딧 긍정,TSLA,2025-03-03,284.6499938964844,-0.21956789509972274,-0.1798433431948011,-0.16385034389499942,-0.13538023655626885,-0.08954853602998736,-0.047785505954566654
레딧 긍정,TSLA,2025-03-31,259.1600036621094,-0.0998225420991492,-0.001483264805832829,-0.026277193480335637,0.009958740305484937,0.1268328239416261,0.13589628090627204
레딧 긍정,TSLA,2025-04-29,292.0299987792969,-0.057117394601597926,-0.065199333571067,0.1439578424156822,0.08529133371752295,0.22213469639539785,0.161862700611219
레딧 긍정,TSLA,2025-05-28,356.8999938964844,-0.06962736488788834,-0.08357937087623568,-0.08537405923727948,-0.10856498931701053,-0.08719528060909287,-0.12826858884697512
레딧 긍정,TSLA,2025-06-26,325.7799987792969,-0.032015448200818364,-0.054029980447495074,-0.03766342028254566,-0.05686684600004566,-0.029836089560820622,-0.07107030707449014
레딧 긍정,TSLA,2025-07-28,325.5899963378906,-0.05015506236659284,-0.041096093689585,0.04127891702009934,0.04288035440406057,0.0645290395956184,0.05584695299323483
레딧 긍정,TSLA,2025-09-17,425.8599853515625,0.03975490484127797,0.036842221004557585,0.07889918578703203,0.06483622933469713,0.021814701696504013,0.012727668866426622
레딧 긍정,TSLA,2025-10-30,440.1000061035156,0.013201539372910576,0.027205068625711815,-0.08659399077621643,-0.07513518656535367,-0.022563036896313116,-0.027799636441936504
레딧 긍정,TSLA,2025-12-08,439.5799865722656,0.08128216042077296,0.08552425686672926,0.1118113333532813,0.1100559800211276,-0.018585884616503456,-0.02728944087432339
레딧 긍정,TSLA,2026-01-29,416.55999755859375,-0.04645190660870846,-0.022793351727149025,0.0012243368749138561,0.019623793535017975,-0.03372860542374201,-0.022129867529926295
레딧 긍정,TSLA,2026-06-02,423.739990234375,-0.0638599098084337,-0.03421153070697003,-0.04502758062016354,-0.032862816154376806,0.003681497131603928,0.02186283318414639
레딧 긍정,TSLA,2026-07-22,374.010009765625,-0.20237426931123503,-0.1783580642606718,-0.1402636844012024,-0.17020709656715804,-0.061201609718364525,-0.0901683417556367
레딧 긍정,TTWO,2020-05-20,146.83999633789062,-0.08696533187243549,-0.10730685578011623,-0.13109507273280097,-0.17969236176293746,-0.038068622155421394,-0.08808043123437281
레딧 긍정,TTWO,2020-08-03,167.69000244140625,0.041982188464650516,0.02136112759573261,0.044844678650944436,0.017106624330046616,0.020871846556403728,-0.04153877566561626
레딧 긍정,TTWO,2023-11-09,146.32000732421875,0.05829687228210645,0.020517933533286348,0.06834335360469068,0.01887813224145729,0.0615090182442215,0.0007492540646862889
레딧 긍정,TTWO,2024-12-02,187.9499969482422,-0.00026604444038158537,-0.002005500372782687,-0.004096857062854786,-0.009331807477794385,-0.020590556956769812,0.008483524270149756
레딧 긍정,TTWO,2025-03-28,210.47000122070312,-0.07549769229575787,0.015169220564870578,0.00760206249933848,0.0466906629976066,0.0716491744362251,0.08030554306283955
레딧 긍정,TTWO,2025-11-10,234.05999755859375,-0.0020507379840457585,0.021091460118135674,0.0214048099542119,0.04005652092967538,0.06267622969308495,0.060328296521851676
레딧 긍정,TTWO,2026-05-19,238.13999938964844,-0.08264043304871493,-0.10544179315290214,-0.09381034851410064,-0.12176342432070997,-0.04245402131629894,-0.05230783906446734
레딧 긍정,TXT,2020-04-02,24.5,0.20163267485949454,0.09691913721806844,0.13265306122448983,-0.005575158464504293,0.07020405360630577,-0.052736050784581545
레딧 긍정,UAL,2019-07-17,94.77999877929688,0.0034817665678930076,-0.008945224526311968,-0.030280598798809066,-0.029239430098730423,-0.13536613205630454,-0.08888263372947225
레딧 긍정,UAL,2020-03-02,61.2599983215332,-0.23636957131855707,-0.1235869327194925,-0.42099245523101425,-0.19698006060571782,-0.5076722057824361,-0.3541893917040865
레딧 긍정,UAL,2020-05-19,23.68000030517578,0.2960304112559342,0.25643731090225974,0.4210304515293424,0.3518110407317201,0.6575168705306584,0.5900784269950763
레딧 긍정,UAL,2020-08-03,31.8700008392334,0.17791025814200556,0.15728919727308766,0.07938502102362555,0.051646966702727726,0.12958892538472688,0.0671783031627069
레딧 긍정,UAL,2022-04-18,43.970001220703125,0.16670452155698645,0.18830415493075947,0.14146002350068598,0.1950938115886922,-0.009779401711122016,0.07671055143003824
레딧 긍정,UAL,2022-10-31,43.08000183105469,-0.0069638588441645055,0.009244886104307404,0.022051924509375764,-0.001018435810770768,0.014159627895247162,-0.009195592660456997
레딧 긍정,UAL,2024-04-17,48.7400016784668,0.08063184971564707,0.07092249802717832,0.03959779286038034,0.03999731677273699,0.12761586359882782,0.06922001459923499
레딧 긍정,UBER,2019-05-14,39.959999084472656,0.038538562332593784,0.02756461760387019,-0.0005005119675151048,0.017601128799232035,0.05530528366131526,0.03769758832108239
레딧 긍정,UBER,2019-08-08,42.970001220703125,-0.22690248366347288,-0.1963527889224077,-0.20875031337865868,-0.20445901923459975,-0.25855248533245834,-0.2736399887363501
레딧 긍정,UBER,2019-11-27,29.489999771118164,-0.028484237338332163,-0.017516753338827074,-0.027127814285168195,-0.0323579202792873,0.023058674481298613,-0.00033416851424128424
레딧 긍정,UBER,2020-02-07,40.630001068115234,-0.02387401415709889,-0.04012926309766496,-0.05710065552139154,-0.027660563950287487,-0.3066699646631166,-0.1321666561425393
레딧 긍정,UBER,2020-05-13,33.02000045776367,0.04421559855337254,-0.010223273037526237,0.034221715701083566,-0.041666049405469474,-0.05814657933605549,-0.12565360645259205
레딧 긍정,UBER,2022-08-03,30.190000534057617,0.08645242321405622,0.07308536358280615,0.01755544120308894,-0.011881116476052389,-0.047366686978444594,-0.0008712859320476607
레딧 긍정,UBER,2023-11-24,55.31999969482422,0.03669556743484215,0.028349381595990764,0.11532901488269798,0.10456682611608947,0.11550975099239369,0.07520663964713359
레딧 긍정,UBER,2024-02-06,70.47000122070312,-0.0210018920291829,-0.021204279947143134,0.08471691666367143,0.07817823008341751,0.11593583123913831,0.08401148478191223
레딧 긍정,UBER,2024-12-17,61.029998779296875,0.011142066504619574,0.01609000597589061,0.03506471296824576,0.06758215342465046,0.10339173660174295,0.11449561252469653
레딧 긍정,UBER,2025-02-07,74.5999984741211,0.0646112572843589,0.04974701242282453,0.02439677925001016,0.030322503641802223,-0.02064344433011711,0.046254039124141166
레딧 긍정,UBER,2025-08-07,92.66999816894531,-0.013704507048236891,-0.03379151726101859,0.016833983153256016,0.011614548130766789,-0.01812884793752767,-0.041837808371493646
레딧 긍정,ULTA,2019-08-30,237.72999572753906,-0.04866862521921711,-0.06833010499350911,-0.05165523493034896,-0.07801868554843283,0.05434736213831792,0.039575686206287486
레딧 긍정,ULTA,2019-12-06,262.20001220703125,-0.03318082304344738,-0.04096185091216964,-0.044622470108022005,-0.06323337606925739,-0.03474452877579359,-0.059707262573961084
레딧 긍정,ULTA,2020-03-19,146.99000549316406,0.28464517840865344,0.1986195737654033,0.09769372116269093,0.05062703959949699,0.46615406798429215,0.27435322313295507
레딧 긍정,ULTA,2022-12-02,471.3299865722656,0.0006365355888531266,0.03413289783147477,-0.04287864560040988,0.01521777482593023,0.0006365355888531266,0.06475389840393708
레딧 긍정,UNH,2019-04-17,216.83999633789062,0.06433313587823819,0.05535066748546491,0.07198856702629386,0.06601178210388525,0.0920033079006104,0.09804925685966004
레딧 긍정,UNH,2024-07-18,564.3400268554688,-0.008257493634916235,0.017526895849489854,0.014937789762589748,0.032398731115009016,0.02705808159874601,0.02631615310815083
레딧 긍정,UNH,2024-12-11,533.530029296875,-0.06337043131523301,-0.028503951366475766,-0.04194709607983016,-0.03187236705105634,0.014263462099015412,0.057179878622294456
레딧 긍정,UNH,2025-05-14,308.010009765625,-0.016330634134664512,-0.00828073320421574,-0.031947001804838115,-0.03613352782650103,0.03405730301543497,0.006555180096479818
레딧 긍정,UNH,2025-06-13,313.5299987792969,-0.04098493335102238,-0.04626135615514726,-0.004975592653549854,-0.039900174874550776,-0.06959463977665026,-0.11170521707721548
레딧 긍정,UNH,2025-07-18,282.6499938964844,-0.005625318847425564,-0.02079463309716667,-0.15878291382684395,-0.14944538518166428,0.07557055131925239,0.050298896837474905
레딧 긍정,UNH,2025-08-15,304.010009765625,0.011216747977273123,0.008310501691539907,0.0192756329177457,0.016773479888009035,0.1443373687486198,0.11718647567880969
레딧 긍정,UNH,2025-09-15,347.8900146484375,-0.018942845663818098,-0.027915404638413355,-0.00778988145260473,-0.011981102108680641,0.03095802857278196,0.027735191924277203
레딧 긍정,UNH,2025-10-29,355.260009765625,-0.0774644451240254,-0.06319307465087265,-0.045600438444278746,-0.03976676370334453,-0.07191920736421453,-0.06070283556893974
레딧 긍정,UNH,2026-01-28,294.0199890136719,-0.06156035733031695,-0.04828783037455586,-0.05139101393157286,-0.04641565943712633,-0.025032261841286818,-0.016231831500506444
레딧 긍정,UNH,2026-04-22,353.5199890136719,0.0487101203774849,0.0481898871049542,0.03892286205375739,0.00711791777801829,0.08423851466612597,0.04200067057047763
레딧 긍정,V,2019-10-28,179.83999633789062,-0.004948840123285336,-0.018367921851033087,-0.0016681664694552234,-0.018318408849267054,0.006283390268143618,-0.02691808592542788
레딧 긍정,V,2020-01-23,206.52000427246094,0.00818323845847213,0.02036221027221552,-0.01685072106495289,-0.023663725277265568,0.011088481690672669,0.005782772782110257
레딧 긍정,V,2024-09-20,284.7699890136719,-0.033711331798648936,-0.03937780025993354,-0.024019372131106942,-0.032343138904094126,0.020542916491227414,-0.008212080174797576
레딧 긍정,VEEV,2020-02-25,149.9600067138672,-0.05641508625702718,-0.016722126383763247,-0.02433988391476849,0.05315885570386181,-0.03354237005125982,0.1887509335046994
레딧 긍정,VLO,2025-07-24,140.33999633789062,-0.021590415123010853,-0.017902060589191193,-0.05522303122582861,-0.05180261104895734,-0.0003562993662720171,-0.002137461551027009
레딧 긍정,VMC,2020-08-03,117.52999877929688,0.12362800076754832,0.10300693989863041,0.10635582514956932,0.0786177708286715,0.02101592143586606,-0.041394700786153926
레딧 긍정,VRT,2024-03-22,82.5,-0.0254545269590436,-0.02727711503645569,0.020000018495501815,0.024777461684539093,-0.07793939763849433,-0.03670837780771963
레딧 긍정,VRTX,2025-01-31,461.67999267578125,0.016548290525127296,0.01829297794028506,-0.00580487072928737,-0.01889849471471805,0.046850643792143654,0.07684297966216846
레딧 긍정,VST,2020-12-22,18.1299991607666,0.07501382643715782,0.06207950521313066,0.11307232428589353,0.0807773232388358,0.17705466852793594,0.13446667412554003
레딧 긍정,VST,2023-12-21,37.790000915527344,0.01931726712227677,0.01379582586109196,0.03572369519489471,0.03170424554941387,0.054511709676813735,0.02878720612168051
레딧 긍정,VST,2024-10-07,131.27000427246094,0.007541633291335836,-0.021553153405407643,-0.006779914380144136,-0.03465948012542497,-0.11830582694625114,-0.12184582308721237
레딧 긍정,VST,2025-01-17,170.86000061035156,-0.19770571613383403,-0.20070109411862802,-0.013636906372067048,-0.013954859509676232,-0.009247347684715912,-0.032524520191707484
레딧 긍정,VTRS,2022-02-03,15.130000114440918,0.0158625095375311,0.009772045624566683,-0.01982816843791868,0.00153324762688678,-0.32584271433483425,-0.29353193852074577
레딧 긍정,VZ,2022-03-24,51.0,-0.0011764975155100776,-0.0037293276315891744,0.03274506213618267,0.036563129702585795,0.017843134262982563,0.07211732951587291
레딧 긍정,WBD,2022-04-14,24.8799991607666,-0.17323149563199514,-0.1463921439550271,-0.2704983830083443,-0.21158884180926607,-0.27250799871361286,-0.19011688283569628
레딧 긍정,WBD,2022-08-22,12.710000038146973,0.03855230288336031,0.06448674358110285,-0.006294250469390139,0.04835676200025374,0.039339102950380234,0.11012659377794154
레딧 긍정,WBD,2024-12-06,10.65999984741211,0.13227015643479678,0.1381930198302619,0.0028142339024961327,0.03022407120601167,-0.014071258975363765,0.017484642955868046
레딧 긍정,WBD,2025-12-11,29.489999771118164,-0.06375039590905085,-0.04532241366669765,-0.023397780244589494,-0.02505196524496278,-0.03696168738717365,-0.04565328798341706
레딧 긍정,WDAY,2023-02-27,184.92999267578125,0.021035066254814883,0.0040889217643336195,-0.019899382585457648,0.011202182026398666,0.01741200101785778,0.02052974601496782
레딧 긍정,WDC,2026-02-13,281.5799865722656,-0.004119515590052636,-0.005058297619297214,-0.0408409707663957,-0.04763232372981707,0.01644294731019258,0.03510077012372392
레딧 긍정,WFC,2019-01-15,47.66999816894531,0.05139502532088436,0.03964162610115429,0.050765724283561964,0.022995490754643466,0.028319747024824204,-0.02791218609461854
레딧 긍정,WFC,2019-03-29,48.31999969482422,0.009519848662621788,-0.012039185962965826,-0.03787247574327779,-0.06506021426313002,-0.0010347524291458576,-0.0413561333689485
레딧 긍정,WFC,2020-08-10,24.700000762939453,-0.009311799290713463,-0.01628499798790739,-0.008502064183592228,-0.030405112558276715,-0.02955471364520257,-0.02252185666266404
레딧 긍정,WFC,2022-10-17,43.959999084472656,0.028207500097623628,-0.004642365101572565,0.0461784039188291,-0.006681264975188617,0.06619654021876364,-0.010952980603189388
레딧 긍정,WFC,2024-03-15,57.5099983215332,-0.00660749894815571,-0.02892873485054337,0.0017388678792729095,-0.022445638518955535,-0.009389621223965361,0.0011628658931724933
레딧 긍정,WFC,2024-04-22,61.099998474121094,-0.021276583789296866,-0.04196816369931111,-0.01489361489587504,-0.04861250960162,-0.006546607547806449,-0.06726059991108357
레딧 긍정,WM,2020-02-11,124.9800033569336,0.002000319997480071,-0.007186539402836756,-0.03240520837714578,0.03846518795266174,-0.12009922974128129,0.06155090042675382
레딧 긍정,WMT,2019-08-16,37.663333892822266,-0.019116768121271943,-0.005268750411462686,0.011239902860435524,-0.0012233342087908383,0.022833894970605728,-0.016321366651720792
레딧 긍정,WMT,2020-03-17,39.753334045410156,-0.03546871932305018,0.002703784786048713,-0.04729165775045974,-0.06687234164478995,0.07965782492401474,-0.019076377657291976
레딧 긍정,WMT,2020-05-19,41.650001525878906,-0.01976791620818552,-0.05936101656185999,-0.011844794857220453,-0.08106420565484274,-0.047378996250148186,-0.11481743978573034
레딧 긍정,WMT,2020-07-08,41.47999954223633,0.06075218142656258,0.0428193154670502,0.0660559717624114,0.03227776655278336,0.04315334945229932,-0.007229321952580747
레딧 긍정,WMT,2020-08-17,45.20000076293945,-0.031489650228556876,-0.046316112041846935,0.023967523085880682,-0.009769252306787823,0.012979338435293863,0.0062911382011128225
레딧 긍정,WMT,2020-09-15,45.78666687011719,0.006916110541794751,0.03593108906770881,-0.0016016396310829517,0.021328124906213386,0.06457480400243276,0.03529535236965664
레딧 긍정,WMT,2022-05-19,39.689998626708984,0.058201094815269805,0.017503702396865606,0.05249019774626262,-0.0016360733787528225,-0.00655072639277543,0.05404601427715228
레딧 긍정,WMT,2024-05-17,64.6500015258789,0.011291503639746292,0.01131040960894869,0.0180974190461074,0.021213906676704086,0.04284604141822945,0.00950963010088568
레딧 긍정,WMT,2024-08-16,73.44999694824219,0.03063308500319617,0.016525442422941072,0.05146367005780883,0.0345597802516413,0.096800556919856,0.08141200297992213
레딧 긍정,WMT,2025-02-21,94.77999877929688,0.04040938890464818,0.05001036523925684,-0.032285266912898014,0.00775210254655212,-0.0928465450063447,-0.03290718135944681
레딧 긍정,WMT,2025-06-03,99.9800033569336,-0.026605356799329405,-0.03833175703999281,-0.057311493944215974,-0.05972724052028722,-0.02370476762359175,-0.06457105334232427
레딧 긍정,WSM,2023-06-29,61.53499984741211,-0.017388473185625863,-0.01839279277686534,0.030551735967775384,0.00505582443594621,0.14292682222233655,0.09999233384020645
레딧 긍정,WSM,2023-10-12,81.28500366210938,-0.028172489541201995,-0.011500417122087492,-0.11281300836816466,-0.06413428381235176,-0.09257552053708828,-0.09299057535944055
레딧 긍정,WYNN,2020-02-27,111.16000366210938,-0.14015834218945222,-0.1567963762957757,-0.3880892910922772,-0.22204442694068038,-0.3566930570315754,-0.23464675147298808
레딧 긍정,XOM,2020-02-18,59.880001068115234,-0.09485638282996378,-0.023345034556282784,-0.14328660116913972,-0.034920790099704946,-0.3852705291134084,-0.13602037261940336
레딧 긍정,XOM,2020-06-15,47.13999938964844,-0.015273679041693633,-0.02690047424165254,-0.05982180168299844,-0.05138670498585429,-0.06512515346995029,-0.10378343748450336
레딧 긍정,XOM,2022-03-11,84.91999816894531,-0.07359868269857761,-0.13180322304459213,0.0032972066101535358,-0.07435650479136213,0.0226094937628889,-0.042855784691935295
레딧 긍정,XOM,2022-10-06,102.05999755859375,-0.001861599221601451,0.01751141993660077,0.018322582709336732,0.03919613118232124,0.08857535892392487,0.09444353247637205
레딧 긍정,XOM,2024-10-04,124.83000183105469,-0.009773301312246074,-0.02129209227540385,-0.03861251000658972,-0.058875079001095676,-0.07914767874620499,-0.07576186683735064
레딧 긍정,XYZ,2025-02-05,86.0,-0.03500002483988918,-0.03357672638359732,-0.03441859400549596,-0.04461361316800261,-0.30465117166208666,-0.25250137480283863
레딧 긍정+급증,AAPL,2019-03-26,46.6974983215332,0.03870662908185274,0.02145418817492306,0.06804436624395316,0.046025290586151346,0.10905300662853445,0.06953246002170443
레딧 긍정+급증,AAPL,2019-05-23,44.915000915527344,-0.02554823691600905,-0.0011985336549311665,0.05838801080124534,0.03885877367792334,0.10642321455779835,0.064387399941638
레딧 긍정+급증,AAPL,2019-06-21,49.69499969482422,-0.0043263940820645885,-0.0009250335378468977,0.00623807979061719,-0.0033537818563853516,0.04245901244207717,0.029193727079885434
레딧 긍정+급증,AAPL,2019-07-31,53.2599983215332,-0.06571536068909223,-0.03390958558896584,-0.04830075859189675,-0.0028110665215832498,-0.035251571270701776,-0.006539006170877104
레딧 긍정+급증,AAPL,2019-09-11,55.897499084472656,-0.003667391559819655,-0.006498386076108198,-0.011449517422617905,-0.002690133966123276,0.015385314628332925,0.045293760877552325
레딧 긍정+급증,AAPL,2019-10-31,62.189998626708984,0.04289274161666734,0.026903534092800774,0.05579683408949476,0.0352911093143371,0.07432869392773656,0.03813045612604049
레딧 긍정+급증,AAPL,2020-01-13,79.23999786376953,-0.0012303891386072907,-0.011445286108401231,0.0023031644561095632,0.005535356921846035,0.0083606573950199,-0.013929317560001708
레딧 긍정+급증,AAPL,2020-02-19,80.90499877929688,-0.09569866413689443,-0.01637018796381351,-0.06452013224724118,0.010788761948294479,-0.23777887061761271,0.05287549304704031
레딧 긍정+급증,AAPL,2020-04-30,73.44999694824219,0.03383254885773046,0.043471829374965965,0.05357393262740562,0.07254256921935454,0.08216479118933173,0.03451952881517806
레딧 긍정+급증,AAPL,2020-06-10,88.20999908447266,-0.003542682272343556,0.019466710636404483,0.020462536264706843,0.06720235965689925,0.08550621738144049,0.09998896069550789
레딧 긍정+급증,AAPL,2020-07-24,92.61499786376953,0.1473303955859484,0.12975378113495095,0.1997247272541849,0.15706079608650136,0.34287108584207915,0.2849054730881513
레딧 긍정+급증,AAPL,2020-08-24,125.85749816894531,0.025286495945719967,0.006652459200571004,-0.10358936625786219,-0.07527366115917888,-0.1116143321989036,-0.07481267250975532
레딧 긍정+급증,AAPL,2020-10-13,121.0999984741211,-0.02964489168559159,-0.010366338274383047,-0.03715937288770188,-0.0031434259650848784,-0.04236166241169892,-0.05352895343955022
레딧 긍정+급증,AAPL,2020-11-25,116.02999877929688,0.05955359592180165,0.04844126277614924,0.06213909471969359,0.050916441868206874,0.13737828672846986,0.11989635799668275
레딧 긍정+급증,AAPL,2022-01-04,179.6999969482422,-0.025709489124355223,-0.009376146034939747,-0.07495827183894055,-0.02093253955444141,-0.02148024861382347,0.02081894980686705
레딧 긍정+급증,AAPL,2022-02-14,168.8800048828125,-0.02700140589028277,-0.005476231807243881,-0.03363339513468,-0.013042127644437684,-0.08165566169003191,-0.052385979426117224
레딧 긍정+급증,AAPL,2022-03-28,175.60000610351562,0.01617309931194688,0.014220994458553626,-0.05609342688581165,-0.021020736868187617,-0.10706151707463651,-0.019741657368074095
레딧 긍정+급증,AAPL,2022-08-22,167.57000732421875,-0.03693979931283098,-0.011005358615088445,-0.0778182728111465,-0.023167260341502627,-0.06367495948776658,0.007112531339794725
레딧 긍정+급증,AAPL,2022-12-12,144.49000549316406,-0.08388130607794853,-0.036431694311710894,-0.10007617249728251,-0.056085652949586784,-0.07612983308053389,-0.0675322065899765
레딧 긍정+급증,AAPL,2023-02-02,150.82000732421875,0.00033144006458840636,0.023581122078569883,0.019161909887961848,0.03955636265655815,0.0013923315533774794,0.031600106338072864
레딧 긍정+급증,AAPL,2023-03-30,162.36000061035156,0.014166069494404576,0.0005668867637398378,0.017553622153250403,-0.00414560743100445,0.045084947264794506,0.014790223214902642
레딧 긍정+급증,AAPL,2023-05-05,173.57000732421875,-0.005761364047949025,-0.0032409255616173693,0.00916054773749364,-0.005356065604951388,0.03462576628005554,-0.00044197249190469634
레딧 긍정+급증,AAPL,2023-06-05,179.5800018310547,0.023443542778436965,0.007756393179499055,0.030237179086843202,0.0066361806597381445,0.06543044815788668,0.027898257686759242
레딧 긍정+급증,AAPL,2023-08-04,181.99000549316406,-0.023078257488096,-0.020482067455536934,-0.0412110543085934,-0.018136374657447663,0.041046216798887425,0.031243381350385402
레딧 긍정+급증,AAPL,2023-09-08,178.17999267578125,-0.017790988322204493,-0.012965180391017794,-0.019025701700509767,0.014867223327090118,-0.003872416718933791,0.031995739284857994
레딧 긍정+급증,AAPL,2023-10-12,180.7100067138672,-0.029052071301799876,-0.012379998882685372,-0.07647615965230459,-0.027797435096491685,0.009407320486318982,0.008992265663966714
레딧 긍정+급증,AAPL,2023-12-28,193.5800018310547,-0.064056250841941,-0.045658573171430406,-0.0395702220769405,-0.03954922359664148,-0.009556803833126293,-0.04014269088255695
레딧 긍정+급증,AAPL,2024-03-25,170.85000610351562,-0.01176476262112136,-0.009975523840824008,-0.006906689449313608,-0.006040898445367149,-0.02311976626233181,0.004046143859801954
레딧 긍정+급증,AAPL,2024-05-03,183.3800048828125,-0.0017995518718934012,-0.020477832595049428,0.035390937188175764,-0.00012707286211033342,0.05807609124719004,0.025785260266485865
레딧 긍정+급증,AAPL,2024-06-06,194.47999572753906,0.10160433052100748,0.08703424962139583,0.06689639063881736,0.048473398240186816,0.17143157306208545,0.13286490043262034
레딧 긍정+급증,AAPL,2024-08-14,221.72000122070312,0.021107670259854938,-0.009917608116581933,0.021513639934147344,-0.005244958305795189,0.004735716426018888,-0.023475827216222545
레딧 긍정+급증,AAPL,2024-11-08,226.9600067138672,-0.00863591230122851,0.012160159834104012,0.01282159110520742,0.01730176072496592,0.08719594950965281,0.07634657020226343
레딧 긍정+급증,AAPL,2025-02-03,228.00999450683594,-0.001578880834281926,-0.013422827207235533,0.07218984742080559,0.04923792568695262,0.03473531143262165,0.06971537650193449
레딧 긍정+급증,AAPL,2025-05-01,213.32000732421875,-0.07420776902091109,-0.08600791442026323,-0.00876622122525239,-0.06604781727822395,-0.0584567822639831,-0.11382241616974798
레딧 긍정+급증,AAPL,2025-07-22,214.39999389648438,-0.014598832617199853,-0.02477601762362791,-0.053544757716186275,-0.05212947503137699,0.07537315355480678,0.05796067309477304
레딧 긍정+급증,AAPL,2026-05-01,280.1400146484375,0.04704787601414795,0.02349973179959286,0.07171412610619954,0.04601516285263996,0.09341751103639484,0.040840043014953586
레딧 긍정+급증,AAPL,2026-08-05,311.0,-0.02813504823151125,-0.031642514273028555,0.018745937531400747,0.019694222764498504,0.04488743233144099,0.05090206621207072
레딧 긍정+급증,ABBV,2020-01-28,83.7699966430664,0.007043141827963728,0.0004048757050598706,0.14599503219564558,0.12039010472121903,0.055389843678918416,0.10246994389240793
레딧 긍정+급증,ABBV,2020-06-08,94.58999633789062,-0.015963575063921098,0.03400555799328109,0.02833280905945257,0.06725612779307133,0.05032246876537538,0.07946854881471721
레딧 긍정+급증,ABBV,2022-02-03,140.72999572753906,0.014069573271085156,0.00797910935812074,0.030128655026558482,0.05149007109136394,0.06985008263686798,0.10216085845095646
레딧 긍정+급증,ABBV,2025-04-22,173.77999877929688,0.1135343299926963,0.062192447917364335,0.07693632875534528,0.017097565753033672,0.06370127403601744,-0.06071783565755773
레딧 긍정+급증,ABNB,2020-12-10,144.7100067138672,0.016170245520874538,0.00114562500174209,0.07000199816211272,0.06381218836834468,0.0236334600944883,-0.00897906436979401
레딧 긍정+급증,ABNB,2022-11-02,94.41000366210938,0.01461706598759327,0.01659105762206292,0.1061327852388152,0.05123370727070453,0.072661717136552,-0.014061707488195907
레딧 긍정+급증,ABNB,2024-05-09,147.0500030517578,0.0009520529530295807,-0.015427245759256136,-0.04087051778917428,-0.05200156966207714,-0.002652154923867389,-0.029258893701908706
레딧 긍정+급증,ABNB,2024-11-08,134.61000061035156,-0.015674917173942093,0.005121154961390428,0.020280779400940974,0.024760949020699474,0.01976081754734671,0.008911438239957326
레딧 긍정+급증,ABNB,2025-07-31,132.41000366210938,-0.09349750427017911,-0.09376643052248945,-0.058681399120634636,-0.07904273751010338,-0.014726960911641496,-0.04136910330659538
레딧 긍정+급증,ABT,2020-03-30,79.33999633789062,0.04272759233067913,0.030459327358549615,0.12351907617970981,0.038902163644268795,0.15276031391488543,0.06072890687663257
레딧 긍정+급증,ABT,2020-08-28,110.79000091552734,-0.059842920828866664,-0.03699512701621055,-0.046033021319402456,-0.011461752047335239,-0.05731562795962697,-0.010564573254224108
레딧 긍정+급증,ADBE,2019-06-19,291.2099914550781,-0.008550497261214707,0.0002872709755532554,0.04975797938646043,0.030171579733852205,0.06479858408326056,0.04510982047942469
레딧 긍정+급증,ADBE,2019-12-13,317.94000244140625,0.030414489639246867,0.019668228504110763,0.032710554873953024,0.020861383182093185,0.08394666363608971,0.05202303874954972
레딧 긍정+급증,ADBE,2020-03-13,335.5,-0.11970194832223358,0.030751056172457547,-0.08843521140904431,-0.02939760290292115,-0.04426231327426411,-0.06780306838147099
레딧 긍정+급증,ADBE,2020-12-11,475.9100036621094,0.05681748300487488,0.04895506155035867,0.04841253255369682,0.03238734601155757,-0.008951292750403184,-0.042994431260555466
레딧 긍정+급증,ADBE,2023-06-16,495.17999267578125,-0.03164502431829097,-0.013395378913444889,-0.020134095416150966,-0.02998713590683766,0.07482125356633129,0.04130281895853871
레딧 긍정+급증,ADBE,2024-06-14,525.3099975585938,-0.0021701750466120995,-0.0020964084002013106,0.06605625700691298,0.06133980205202083,0.07848695181962762,0.03780757000211632
레딧 긍정+급증,ADBE,2025-09-12,349.3599853515625,0.04734374066416791,0.03777583126295614,0.03151479913919042,0.024806604314287828,-0.03391909801579829,-0.02724144815861229
레딧 긍정+급증,ADM,2025-10-15,63.380001068115234,-0.023193455284472142,-0.02714733917939194,-0.04512465386799036,-0.07852969665279463,-0.08882929904126391,-0.11620579293082034
레딧 긍정+급증,ADP,2024-09-06,269.55999755859375,0.02949255185871258,-0.010573376413116842,0.02541180503619289,-0.026201962460473238,0.057872111013521854,-0.002495044219049003
레딧 긍정+급증,ADSK,2026-06-01,248.16000366210938,-0.09316573998546673,-0.06769574778484166,-0.19970985181832057,-0.19481892840628356,-0.2165538551745655,-0.20103725903324854
레딧 긍정+급증,AES,2025-05-27,10.069999694824219,0.01986104955318413,0.011504452687096434,0.12115196663370953,0.1009709767274567,0.04270112395304171,0.01568603464647489
레딧 긍정+급증,AFL,2026-07-15,121.01000213623047,0.021237911325139525,0.0310417353841711,0.06330051977101347,0.09688509823172686,-0.0023138482303443064,-0.025736951704021904
레딧 긍정+급증,AIG,2022-07-05,51.130001068115234,-0.00019562167067321834,0.002762816145046032,0.011930385245619624,-0.015061964186889654,-0.008214394188708396,-0.07654617418505716
레딧 긍정+급증,ALGN,2019-08-01,202.35000610351562,-0.06953302149653007,-0.06539517983374232,-0.13827531575173002,-0.10371418914756203,-0.11069932532551707,-0.10303411777669114
레딧 긍정+급증,ALL,2022-01-05,121.0199966430664,0.02288881465292647,0.017252399555488962,-0.012642528687299648,0.03353793302609964,0.005371025813163843,0.05187172727830469
레딧 긍정+급증,AMAT,2020-02-13,67.37000274658203,-0.04601463525504901,-0.03539342063985784,-0.13730152052230038,-0.01625485794444237,-0.24461930659145914,-0.04364621359605192
레딧 긍정+급증,AMAT,2020-08-13,65.06999969482422,-0.019671104737974843,-0.023975983355782104,-0.04671893237720659,-0.08086078571107747,-0.1547564122030448,-0.1465327114516345
레딧 긍정+급증,AMAT,2024-02-20,189.13999938964844,0.07253886679167465,0.052066238741452775,0.09648937326262264,0.0755134840901579,0.06450246900502998,0.026355251365727694
레딧 긍정+급증,AMAT,2025-03-04,152.8699951171875,-0.038463987779393416,-0.002164013828791611,0.004186559888078811,0.03164550351832374,-0.04716420282182299,-0.01961849840144536
레딧 긍정+급증,AMAT,2026-05-15,436.6199951171875,-0.010214812663082662,-0.01896791666875186,0.04935646225904722,0.023151400412614098,0.341624377829177,0.32043840634527965
레딧 긍정+급증,AMD,2019-03-20,25.700000762939453,-0.03151756222743285,-0.024769226305353165,0.12918286366791887,0.11188566655936594,0.06964976478755469,0.04159071752568222
레딧 긍정+급증,AMD,2019-05-01,26.809999465942383,0.010443890049352644,0.02511096388200118,0.02872064427833454,0.05185213413979706,0.04550545486779778,0.08930107148895461
레딧 긍정+급증,AMD,2019-05-30,28.030000686645508,0.13521223386856351,0.11453349309189265,0.11987151697087728,0.08206200602537694,0.09668209126244487,0.051991551624208876
레딧 긍정+급증,AMD,2019-07-16,33.849998474121094,-0.010635060912322358,-0.011469005808639632,0.0005908554997118287,-0.002544785454434262,-0.05140318883913064,-0.027285465789665397
레딧 긍정+급증,AMD,2019-09-24,29.520000457763672,-0.025745264806795065,-0.01685620905184837,-0.043699217328029505,-0.018891036508668524,0.06741191532044177,0.05679909651401349
레딧 긍정+급증,AMD,2019-10-22,31.510000228881836,0.0482386080410695,0.034192316772274856,0.14725487982523333,0.12043307202034326,0.310377677423221,0.2671684787737061
레딧 긍정+급증,AMD,2019-12-26,46.630001068115234,0.04224742356596067,0.04388859150827229,0.03302588602947942,0.02444847538746875,0.05640139809510569,0.05466733742018093
레딧 긍정+급증,AMD,2020-02-19,58.900001525878906,-0.19371815877456122,-0.1143896826014803,-0.1492360048864393,-0.07392711069090363,-0.3358234648823124,-0.04516910121765938
레딧 긍정+급증,AMD,2020-04-29,53.65999984741211,-0.027953783158132905,0.002604491512567919,-0.02758105751854012,0.012015087530770852,-0.035780808319139545,-0.06906756542175452
레딧 긍정+급증,AMD,2020-06-10,57.439998626708984,-0.05031336105054529,-0.027303968141797252,-0.08791781611764093,-0.04117799272544853,-0.0031337101232464804,0.011349033190820923
레딧 긍정+급증,AMD,2020-07-10,55.880001068115234,-0.015032214325908289,-0.028036417639725864,0.24194703291582598,0.2315877376519362,0.5184322987161851,0.46496710402452757
레딧 긍정+급증,AMD,2020-09-01,92.18000030517578,-0.11141241710854888,-0.07508230554629036,-0.1683662029907259,-0.12928509538787647,-0.11054461279746919,-0.060317751911145634
레딧 긍정+급증,AMD,2020-10-06,84.4800033569336,0.009469642407366585,-0.035913012294880975,-0.03456446120157719,-0.059793650559996525,-0.09351327192188752,-0.09679755857154693
레딧 긍정+급증,AMD,2020-12-01,92.62999725341797,0.003130745159518389,-0.008207500123876388,0.04847247788295039,0.038718892200815924,-0.0036704776851116394,-0.01998106563084312
레딧 긍정+급증,AMD,2022-01-05,136.14999389648438,0.009695243359484573,0.004058828262047065,-0.10473738630996854,-0.05855692459656925,-0.1180315298261988,-0.07153082836105795
레딧 긍정+급증,AMD,2022-02-03,120.08000183105469,0.04738503268860028,0.041294568775635865,-0.06420718659981506,-0.0428457705350096,-0.09718519312952956,-0.06487441731544108
레딧 긍정+급증,AMD,2022-03-28,120.23999786376953,-0.08075515017451984,-0.0827072550279131,-0.1902028902487085,-0.15513020023108448,-0.2917497906262887,-0.20442993091972628
레딧 긍정+급증,AMD,2022-05-04,99.41999816894531,-0.11567089329913227,-0.031044039793323597,-0.03158317690081436,0.05511801271999406,0.09223494606550542,0.11943389953718753
레딧 긍정+급증,AMD,2022-07-05,75.19999694824219,0.015425581239155717,0.018384019054874967,0.14202128641742484,0.11502893698491556,0.3203458104375396,0.25201403044119086
레딧 긍정+급증,AMD,2022-08-02,99.29000091552734,-0.03776815354438734,-0.045830714355556856,0.009165031970228776,-0.0438664211932982,-0.12438310363828142,-0.10024448146887543
레딧 긍정+급증,AMD,2022-09-16,76.51000213623047,-0.11175013479327889,-0.06607634741110546,-0.17187297292796533,-0.09826573913162318,-0.2688537829720016,-0.19641371436364774
레딧 긍정+급증,AMD,2022-11-16,72.69999694824219,0.05089415038450262,0.03326865789354749,0.06574974703361369,0.03558160363364449,-0.08486930437339579,-0.07015187576152926
레딧 긍정+급증,AMD,2023-01-24,74.69999694824219,0.0060241579119275634,-0.009667992482231158,0.15006703041279001,0.11261078409308634,0.025568992505217603,0.02971692756637556
레딧 긍정+급증,AMD,2023-03-09,84.02999877929688,0.14958943088692744,0.1379692760668787,0.19338331829184363,0.1892715196423922,0.10044034944679403,0.055415308603150804
레딧 긍정+급증,AMD,2023-05-05,89.83999633789062,0.06032954162147397,0.06284998010780563,0.17787181665538343,0.1633552033129384,0.31266702039521355,0.2775992816232533
레딧 긍정+급증,AMD,2023-06-12,129.19000244140625,-0.07941792663781289,-0.08720954714939666,-0.1455221201058844,-0.15098552651772768,-0.11308925098114997,-0.1412589180271876
레딧 긍정+급증,AMD,2023-08-02,109.3499984741211,0.010242366366809641,0.019972899402377453,-0.019753050414774598,0.00355130637234069,-0.025240074757601927,-0.027195076364396775
레딧 긍정+급증,AMD,2023-11-01,108.04000091552734,0.05136982020855996,0.01685035725612405,0.09218806923428313,0.02825964265131109,0.12143652939099936,0.041608795652209096
레딧 긍정+급증,AMD,2023-12-08,128.9199981689453,0.07935150382280498,0.05951235970490565,0.08284213532623941,0.05361575259550122,0.1577722357026079,0.1280460464090123
레딧 긍정+급증,AMD,2024-01-17,160.1699981689453,0.11312977039604366,0.0853925626073897,0.04695014271354947,0.024527486832013112,0.1156895735226997,0.060045798926953164
레딧 긍정+급증,AMD,2024-03-04,205.36000061035156,-0.03394040319432967,-0.031949403705795465,-0.07163034023250636,-0.0727234449991222,-0.12982081993997385,-0.14258685394023807
레딧 긍정+급증,AMD,2024-05-01,144.27000427246094,0.06480897322958867,0.031152540467585865,0.10674425341667515,0.04792538095868082,0.1558189163499606,0.11133010056799053
레딧 긍정+급증,AMD,2024-07-25,138.32000732421875,-0.04178725948544615,-0.05033100282331138,-0.01445922421990653,-4.65106419103023e-05,0.09673213501688926,0.0636532574942903
레딧 긍정+급증,AMD,2024-10-29,166.25,-0.14790975240836468,-0.1391949559183293,-0.13606012100563913,-0.16206696971709933,-0.17160901521381577,-0.20406171000552187
레딧 긍정+급증,AMD,2024-12-11,130.14999389648438,-0.06715321278713549,-0.03228673283837824,-0.03910869440331277,-0.02903396537453895,-0.0985785232680424,-0.05566210674476335
레딧 긍정+급증,AMD,2025-02-05,112.01000213623047,-0.0025890626729444532,-0.0011657642166525983,0.019283956713863626,0.00908893755135698,-0.11748954031894154,-0.06533974345969351
레딧 긍정+급증,AMD,2025-05-06,98.62000274658203,0.14033660466887676,0.09015757876508834,0.15098356291786352,0.09004943883627181,0.20239300880737843,0.13594704299864446
레딧 긍정+급증,AMD,2025-06-17,127.0999984741211,0.12824544152675288,0.11219609613804127,0.08985055810732434,0.05149268187284184,0.262077148606501,0.21101703909807945
레딧 긍정+급증,AMD,2025-07-29,177.44000244140625,-0.01763979282995154,-0.006164115232695555,-0.014032943298602052,-0.025728930078129486,-0.06097839932002769,-0.07656251169404404
레딧 긍정+급증,AMD,2025-09-22,159.7899932861328,0.009825442081391023,0.014564261067091189,0.274860850323009,0.2677077726672077,0.5054759851439987,0.498787782939744
레딧 긍정+급증,AMD,2026-02-04,200.19000244140625,0.06688645400045679,0.05847767580386298,0.01588487255607074,0.01837692572876659,-0.003696515730752581,0.0034152242617420114
레딧 긍정+급증,AMD,2026-04-27,334.6300048828125,0.02064968341535689,0.016678561971036565,0.37103667289366427,0.33729643566415546,0.5058124116063647,0.4562856630127199
레딧 긍정+급증,AMD,2026-06-26,521.5800170898438,0.05841859293830365,0.02784198782561398,0.024559985311682686,-0.0031221405694878968,-0.051056413225711084,-0.06491124903470002
레딧 긍정+급증,AMD,2026-08-05,482.04998779296875,0.0018255469455388251,-0.001681919095978479,-0.032423970046747796,-0.03147568481365004,-0.05184107637631086,-0.04582644249568113
레딧 긍정+급증,AMGN,2024-05-06,299.4800109863281,0.029951919632835278,0.021550414011568098,0.05028715442140563,0.02417261032649809,0.026345611865292717,0.0034638975639820213
레딧 긍정+급증,AMT,2022-06-10,251.00999450683594,-0.059121137256096246,0.0022949817565121045,0.03314605891202116,0.03625019306535715,0.017847938665271457,0.0408597434410769
레딧 긍정+급증,AMZN,2019-02-11,79.55000305175781,0.02299176217236054,-0.003724707847518438,0.028535468962703536,-0.0036129766954373643,0.05160270986876281,0.018826140224134313
레딧 긍정+급증,AMZN,2019-04-24,95.0875015258789,0.005137319471097079,0.006574589470563441,0.008423766112193753,0.02450702939910898,-0.022121733481854644,0.00046323676551807136
레딧 긍정+급증,AMZN,2019-07-26,97.15249633789062,-0.06166072926813404,-0.03056899606457364,-0.06972027266904623,-0.0353173909350909,-0.09954961421306718,-0.04273029330570255
레딧 긍정+급증,AMZN,2019-08-26,88.44349670410156,0.01185502722199061,0.0023411722415218605,0.029216389334245196,-0.005957238731076009,-0.015410957427004712,-0.04273732936168351
레딧 긍정+급증,AMZN,2019-10-28,88.85399627685547,0.01551990332356179,0.0021008215958140397,-0.0030555703194610206,-0.01970581269927285,-0.0018231586745662831,-0.03502463486813778
레딧 긍정+급증,AMZN,2019-12-02,89.08000183105469,-0.01801189699050021,-0.025199646089093863,-0.0069544139403801,-0.03217577506895464,0.03718002236060047,0.004385868135398763
레딧 긍정+급증,AMZN,2020-02-03,100.20999908447266,0.06471913191939693,0.032138613229780955,0.075576306317795,0.03667091307113224,-0.04750521994179546,0.026171212375126318
레딧 긍정+급증,AMZN,2020-04-15,115.38400268554688,0.024184434247585873,0.01936013884587795,0.028179776101106002,-0.027443715928901824,0.026104147607066253,0.012279276484938872
레딧 긍정+급증,AMZN,2020-06-11,127.89800262451172,0.03753774417053557,0.0003799185092518975,0.07686594849022432,0.05444480122171069,0.25099686247434727,0.19451167630706134
레딧 긍정+급증,AMZN,2020-07-13,155.1999969482422,0.029909783391063316,-0.0002007841880127259,-0.015718421065309296,-0.04233513107765152,0.014226854741732797,-0.051616148775775805
레딧 긍정+급증,AMZN,2020-08-27,170.0,-0.009411800608915444,-0.0009716087300627452,-0.08346467859604778,-0.04249780935204317,-0.08966764562270224,-0.03339923250440979
레딧 긍정+급증,AMZN,2020-10-06,154.9980010986328,0.11086273419959092,0.06548007949734336,0.037758508139782876,0.012529318781363541,-0.016629242773319675,-0.01991352942297908
레딧 긍정+급증,AMZN,2020-11-27,159.76699829101562,-0.010252433267211036,-0.02724584060792734,-0.02469846205860471,-0.03193022235812959,0.027734136606787363,0.004361299457295464
레딧 긍정+급증,AMZN,2022-02-07,157.9355010986328,-0.01752926753697248,0.0008940669262876844,-0.048994725935395556,-0.00944278287060818,-0.13879719946773383,-0.06946390543620395
레딧 긍정+급증,AMZN,2022-03-10,146.8175048828125,0.07098263615494438,0.03434167550969436,0.1146457348247194,0.05586511387364368,0.07469814480236203,0.01996001980007578
레딧 긍정+급증,AMZN,2022-04-14,151.7064971923828,-0.048491602040868664,-0.021652250363900616,-0.18077667028054145,-0.12186712908146324,-0.2547781248827603,-0.17238700900484372
레딧 긍정+급증,AMZN,2022-06-02,125.51100158691406,-0.07458310381303779,-0.036369414823698265,-0.1740962756135228,-0.05253126693766641,-0.12708849285434576,-0.04047879174659108
레딧 긍정+급증,AMZN,2022-07-12,109.22000122070312,0.08231091158480441,0.05227125387724252,0.051181068260517604,0.024765007469929268,0.26194836376662134,0.1818075644405195
레딧 긍정+급증,AMZN,2022-09-19,124.66000366210938,-0.07628751690082813,-0.01390174674017941,-0.07043162322126661,-0.013965265916691005,-0.08719719579060137,-0.03127136603525882
레딧 긍정+급증,AMZN,2022-10-27,110.95999908447266,-0.19520544530849648,-0.1715989371729254,-0.12914565563528357,-0.16785819584731965,-0.15816506459235513,-0.21698388384530176
레딧 긍정+급증,AMZN,2022-11-30,96.54000091552734,-0.08369589552961265,-0.04807975229341688,-0.05137765731753685,-0.03106761285116111,-0.12802983730201722,-0.0685714614438413
레딧 긍정+급증,AMZN,2023-01-26,99.22000122070312,0.1379762373813569,0.1082541897487519,-0.00987707463088705,-0.01565841209324803,-0.05764967899949591,-0.03697025931527731
레딧 긍정+급증,AMZN,2023-04-28,105.44999694824219,0.0019915288757217375,0.00992552702704308,0.04561408560636715,0.05604852508972913,0.13902327251185143,0.12918989571788986
레딧 긍정+급증,AMZN,2023-06-26,127.33000183105469,0.022696924119132378,-0.005928159400314437,0.01138770853208726,-0.014154635597600773,0.014136519483806342,-0.04149114569371615
레딧 긍정+급증,AMZN,2023-07-28,132.2100067138672,0.05566901321077977,0.07779545891688278,0.04689506567880608,0.07156025695967005,0.007941817862857858,0.04503805289068086
레딧 긍정+급증,AMZN,2023-10-20,125.16999816894531,0.020532074238392317,0.045485206327720795,0.10729414501103895,0.07524210217586247,0.15986254533476862,0.08958545914577853
레딧 긍정+급증,AMZN,2024-01-26,159.1199951171875,0.07975114901216784,0.06551261802334274,0.09634239757086815,0.06804997755217346,0.09810206818354428,0.059982237994039345
레딧 긍정+급증,AMZN,2024-04-30,175.0,0.0786285400390625,0.04842812701400634,0.06897147042410712,0.026499705931434248,0.04011431012834832,-0.007935341395059359
레딧 긍정+급증,AMZN,2024-06-27,197.85000610351562,0.010866787112250531,-0.004269511742294396,-0.016982565108406456,-0.04191071862874429,-0.07758405676007141,-0.07405166535309582
레딧 긍정+급증,AMZN,2024-09-09,175.39999389648438,0.05410493627932955,0.024035840694590638,0.10535924532149332,0.06279045831388053,0.030786826357932284,-0.008359630880650393
레딧 긍정+급증,AMZN,2024-10-10,186.64999389648438,0.00471473298467151,-0.006081390547186816,-0.0014464989150849705,-0.0068445606810142445,0.12536838960868657,0.09155661048999209
레딧 긍정+급증,AMZN,2024-11-08,208.17999267578125,-0.026755655016783342,-0.00595958288145082,-0.053127091688482064,-0.048646922068723564,0.0860313396686605,0.07518196036127112
레딧 긍정+급증,AMZN,2024-12-09,226.08999633789062,0.03025342318847346,0.02676399840657262,-0.004555702578532217,0.011965416617371938,-0.01751511132389927,0.007605618029471017
레딧 긍정+급증,AMZN,2025-04-07,175.25999450683594,0.0391418511090047,-0.02973476949066889,-0.011868092526806318,-0.05721087950445647,0.05563163474605548,-0.05226317151772597
레딧 긍정+급증,AMZN,2025-05-13,211.3699951171875,-0.03453653764301545,-0.04477774215435815,-0.03146139021670269,-0.032977908471345296,0.00865781271386279,-0.016084805089318976
레딧 긍정+급증,AMZN,2025-08-01,214.75,0.03697323604845759,0.012106700146173432,0.07580907464166176,0.04087368127844493,0.06635622817229336,0.02883126807899128
레딧 긍정+급증,AMZN,2025-09-26,219.77999877929688,-0.0012285206750414224,-0.012394720799930092,-0.015515532264306242,-0.002218884088697748,0.020156556370804823,-0.003157928693141354
레딧 긍정+급증,AMZN,2025-10-27,226.97000122070312,0.11909062269869408,0.12186332044836334,0.0944177316849153,0.09996321625546556,-0.0030400600858934146,0.021053702684691533
레딧 긍정+급증,AMZN,2026-02-06,210.32000732421875,-0.0548212896375182,-0.0419777647180255,-0.024011044484098854,-0.012094244323464176,0.015072261594488268,0.032954708777098274
레딧 긍정+급증,AMZN,2026-07-31,271.5799865722656,0.010678343609427987,-0.024434007219946707,-0.03288163015430834,-0.07211699742084388,-0.018963083257661162,-0.04884132832643118
레딧 긍정+급증,ANET,2024-02-13,66.37750244140625,-0.04150504262415067,-0.04784005915563838,0.028850150202891056,0.004198224352059521,0.057248243495116036,0.012943708347429528
레딧 긍정+급증,APP,2023-02-09,16.110000610351562,-0.031657368687753706,-0.0345805612302168,-0.11793919926879048,-0.0916305413518107,-0.23587833933992242,-0.1838505497447157
레딧 긍정+급증,APP,2024-11-08,290.010009765625,0.0037239630905789856,0.024520035225911507,0.14930514925316585,0.15378531887292435,0.1811316748058096,0.17028229549842022
레딧 긍정+급증,APP,2024-12-09,342.5400085449219,0.004145451260389121,0.0006560264784882808,0.006656153215450988,0.023177272411355143,-0.03894434520089407,-0.013823615847523785
레딧 긍정+급증,APP,2025-02-14,510.1300048828125,-0.19540115602233554,-0.17491568778499222,-0.33871759530125134,-0.29618849548719983,-0.39848665405594896,-0.3286982549398926
레딧 긍정+급증,APP,2025-08-08,455.9800109863281,-0.037940299780083064,-0.0477648545959628,-0.031361064007201955,-0.044120417684757385,0.19970166421121016,0.18141793818720364
레딧 긍정+급증,APP,2025-09-08,547.0399780273438,0.08427178720526607,0.06565372741070075,0.17633084572812474,0.148573175319465,0.0730477178592217,0.037938417022783444
레딧 긍정+급증,AVGO,2019-06-14,26.593000411987305,0.03030871821052794,0.013922110748903371,0.08246526725580994,0.06953575709847648,0.08427026612580302,0.044548251860212496
레딧 긍정+급증,AVGO,2022-06-10,54.12699890136719,-0.07874068966333803,-0.017324570650729676,-0.0656973382606948,-0.0625932041073588,-0.11066561947550047,-0.08765381469969502
레딧 긍정+급증,AVGO,2023-06-15,88.34300231933594,-0.06936605979604626,-0.048150482482562595,-0.018111294177347914,-0.019647653568229173,0.03047215141095827,0.01185491209612688
레딧 긍정+급증,AVGO,2023-12-13,108.96900177001953,0.018987053295278278,0.023747925206808573,0.030026847004978263,0.016870625025368735,0.016509245220732494,0.003374297982090102
레딧 긍정+급증,AVGO,2024-03-08,130.8719940185547,-0.055947729853942474,-0.05225427514447467,0.03419376419741238,0.01564842547835754,0.020921256777127528,0.007241960549261739
레딧 긍정+급증,AVGO,2024-06-14,173.50399780273438,-0.08232089716446345,-0.08224713051805266,-0.05431572811592689,-0.05903218307081903,-0.023768863957882136,-0.06444824577539343
레딧 긍정+급증,AVGO,2024-09-13,167.69000244140625,0.020335163769234832,0.00923217605380744,0.02981692365200539,0.01298455274557786,0.08223503539485777,0.05097223398755557
레딧 긍정+급증,AVGO,2024-12-13,224.8000030517578,-0.01783812149104702,0.0037768750890407876,0.0479537305736375,0.07441812323188257,0.014234861676160282,0.03315211273145391
레딧 긍정+급증,AVGO,2025-01-31,221.27000427246094,0.016269674041736515,0.01801436145689428,0.053192881034064055,0.040099257048633374,-0.1532065282266215,-0.1232141923565967
레딧 긍정+급증,AVGO,2025-06-06,246.92999267578125,0.00716804084137701,0.010739851430080938,0.02770020572454568,0.026014439891967056,0.10071678554594121,0.0653327155644512
레딧 긍정+급증,AVGO,2025-09-08,345.6499938964844,0.05334877120503778,0.03473071141047246,-0.01984662367335943,-0.04760429408201916,-0.02939390667298003,-0.06450320750941829
레딧 긍정+급증,AVGO,2026-06-04,418.9100036621094,-0.07958749145743127,-0.05405549869016435,-0.018046829850097312,-0.004376016269205141,-0.10744553572879068,-0.09977141857957228
레딧 긍정+급증,AVGO,2026-09-03,357.1600036621094,0.013523313144645943,0.025008504084662486,0.001259888242914231,0.016107826888359544,-0.005655697706798302,-0.001090119192702077
레딧 긍정+급증,AXON,2024-07-17,317.7799987792969,-0.014695743739925438,0.013512001984550603,-0.05591915501898348,-0.044912574676503225,0.16612124346310853,0.18980422975173294
레딧 긍정+급증,AXP,2020-07-23,96.66999816894531,-0.020895796848326764,-0.023992155612440502,-0.007758353307189103,-0.04296393733622195,0.0005172551226331201,-0.046918983821996774
레딧 긍정+급증,BA,2019-03-12,375.4100036621094,-0.0052742627181300294,-0.015686097716832825,-0.013398680723021306,-0.01923074963341631,-0.016968101688949244,-0.04494766302372566
레딧 긍정+급증,BA,2020-01-27,316.6000061035156,-0.001895155059850051,-0.0038116778332271117,0.08866079211331712,0.05410130934428703,-0.03935562607350107,-0.00581619453249449
레딧 긍정+급증,BA,2020-06-29,194.49000549316406,-0.08026119681970101,-0.11087279632634395,-0.07470820283260049,-0.12220220000296367,-0.12160012590520852,-0.1764842566338326
레딧 긍정+급증,BA,2020-08-31,171.82000732421875,-0.06250730436123209,-0.01641642171818669,-0.04848097704556753,-0.022315152434932872,-0.04784076865502773,0.0006548442956572087
레딧 긍정+급증,BA,2020-11-27,216.5,0.07487301022571446,0.05787960288499816,0.06387991607877463,0.056648155779249754,-0.001893781349235013,-0.02526661849872691
레딧 긍정+급증,BA,2023-12-12,248.6300048828125,0.05984798532190805,0.036706442350284973,0.05417689319940289,0.027436958920364463,-0.10445240200571781,-0.13084757511258416
레딧 긍정+급증,BA,2024-05-07,176.7100067138672,0.02291883673303552,0.011007220980928434,0.04566799705065261,0.01817066499292741,0.0743591131821133,0.040461198178115776
레딧 긍정+급증,BA,2024-09-30,152.0399932861328,0.025453897309067663,0.03584155394461963,-0.020060430989554234,-0.03846533439665545,-0.008879182480532877,-0.02120142035679551
레딧 긍정+급증,BAC,2019-04-16,29.8799991607666,0.00468545183832858,-0.0024485683508539413,0.012717572917946729,0.007031076241424072,-0.05321279417326674,-0.0356362638481067
레딧 긍정+급증,BAC,2020-01-15,34.66999816894531,-0.015863838076380254,-0.02661979880960552,-0.03432358493098775,-0.03276957730786989,0.006922460084862969,-0.02010455186310489
레딧 긍정+급증,BAC,2020-03-11,22.670000076293945,-0.08292894373355209,0.04230792456389265,-0.06925450769918484,0.03123387813485634,0.03440673506927583,0.03560948543333775
레딧 긍정+급증,BAC,2020-08-06,25.469999313354492,0.034550494379237406,0.027072852228046118,-0.014526852840972326,-0.026341563951779223,0.007459777745576712,-0.02562139510872008
레딧 긍정+급증,BAC,2020-10-15,24.149999618530273,0.029813715613919545,0.03813030453028643,-0.025258745864943144,0.025158488706774507,0.10517602300823237,0.08874439292167668
레딧 긍정+급증,BAC,2022-01-19,46.439998626708984,-0.01162784489230173,0.029036228416359,0.009689939195662411,-0.0027063111718319544,0.026701156656659286,0.03810125382651952
레딧 긍정+급증,BAC,2023-07-17,29.399999618530273,0.11054428399720861,0.10309149388001937,0.08843538827228392,0.07301969254101515,0.05204084035705825,0.058096228096619074
레딧 긍정+급증,BBY,2019-08-28,69.0,-0.046956490779268556,-0.07786788343037321,-0.016521730284760006,-0.059444618815796435,-0.029565230659816533,-0.05763814748053775
레딧 긍정+급증,BBY,2020-03-20,51.650001525878906,0.2094869191708142,0.10188204684212754,0.035430744671721026,-0.04931575502680463,0.3512100455710443,0.12048455351678511
레딧 긍정+급증,BBY,2020-08-21,114.0,-0.024298216167249143,-0.056995209294142146,-0.06745616176672153,-0.07655830692370125,-0.07043858578330597,-0.033588081009023996
레딧 긍정+급증,BBY,2020-12-08,102.98999786376953,0.0,0.0015668937753030576,0.01106903013199756,0.018984374668492232,0.04582970500636896,0.021705674555899668
레딧 긍정+급증,BBY,2022-08-09,76.33999633789062,0.11278492302046494,0.06817569527950829,0.032748233166460805,0.030317213389720266,-0.04060778913847607,-0.007618832962785871
레딧 긍정+급증,BIIB,2019-10-23,278.82000732421875,0.07556849139494504,0.061362776788231876,0.036510983460178004,0.012434682596022206,0.023599406066345363,-0.012715066234383565
레딧 긍정+급증,BIIB,2019-12-06,300.260009765625,-0.011423509897427797,-0.019204537766150054,0.002630979822988655,-0.015979926138246725,-0.0338706890593683,-0.05883342285753579
레딧 긍정+급증,BIIB,2020-02-06,337.239990234375,-0.008866060731104297,-0.018088129330867564,-0.001571577495683485,-7.448191046155461e-05,-0.05719955695034151,0.05214836307456383
레딧 긍정+급증,BKNG,2020-03-20,47.097198486328125,0.06600823181261228,-0.04159664051607437,0.04522564264058193,-0.039520857057943726,0.19890779773741785,-0.03181769431684134
레딧 긍정+급증,BMY,2019-12-23,63.209999084472656,0.015503929301184494,0.0135115747515695,0.010283207329432997,0.00022775943063035875,0.057902289433958254,0.025214412091022487
레딧 긍정+급증,BMY,2020-03-10,57.93000030517578,-0.06628690026512574,0.0572135806919678,-0.1500086066102191,0.006950055839162972,-0.017780058240477015,0.06297026233586311
레딧 긍정+급증,BMY,2022-04-18,76.75,-0.009120481410321624,0.012479151963451396,-0.02175893379733307,0.03187485429067316,0.002084738268526065,0.08857469140968632
레딧 긍정+급증,BMY,2024-11-12,59.02000045776367,-0.013385308529312745,-0.0023281191321895545,-0.004744133804222006,-0.01102659292068986,-0.04015586095396262,-0.057847261735793354
레딧 긍정+급증,BRO,2020-02-24,47.310001373291016,-0.0395265840689184,0.0018170563215422764,-0.10822241805033095,0.04124101608666719,-0.3307968943478864,-0.022286217786591234
레딧 긍정+급증,CARR,2023-03-06,48.380001068115234,-0.07503102496844671,-0.027783971264918605,-0.070070262811189,-0.043541692202875404,-0.05560153745385288,-0.07162253027599352
레딧 긍정+급증,CCL,2020-05-07,13.529999732971191,-0.09312633407797,-0.08370617444200834,0.07908356759912238,0.05405571585294355,0.5898004917519857,0.47974763973529866
레딧 긍정+급증,CCL,2020-06-08,24.90999984741211,-0.21959049967327748,-0.1696213666160753,-0.3083099298362161,-0.2693866111025973,-0.41509434829089775,-0.3859482682415559
레딧 긍정+급증,CCL,2020-09-08,18.290000915527344,-0.12903228497643393,-0.14992007991398337,-0.21213782798782133,-0.20340458547788987,-0.16949158993820979,-0.17465350364071364
레딧 긍정+급증,CCL,2020-10-19,14.149999618530273,-0.008480557511954645,-0.0008199772880513878,-0.042402787559773114,-0.007871641624345727,0.24169612498188697,0.18158093252689644
레딧 긍정+급증,CCL,2020-11-30,19.979999542236328,0.16116122594979387,0.14174455792045948,0.04754758682207272,0.04036643971648868,0.07257261242044843,0.04661008145908996
레딧 긍정+급증,CCL,2022-03-25,18.389999389648438,0.09026644385570282,0.08975834563155893,-0.002718827554104797,0.00859132970489096,0.02664490415339449,0.08005892378134283
레딧 긍정+급증,CCL,2022-05-13,14.279999732971191,-0.08053218767749915,-0.05043660791758464,-0.021708646480337324,-0.05541373585546916,-0.30602240667198044,-0.23950841399173228
레딧 긍정+급증,CCL,2022-06-14,9.520000457763672,0.01050414107006259,0.009113231026353308,-0.06827736774681636,-0.08558285175249358,-0.08508407359961145,-0.09588999169329404
레딧 긍정+급증,CCL,2022-08-10,10.34000015258789,0.021276621255537087,0.005419091750148652,-0.028046417560298242,-0.012998495101208762,-0.025145089462765946,0.02154646463979537
레딧 긍정+급증,CCL,2022-09-23,8.949999809265137,-0.21452509948315113,-0.185254766084738,-0.24469269576030483,-0.2306690417558961,-0.08379888446741546,-0.10102947592700573
레딧 긍정+급증,CCL,2023-06-09,13.09000015258789,0.20702826635270943,0.18479054201141598,0.11535524914285888,0.11177300079025088,0.4438502214068918,0.4146341299044154
레딧 긍정+급증,CCL,2024-03-27,17.190000534057617,-0.12390925237150885,-0.10460391010061643,-0.1291448631796399,-0.11926283041966013,-0.11692845645347894,-0.07931163339663916
레딧 긍정+급증,CCL,2024-05-31,15.079999923706055,0.10742711189850374,0.09483630333920745,0.017241394575414404,-0.011979141902515478,0.17440312825414495,0.14032831947726687
레딧 긍정+급증,CCL,2024-08-05,14.399999618530273,0.01388894223872672,-0.016823521518036788,0.08333338852282068,0.0017106352849656226,0.13472226287847788,0.06765354766036502
레딧 긍정+급증,CCL,2024-10-10,20.389999389648438,0.05002454577225257,0.039228422240394245,0.025502720614482444,0.02010465884855317,0.16135365443893068,0.1275418753202362
레딧 긍정+급증,CEG,2025-01-13,279.239990234375,0.15900310115609217,0.1217476055356026,-0.001575714284465235,-0.0413596876930884,0.12297664209581138,0.0818338940136647
레딧 긍정+급증,CHD,2022-06-27,91.88999938964844,0.03351835729146435,0.05058005456955772,0.030471248997235634,0.05044090812062041,0.025356424491577156,0.019437542553744303
레딧 긍정+급증,CHTR,2026-05-20,144.61000061035156,0.018325108120459177,0.0003150230129549403,-0.10759973371772413,-0.1289690785480362,-0.12710045761594635,-0.13450685253584516
레딧 긍정+급증,CI,2019-09-03,154.99000549316406,0.06452028934498655,0.03910233895405413,0.04200267292153281,0.006988490025148675,-0.029421334639438634,-0.038020082950548706
레딧 긍정+급증,CLX,2020-10-05,209.11000061035156,0.030175493951394516,-0.007115483638629572,0.016211560325922747,0.009589238877462325,0.03309262181984218,0.061230122655177355
레딧 긍정+급증,CLX,2023-02-03,154.77000427246094,-0.027524776429711628,-0.017072496825496497,-0.0073657644128609645,0.004978109147341758,-0.017703724349199423,0.0014062665958093357
레딧 긍정+급증,CMG,2022-04-28,30.016399383544922,-0.08725895865589628,-0.05453415072738932,-0.1463866149828833,-0.06347597375635361,-0.10654842990872981,-0.053954988595057984
레딧 긍정+급증,CMG,2024-03-21,58.09960174560547,0.0006161336405947626,-0.0010498853116271967,0.0001514070945451973,0.007370900474708786,-0.012347819783799063,0.039433122217024996
레딧 긍정+급증,CMG,2024-06-20,64.28839874267578,-0.02921831826582355,-0.028066572593405836,-0.023929647848804914,-0.03789676786422991,-0.16719031796344086,-0.17082832570452866
레딧 긍정+급증,CMG,2024-07-25,50.81999969482422,0.05194804024993549,0.04340429691207026,0.06887052382954773,0.08328323740754395,0.051751300352390395,0.018672422829791424
레딧 긍정+급증,COIN,2022-05-02,121.33999633789062,-0.3117685457671886,-0.27241804121624236,-0.49151143378045004,-0.4567931982395034,-0.3563540396306,-0.3526143699976584
레딧 긍정+급증,COIN,2022-08-09,87.68000030517578,0.030907836166062186,-0.013701391574894473,-0.18818430591435564,-0.19061532569109618,-0.22160128008152868,-0.18861232390583849
레딧 긍정+급증,COIN,2022-11-22,43.38999938964844,0.05392948111324802,0.03447462015290803,-0.04908967730069591,-0.03223548791023623,-0.18990546161969635,-0.15572195794678867
레딧 긍정+급증,COIN,2023-01-17,54.13999938964844,-0.01071292986509187,-0.016822046340633445,0.08016254528103484,0.05826541323682499,0.09032137873616986,0.05293790073261806
레딧 긍정+급증,COIN,2023-07-13,107.0,-0.053644839848313364,-0.059472749652156764,-0.13373829494012845,-0.14025576244545146,-0.22065421131169682,-0.21253517510672704
레딧 긍정+급증,COIN,2023-10-31,77.12000274658203,0.1549532744119595,0.1101661392564548,0.19411298052595138,0.12110963789528961,0.6574169494630784,0.5703534102910461
레딧 긍정+급증,COIN,2024-02-09,141.99000549316406,0.26987809411187436,0.27325000632305796,0.3658708003271629,0.35631378135134306,0.7900555555734663,0.7699438510108936
레딧 긍정+급증,COIN,2024-05-01,210.08999633789062,0.00528345294730892,-0.02837297981469389,0.04674190820787638,-0.01207696425011795,0.11742585843672537,0.07293704265475531
레딧 긍정+급증,COIN,2024-10-15,196.33999633789062,0.07324032367844846,0.0671345976298352,0.1187735955952971,0.11534127620894585,0.6253947786247629,0.5958663467159411
레딧 긍정+급증,COIN,2024-11-12,319.1300048828125,0.017046352139166165,0.028103541536289356,-0.0809701248473308,-0.08725258396379865,-0.016670345134649156,-0.03436174591647989
레딧 긍정+급증,COIN,2025-01-07,264.3299865722656,0.040101413543626396,0.0330511028567142,0.11985028109816187,0.08397036512039557,0.0228502585849093,-0.0072025798614216985
레딧 긍정+급증,COIN,2025-02-14,274.30999755859375,-0.17221388449133845,-0.15172841625399514,-0.24993619688961233,-0.20740709707556082,-0.31114429515641495,-0.24135589604035856
레딧 긍정+급증,COIN,2025-05-14,263.4100036621094,-0.016779975575279105,-0.008730074644830332,-0.055313037172682766,-0.059499563194345684,-0.08488667969890007,-0.11238880261785522
레딧 긍정+급증,COIN,2025-06-25,355.3699951171875,-0.002588803001932871,-0.024544952028569322,0.09452119424661598,0.06372001431937324,0.11630136943951808,0.07133499044931657
레딧 긍정+급증,COIN,2025-09-19,342.4599914550781,-0.08722185324560949,-0.08438924084808841,0.10967703818190588,0.10137507997144524,-0.01880512352419128,-0.019844753520749103
레딧 긍정+급증,COST,2019-10-04,291.6700134277344,0.020331170167585677,0.013774375074119494,0.03836517779912474,0.026066910287234624,0.015154053233694453,-0.024900332023479965
레딧 긍정+급증,COST,2020-03-06,311.3399963378906,-0.029132162365593572,0.06546874175333572,-0.06719336788149843,0.16362755047951494,-0.07287853378395137,0.09275714976683147
레딧 긍정+급증,COST,2024-03-04,759.1799926757812,-0.05940616984251601,-0.057415170353981804,-0.036407722694348665,-0.0375008274609645,-0.06306805414359795,-0.07583408814386217
레딧 긍정+급증,CRM,2019-08-22,148.24000549316406,0.05187524890486994,0.05112274777022052,0.019090675432990256,-0.00037164063794548063,0.04695083106563347,0.02670177605006563
레딧 긍정+급증,CRM,2020-05-14,167.0,0.049461044951113475,0.014685441836193691,0.04664666638402881,-0.021255239152089267,0.048562877906296764,-0.01895296639997479
레딧 긍정+급증,CRM,2020-08-27,276.32000732421875,-0.040930794943571436,-0.03249060306471874,-0.12022293116735694,-0.07925606192335233,-0.12152577063177972,-0.06525735751348727
레딧 긍정+급증,CRM,2020-11-27,247.6300048828125,-0.08791343473406343,-0.10490684207477974,-0.10180513757126275,-0.10903689787078763,-0.0928401447314261,-0.116212981880918
레딧 긍정+급증,CRM,2022-03-04,203.00999450683594,-0.02517117752140763,0.0028270771643931214,0.07777946392875834,0.04920280381302211,0.045515027551281007,-0.0024984841577393446
레딧 긍정+급증,CRM,2023-03-03,186.42999267578125,-0.07107225511209969,-0.025846003426305386,-0.008474959150019168,0.026657063218816557,0.07160868222921879,0.058743415459576065
레딧 긍정+급증,CRM,2023-06-20,216.97000122070312,-0.03756276835798211,-0.0352525545673984,-0.01451810793548447,-0.028128090795436322,0.08019539013960286,0.03897662479547637
레딧 긍정+급증,CRM,2024-05-30,218.00999450683594,0.11352690529618781,0.09046958122905835,0.0505481608647782,0.012584808821050508,0.1793037593762885,0.13795363986598996
레딧 긍정+급증,CRM,2025-12-04,247.4600067138672,0.060171336723777946,0.05318706144300234,0.04198658008468481,0.05355899314711232,0.035561314204331396,0.030695731739049492
레딧 긍정+급증,CRM,2026-06-02,200.83999633789062,-0.12691690250527077,-0.0972685234038071,-0.1948316587209633,-0.18266689425517657,-0.1872634997815723,-0.16908216372902984
레딧 긍정+급증,CRM,2026-08-31,257.5400085449219,-0.03269400150798585,-0.03127301742916633,-0.007338722473125281,0.005254945864352822,-0.12514564695568975,-0.1214301451874964
레딧 긍정+급증,CRWD,2020-06-02,23.0625,0.017886195402481375,-0.023369395764181178,0.09528456276994413,0.07944450468273101,0.08715448146913118,0.08624563054891343
레딧 긍정+급증,CRWD,2020-09-02,35.51750183105469,-0.08953333261731122,-0.02296918180365992,-0.09495322585842092,-0.033840519335815666,0.005630940745593671,0.06338884669207623
레딧 긍정+급증,CRWD,2020-10-13,38.20000076293945,-0.06649216923554568,-0.04721361582433714,-0.12643983598399866,-0.09242388906138166,-0.19175394284405245,-0.20292123387190375
레딧 긍정+급증,CRWD,2020-12-01,36.875,0.2032542083222988,0.191915963038904,0.1859660520391948,0.17621246635706034,0.42569486973649373,0.40938428179076225
레딧 긍정+급증,CRWD,2024-03-06,82.39250183105469,0.00788908591720805,-0.004312916443017567,-0.008192530105978646,-0.02924202587596403,-0.061838166185927856,-0.06835117712112904
레딧 긍정+급증,CRWD,2024-06-05,85.54499816894531,0.13206500499350993,0.11955260920687305,0.11678070848086874,0.09371972229508607,0.13881583089811644,0.10146562913517787
레딧 긍정+급증,CSCO,2020-05-11,43.31999969482422,0.040166244014879116,0.0316192354678706,0.03508773011245614,0.012592049523513893,0.10918743249209806,0.012469454560741111
레딧 긍정+급증,CSCO,2025-02-14,64.87000274658203,-0.025127192833379608,-0.00464172459603629,-0.021427518814448376,0.02110158099960313,-0.06135352533406968,0.008434873781986707
레딧 긍정+급증,CSCO,2026-05-15,118.20999908447266,0.018610985489176723,0.009857881483507525,0.026393729555420187,0.00018866770898706697,0.01658065391804997,-0.004605317565847367
레딧 긍정+급증,CVNA,2022-08-08,9.291999816894531,0.09771846860346445,0.05929139895903757,-0.22600085514577706,-0.2268725853999083,-0.3222126578817509,-0.2683857347252494
레딧 긍정+급증,CVNA,2022-11-07,1.4780000448226929,0.31799722269786734,0.27807096286690225,-0.04600817059477935,-0.08453951329909859,-0.09201626053374945,-0.12854731440741352
레딧 긍정+급증,CVNA,2022-12-09,1.0099999904632568,-0.0039603450884709845,0.02149228356463906,-0.19801979204706432,-0.1716518222815665,-0.12475246367834547,-0.1178870949450973
레딧 긍정+급증,CVNA,2023-01-12,1.6059999465942383,-0.1917808086992202,-0.18906016532076064,-0.032378535676387266,-0.054345488035337786,0.34993776770131824,0.3220255918439243
레딧 긍정+급증,CVNA,2023-03-23,1.6699999570846558,0.05748507653129509,0.030702772643228293,0.07904197130767954,0.03829626724442603,-0.025149662983908527,-0.07355111306752393
레딧 긍정+급증,CVNA,2023-05-05,1.7920000553131104,0.17187491060966642,0.17439534909599808,0.19866067835139423,0.1841440650089492,0.6741070911829965,0.6390393524110363
레딧 긍정+급증,CVNA,2023-06-09,3.813999891281128,0.32773997746463035,0.3055022531233369,0.0964867014751134,0.09290445312250539,0.8652333629741686,0.8360172714716922
레딧 긍정+급증,CVNA,2023-07-12,7.7779998779296875,0.4348161510106152,0.4142340618229534,0.12496787571678847,0.10369075588873011,0.06556958561145998,0.06617491501445139
레딧 긍정+급증,CVNA,2023-12-20,11.09000015258789,-0.009738485135236008,-0.02774128806517373,-0.15473404268126778,-0.15400795817522417,-0.1280432873540207,-0.16048253504679133
레딧 긍정+급증,CVNA,2024-02-26,13.97599983215332,0.1668575243580679,0.15438692675657983,0.11763022847378402,0.10717545931427641,0.26516881932579817,0.23793502110284903
레딧 긍정+급증,CVNA,2024-05-03,24.333999633789062,-0.038382511272905595,-0.05706079199606162,-0.034273019081951905,-0.069791029132238,-0.18665241576595248,-0.21894324674665666
레딧 긍정+급증,CVNA,2024-11-01,45.816001892089844,0.0666578687286592,0.019112993660800992,0.05203419705771428,0.026274140776765265,0.11288625931381069,0.05581490159897795
레딧 긍정+급증,CVNA,2025-01-06,37.77000045776367,0.03357155748825469,0.055692598932414406,0.23934341556697447,0.2207327978525493,0.35546726304008835,0.3405855350611233
레딧 긍정+급증,CVNA,2025-07-23,68.5999984741211,-0.02743434688989277,-0.027828538074734732,0.03466469978053821,0.036919461809263976,-0.012798810081344203,-0.018948134822028284
레딧 긍정+급증,CVNA,2025-12-08,89.59600067138672,-0.00013394613049388937,0.004108150315462411,-0.03212195109697458,-0.033877304429128285,0.0062502517344236175,-0.0024533045233963158
레딧 긍정+급증,CVNA,2026-02-19,66.55799865722656,0.0634333995499714,0.05639154666638824,-0.004897929707962878,-0.000266701621517762,-0.11601911532584663,-0.07996255650745765
레딧 긍정+급증,CVS,2019-04-30,54.380001068115234,0.017837392183771117,0.03855025717747551,-0.02592864692381991,0.010191329656050185,-0.034203761931188015,0.01936402457487718
레딧 긍정+급증,CVS,2020-02-13,72.0,-0.006805525885687946,0.0038156887295032194,-0.178055551317003,-0.057008888739145,-0.17166667514377165,0.02930641785163557
레딧 긍정+급증,CVS,2020-05-06,60.40999984741211,0.012249655360634826,0.02157241313190794,0.046515500420273526,0.0019069070138311162,0.10130771308298447,0.0059339739394048685
레딧 긍정+급증,CVS,2020-07-31,62.939998626708984,0.0320940658061355,0.007440082646134272,0.0433746361900591,0.011768585499586148,0.004289807175958504,-0.06939633262599498
레딧 긍정+급증,CVS,2020-12-04,74.5,-0.039194606294567946,-0.029596071072283014,-0.06644291205694208,-0.06463133055990988,-0.054228200208420674,-0.058229769613115545
레딧 긍정+급증,CVS,2024-11-12,54.029998779296875,0.03220436272031768,0.04326155211744087,0.09217100971219261,0.08588855059572476,-0.04201370551637851,-0.05970510629820924
레딧 긍정+급증,CVX,2022-11-14,186.5500030517578,-0.028464205155335764,-0.027122843579494238,-0.029589944691287062,-0.02986838129409164,-0.06979364277388178,-0.08713016380082694
레딧 긍정+급증,DAL,2020-03-09,43.52000045776367,-0.17715990357020428,-0.0517906751653433,-0.4894301682069354,-0.30243380754733373,-0.4871323653480688,-0.45296387444853425
레딧 긍정+급증,DAL,2020-04-06,22.31999969482422,0.099462421642323,0.027990609211945516,0.03494626780063892,0.0040619377932140655,-0.027329776823115992,-0.10786295763384257
레딧 긍정+급증,DAL,2020-06-04,32.380001068115234,-0.1599752975387192,-0.12544934524635265,-0.04910438851571175,-0.05045335256855921,-0.14391604697473193,-0.1467103226546439
레딧 긍정+급증,DAL,2020-08-24,29.799999237060547,0.03523493863393634,0.01660090188878738,0.09194636740323192,0.12026207250191523,0.014093962652576675,0.050895622341724955
레딧 긍정+급증,DAL,2022-10-31,33.93000030517578,-0.01679928351598836,-0.0005905385675164521,0.022399007211835187,-0.0006713531083113455,0.020041270234590902,-0.003313950321113257
레딧 긍정+급증,DAL,2023-06-30,47.540000915527344,0.01935208563794588,0.027518470602654888,-0.015565874299869886,-0.03262055210940895,-0.026924749039625495,-0.05965803230433997
레딧 긍정+급증,DAL,2025-07-11,56.650001525878906,-0.006354820841215858,-0.012704876971010304,-0.031597543994939414,-0.0532132403714114,-0.05313331077061734,-0.07487731780176721
레딧 긍정+급증,DASH,2023-02-17,61.810001373291016,-0.12328106418510365,-0.09988078291324165,-0.09480667335632442,-0.0879559920273928,-0.04028476982921991,-0.007087256675324283
레딧 긍정+급증,DDOG,2020-05-18,67.41000366210938,0.053256136224014705,0.03942567326718205,0.05043752724783612,0.0060985897147323165,0.21628828674660716,0.15540695978024055
레딧 긍정+급증,DDOG,2023-11-08,99.98999786376953,0.09450949874518244,0.06608184253985083,0.12141213770389792,0.08077179690647807,0.15011503607271504,0.10213330711598978
레딧 긍정+급증,DECK,2025-07-25,116.8499984741211,-0.11553273578338863,-0.09139208993158554,-0.1298245474286851,-0.12995014324238785,-0.06632434832009348,-0.07921090033275924
레딧 긍정+급증,DELL,2020-05-20,22.63558006286621,0.020600101301337048,0.0002585773936563118,0.1016570124801528,0.053059723450016305,0.06180030390401137,0.011788494825059948
레딧 긍정+급증,DELL,2023-06-02,47.27000045776367,0.0071927258154289575,0.002565738512615212,0.050772111020520594,0.023804505708242774,0.15527819085058558,0.11819183214054219
레딧 긍정+급증,DELL,2023-12-01,71.93000030517578,-0.04490481500388899,-0.04730082042512962,-0.004309711626282908,-0.026592395862282237,0.03976088694866542,0.010246646885872623
레딧 긍정+급증,DELL,2024-03-04,121.77999877929688,-0.048612237052770735,-0.04662123756423653,-0.12440467792527576,-0.1254977826918916,-0.027426477018970385,-0.0401925110192346
레딧 긍정+급증,DELL,2024-05-28,166.0800018310547,-0.1825626625116602,-0.17988248864423673,-0.20736995461043184,-0.2208465116428383,-0.16763003390505093,-0.19726332183728723
레딧 긍정+급증,DELL,2026-05-29,420.9100036621094,-0.06300631674927148,-0.0379825313689216,-0.06020288450600142,-0.04073114586247162,-0.014967613636487243,0.005495559042792197
레딧 긍정+급증,DG,2022-05-27,228.3800048828125,0.017908732158882668,0.026264945468855938,0.01116554750174914,0.1081168763531547,0.06655572564700529,0.1499011358844965
레딧 긍정+급증,DGX,2023-05-31,132.64999389648438,0.016961930671145264,-0.003858893936663499,0.027139135086013955,-0.01912145194261683,0.0640030598100847,0.015516811270871234
레딧 긍정+급증,DIS,2019-04-11,116.5999984741211,0.13593480858954665,0.12965467392295982,0.19999999999999996,0.1819575574712795,0.14957114099690538,0.1499527563288625
레딧 긍정+급증,DIS,2019-08-06,141.8699951171875,-0.03425671937422081,-0.05076123709997182,-0.04750821503030034,-0.055465159582255064,-0.02805382296835568,-0.04973561941249571
레딧 긍정+급증,DIS,2019-11-05,131.4499969482422,0.05424119473825395,0.047824879627236916,0.12879428168595863,0.11283494899545299,0.1280334897054538,0.1136049560331931
레딧 긍정+급증,DIS,2020-01-22,144.00999450683594,-0.055204480601968364,-0.0409592905468269,-0.018332056734597812,-0.022919456476468425,-0.025276019224316104,-0.042207316173506926
레딧 긍정+급증,DIS,2020-08-04,117.29000091552734,0.11254160179556494,0.10424011038599601,0.09915591408166091,0.07316058852476548,0.13863076144010766,0.07034012121818711
레딧 긍정+급증,DIS,2020-09-17,130.22000122070312,-0.05936110646959991,-0.022617429503038466,-0.05306407308657579,-0.05663723953523159,-0.021962836611438052,-0.05668176166281336
레딧 긍정+급증,DIS,2020-12-01,149.44000244140625,0.02864024832290135,0.017302003039506575,0.16394539346722903,0.15419180778509456,0.21232598507203604,0.19601539712630456
레딧 긍정+급증,DIS,2022-02-10,152.16000366210938,0.005191859011038691,0.03247755643331807,-0.017284469108273415,0.0084655690285107,-0.13413514176453611,-0.06903677195414415
레딧 긍정+급증,DIS,2022-04-25,119.94999694824219,-0.05377238109497684,-0.02103102509498367,-0.10812833615081352,-0.03732486447815597,-0.1177156771690474,-0.04399512078071732
레딧 긍정+급증,DIS,2022-06-21,93.29000091552734,0.028191630695763248,0.013314443868499337,0.029906751936401577,0.008097509618846033,0.10783575366992348,0.05531227457332899
레딧 긍정+급증,DIS,2022-08-12,121.56999969482422,-0.011762772960150492,-0.00014958779462281857,-0.061692852009765264,-0.010674335892861597,-0.042609198965033124,-0.004842857002249179
레딧 긍정+급증,DIS,2022-10-31,106.54000091552734,-0.05734935759195281,-0.0411406126434809,-0.11507416961589001,-0.13814452993603654,-0.11122581539600918,-0.13458103595171333
레딧 긍정+급증,DIS,2023-02-07,111.62999725341797,-0.03556385997480649,-0.02942212299180047,-0.08913372026386512,-0.04903161328012551,-0.11045412975930735,-0.07126727815401612
레딧 긍정+급증,DIS,2023-05-17,92.7699966430664,-0.03988355160211943,-0.029913138725161437,-0.04505767442526032,-0.060928387436193554,0.0018325515197972209,-0.06408271084809725
레딧 긍정+급증,DIS,2023-07-25,85.62999725341797,0.03970572970844266,0.03742220489870518,0.02919537638896985,0.043884473537977864,0.001868546855558817,0.039831853662686045
레딧 긍정+급증,DIS,2024-02-08,110.54000091552734,0.017278777066181084,0.009873891877604901,-0.025330224611609387,-0.04445447938610503,-0.00199024080768051,-0.028880579745579227
레딧 긍정+급증,DIS,2024-05-08,105.44000244140625,-0.025322512675619357,-0.04966564923285599,-0.022951496038561392,-0.04739128526257963,-0.04011763333640128,-0.07389626521377246
레딧 긍정+급증,DIS,2024-11-15,115.08000183105469,0.004953073390292495,-0.011709341915938865,0.018074398661448443,-0.012450577664309126,-0.02580814366916062,-0.06172786714734024
레딧 긍정+급증,DLTR,2020-05-29,97.87000274658203,-0.050781660173977006,-0.10013756399948459,-0.10319817942243137,-0.10283666566555438,-0.05364258559994117,-0.039611238897518275
레딧 긍정+급증,DLTR,2022-05-27,165.0,-0.021515170010653395,-0.013158956700680124,-0.060545487837357914,0.036405841014047646,-0.06927268288352273,0.014072727353968473
레딧 긍정+급증,DLTR,2023-05-26,142.4499969482422,-0.085714227565161,-0.1025706088685121,-0.05777462901967878,-0.09058258849717005,0.029694600338082022,-0.00875600876742122
레딧 긍정+급증,DLTR,2024-09-05,68.47000122070312,-0.008470889743161125,-0.02571956017596322,0.07901264694411947,0.04013053838213976,0.008909020001114376,-0.02422360578443805
레딧 긍정+급증,DPZ,2020-04-23,369.6400146484375,-0.02085819085357743,-0.06170678252107975,-0.0066821802911470884,-0.03749774040759679,0.015149808906007145,-0.04146485022669122
레딧 긍정+급증,DPZ,2024-10-07,410.0,0.04409752822503821,0.015002741528294727,0.05192685010956555,0.024047284364284716,0.04873173411299536,0.04519173797203413
레딧 긍정+급증,DUK,2024-11-06,113.62999725341797,-0.020417141167839215,-0.030822569975868075,0.0009680596058296853,0.0018816662101510673,0.003344230326478126,-0.02308375373192817
레딧 긍정+급증,DXCM,2020-02-14,70.97750091552734,0.03571548730254426,0.08067991977096878,0.006410507910051599,0.09085958744260114,-0.28745024676016107,0.002093586867696451
레딧 긍정+급증,DXCM,2020-05-04,88.12750244140625,0.19531353345601188,0.16382221757234317,0.17568293370437038,0.1353754527276787,0.06592717820928451,-0.020506431181653184
레딧 긍정+급증,EBAY,2020-07-29,54.529998779296875,0.03906108776448236,0.017561363541567454,0.017605041640573083,-0.02028868224367497,0.0742711010896897,0.005219635341053408
레딧 긍정+급증,ELV,2025-07-24,280.42999267578125,0.009449752043991122,0.013138106577810782,0.010876220055652697,0.014296640232523972,0.10401887882748428,0.10223771664272929
레딧 긍정+급증,EXPE,2020-03-20,48.79999923706055,0.23012294503701236,0.12251807270832571,-0.0018442654507162537,-0.08659076514924191,0.22848364139750177,-0.002241850656757416
레딧 긍정+급증,F,2019-04-26,10.40999984741211,0.0,-0.0021130674123213122,-0.002881818771462208,0.015215715369564342,-0.055715651508894126,-0.019486467942767316
레딧 긍정+급증,F,2020-04-13,5.159999847412109,-0.03488368869407976,-0.05639566938406748,0.001938028910378975,-0.039380929152252,-0.007751930820906638,-0.06884166496504562
레딧 긍정+급증,F,2022-01-06,24.459999084472656,0.02289457866932243,0.030181845507631144,-0.15576449748769583,-0.0917392136932641,-0.2657399935933046,-0.22462363223502524
레딧 긍정+급증,FANG,2020-09-24,29.989999771118164,-0.03000999084358169,-0.07186473132247462,0.03767926231208185,-0.025010069308619487,-0.027342437515252005,-0.09259741541807265
레딧 긍정+급증,FANG,2022-01-25,126.9800033569336,0.02543710246923081,-0.017097505062718454,-0.0205544222818691,-0.05846268102108787,0.020318114139656673,0.049134807993076346
레딧 긍정+급증,FCX,2020-12-09,24.459999084472656,-0.0028618028390955397,-0.01191184309800708,0.016353292757595783,0.014390634426604931,0.2735077998553348,0.23422743070619756
레딧 긍정+급증,FDX,2019-09-19,122.844482421875,-0.04781898201605417,-0.03426781038649673,-0.07044933531542952,-0.035043550740065044,-0.011479198920446576,-0.005500761716893954
레딧 긍정+급증,FDX,2020-09-02,183.65028381347656,-0.015225281776181765,0.05133886903746954,0.07094906364022724,0.1320617701628325,0.11482601143846582,0.17258391738494838
레딧 긍정+급증,FDX,2022-09-19,131.26510620117188,-0.12277471087195835,-0.060388940711309624,-0.07022710602272109,-0.013760748718145477,-0.0363413227876721,0.019584506967670445
레딧 긍정+급증,FDX,2023-12-21,199.3231201171875,0.02267952451381161,0.0171580832526268,0.004972578704171449,0.0009531290586906049,0.014109029889365576,-0.01161547366576765
레딧 긍정+급증,FDX,2024-03-25,227.69540405273438,-0.025763547927034613,-0.02397430914673726,-0.021941469132729763,-0.021075678128783304,-0.03829135372785031,-0.011125443605716545
레딧 긍정+급증,FDX,2024-06-27,238.0902557373047,-0.004975171248624455,-0.020111470103169382,0.012014753372692422,-0.012913400147645415,0.015805317312807654,0.019337708719783242
레딧 긍정+급증,FDX,2024-09-23,208.533447265625,0.057536969371997815,0.050357326810220426,0.00660764230764288,0.00989023604311523,0.03871861949791189,0.014213164775966458
레딧 긍정+급증,FSLR,2020-02-12,56.119998931884766,0.05702068467291732,0.05841361100211917,-0.21151103274773564,-0.09323113803527527,-0.3485388084617491,-0.08385381864708763
레딧 긍정+급증,FSLR,2022-11-21,165.38999938964844,-0.0216458180317205,-0.02326779186374206,-0.0478868020930715,-0.04596072750253832,-0.05320758863433794,-0.01760104025915399
레딧 긍정+급증,FSLR,2024-05-23,249.80999755859375,0.08786682847584104,0.08518606741867352,0.07017332753139782,0.054868004965670014,0.045914900655698476,0.014011395520870717
레딧 긍정+급증,FSLR,2025-06-12,167.8300018310547,-0.13603051648677456,-0.12034526480457997,-0.09348747107326205,-0.11197189864184387,-0.04164932024609358,-0.07653130377999628
레딧 긍정+급증,FTNT,2022-11-03,45.93000030517578,0.18419331653083648,0.12036756506191959,0.1787502510324932,0.11613743774633711,0.16721097875347346,0.07044810726339379
레딧 긍정+급증,GE,2019-08-19,43.21244812011719,-0.07151088411569184,-0.056698901865642304,-0.039215620498938675,-0.033776574178257635,0.07958476622818522,0.050200073415136215
레딧 긍정+급증,GE,2020-02-20,62.451210021972656,-0.17079012485943312,-0.05374011443482085,-0.19553069076751195,-0.09317123238363301,-0.4828411583505434,-0.19662654429396353
레딧 긍정+급증,GE,2020-12-31,53.82865524291992,0.05000000354337031,0.03026103706634342,0.049074120859686765,0.0442062292889962,-0.005555508704324752,-0.011840964125382158
레딧 긍정+급증,GILD,2020-02-03,66.36000061035156,0.03963226686600896,0.00705174817639298,0.009795080167276371,-0.029110313079386385,0.11829412902230385,0.19197056133922563
레딧 긍정+급증,GILD,2020-04-17,83.98999786376953,-0.05179186313561679,-0.03898830033844203,-0.048100976524373285,-0.03466947391913644,-0.09203471751573322,-0.09077873143304271
레딧 긍정+급증,GILD,2021-01-04,60.11000061035156,0.03992676238250348,0.013082233878205729,0.11578770610217015,0.08905166357632854,0.08351350178163042,0.04891392220410351
레딧 긍정+급증,GILD,2023-10-23,77.55999755859375,0.002707569508547447,0.014290110573474957,0.04615783836700271,0.00993557870890327,-0.020113429702150687,-0.10050162120064676
레딧 긍정+급증,GIS,2020-03-09,54.13999938964844,-0.014037649244571515,0.11133157916028946,-0.12670854613388105,0.06028781452572063,0.06575547494320233,0.09992396584273688
레딧 긍정+급증,GOOG,2019-04-30,59.42399978637695,-0.012099454057400871,0.008613410936303523,-0.05724960351837516,-0.021129626938505064,-0.06059837671226942,-0.007030590206204224
레딧 긍정+급증,GOOG,2020-02-03,74.2969970703125,0.015303458853412666,-0.017277059836203312,0.022699444335823493,-0.016205948910839263,-0.09727840385383169,-0.023601971536909905
레딧 긍정+급증,GOOG,2020-08-06,75.00499725341797,0.01223256303621545,0.004754920885024161,0.05442976364184715,0.042615052531040254,0.09448711252251152,0.061405939668214726
레딧 긍정+급증,GOOG,2022-10-26,94.81999969482422,-0.08173381169524552,-0.06301752955790296,-0.07825351395092162,-0.057600185963476935,0.04218519313302993,-0.011215217842146519
레딧 긍정+급증,GOOG,2023-01-17,92.16000366210938,0.07649734312306466,0.07038822664752309,0.08365884090825548,0.06176170886404564,0.030273363446923218,-0.007110114556628577
레딧 긍정+급증,GOOG,2023-05-12,117.91999816894531,0.045200151915015585,0.028120050741891722,0.06368726469509278,0.04320573513706938,0.054528497328870884,0.0005670511015796187
레딧 긍정+급증,GOOG,2023-07-26,129.66000366210938,-0.00786676109557305,0.003944186561934404,0.00377903918352418,0.02520559306023673,0.027379322470243217,0.0547772077389983
레딧 긍정+급증,GOOG,2024-02-15,143.94000244140625,0.009378844114415585,-0.0022543827621106516,-0.04071141108071741,-0.062304537929668946,-0.012296819802969372,-0.027874152235626504
레딧 긍정+급증,GOOG,2024-03-19,147.9199981689453,0.0255543457685794,0.01954326307897092,0.05712545330477292,0.04995097343385191,0.06057332899391743,0.08996976019317637
레딧 긍정+급증,GOOG,2024-04-29,167.89999389648438,0.011494985138357006,-0.0012682383976685419,0.01786777908907844,-0.0034041803624977884,0.060274036592376845,0.021553101615053416
레딧 긍정+급증,GOOG,2024-07-11,187.3000030517578,-0.043139357711712845,-0.03627476696578702,-0.09684996846815697,-0.06437798751926904,-0.12525363764881703,-0.07883695248265943
레딧 긍정+급증,GOOG,2024-08-19,168.39999389648438,-0.0027909812217216112,-0.004899579543175769,-0.058135354162487274,-0.04467961095056405,-0.048218500068229586,-0.05440141685532485
레딧 긍정+급증,GOOG,2024-11-08,179.86000061035156,-0.033192489716690976,-0.012396417581358454,-0.07389076637959224,-0.06941059675983374,-0.015345237948793167,-0.02619461725618255
레딧 긍정+급증,GOOG,2024-12-12,193.6300048828125,-0.02029648213327684,0.009869223670471161,0.002117380534945701,0.01753942984684209,-0.01332439067290292,0.023311245523116142
레딧 긍정+급증,GOOG,2025-02-28,172.22000122070312,0.020497031438137858,0.05122847643916251,-0.026710057315704194,0.02608538430783225,-0.09383348941799174,-0.029004616002409223
레딧 긍정+급증,GOOG,2025-09-04,232.66000366210938,0.03490069195124801,0.02179062011608801,0.08454396054042834,0.06430114758245553,0.05918502878419085,0.028220067394719495
레딧 긍정+급증,GOOG,2025-11-18,284.9599914550781,0.13573843470393632,0.11310481142402917,0.12514038718214548,0.08906900652807392,0.04597138719938787,0.028821940115492994
레딧 긍정+급증,GOOG,2025-12-19,308.6099853515625,0.018729236159648277,0.008062096701240584,0.019247602875323455,0.00276195033797344,0.06406150309338954,0.05699410955426076
레딧 긍정+급증,GOOG,2026-05-01,383.2200012207031,0.036088895486174444,0.012540751271619355,0.026355634025737817,0.0006566707721782361,-0.027764768578218635,-0.08034223659965989
레딧 긍정+급증,GOOG,2026-06-18,367.4599914550781,-0.08917974684511465,-0.06540975965796947,-0.006966738197692224,-0.013046550611481744,-0.04378706991794401,-0.03756005189330758
레딧 긍정+급증,GOOGL,2020-02-04,72.27050018310547,0.044727768048587135,0.02588618215838112,0.05497401516092815,0.026772474869952934,-0.044146620598547015,0.005084560119937631
레딧 긍정+급증,GOOGL,2022-02-07,139.2010040283203,-0.02640069356834618,-0.007977359105086013,-0.06743842843498682,-0.027886485370199443,-0.08689954713950743,-0.017566253107977547
레딧 긍정+급증,GOOGL,2022-04-25,123.0739974975586,-0.05274060684168391,-0.01999925084169074,-0.08582638189560776,-0.015022910222950214,-0.09413847580099999,-0.020417919412669905
레딧 긍정+급증,GOOGL,2022-07-27,113.05999755859375,0.04440124164923409,0.010963172188871884,0.058729873810648536,0.011477776050605515,0.005572305823604795,-0.025920823574226315
레딧 긍정+급증,GOOGL,2022-12-01,100.98999786376953,-0.07208633462015945,-0.044740823021861775,-0.10030693601046348,-0.05673582356692075,-0.1263490917590525,-0.06510403331734427
레딧 긍정+급증,GOOGL,2023-02-21,91.79000091552734,-0.01884740537834495,-0.011756306633114555,0.022551472646015203,0.024606165401391822,0.14304387321557233,0.14349488095175433
레딧 긍정+급증,GOOGL,2023-08-02,128.3800048828125,0.009970390486160774,0.019700923521728586,0.002492538193325178,0.025796894980440466,0.058420312468800084,0.056465310862005236
레딧 긍정+급증,GOOGL,2024-02-29,138.4600067138672,-0.02946700587330009,-0.042712973366984985,0.03351147742782623,0.019989933937963666,0.09006200604687065,0.06055873658514188
레딧 긍정+급증,GOOGL,2024-04-29,166.14999389648438,0.011736456687721386,-0.0010267668483041614,0.0179958206620634,-0.003276138789512828,0.06169124511907009,0.022970310141746664
레딧 긍정+급증,GOOGL,2024-10-31,171.11000061035156,0.05633802440104274,0.008909123851722045,0.026123553297636493,-0.017330935132582326,-0.012623479950935712,-0.0722569427235058
레딧 긍정+급증,GOOGL,2024-12-11,195.39999389648438,-0.03582395198900745,-0.0009574720402502068,0.0010236039574147426,0.011098332986188564,-0.022466732480933893,0.02044968404234515
레딧 긍정+급증,GOOGL,2025-03-05,173.02000427246094,-0.03415792114305283,0.007330094743297377,-0.052768492991337235,-0.02544713199506965,-0.09235932604165131,-0.06056160693045365
레딧 긍정+급증,GOOGL,2025-04-25,161.9600067138672,0.012780884043100293,-0.016494131735546924,-0.056865931909588,-0.08174609289058432,0.040195074320644286,-0.011508343421892997
레딧 긍정+급증,GOOGL,2025-07-14,181.55999755859375,0.04703683994138519,0.04069887801995331,0.06069621293591676,0.04128230321902726,0.10707205718667456,0.08929067501453569
레딧 긍정+급증,GOOGL,2025-09-04,232.3000030517578,0.03473952629966881,0.021629454464508813,0.0849332564285119,0.0646904434705391,0.05764097810478752,0.026676016715316164
레딧 긍정+급증,GOOGL,2025-10-27,269.2699890136719,0.05366365654026728,0.05643635428993654,0.07735736598847676,0.08290285055902702,0.18312474308486748,0.20721850585545243
레딧 긍정+급증,GOOGL,2025-11-25,323.44000244140625,-0.011779611457565342,-0.024919955240772063,-0.009986430132164159,-0.028578453227543932,-0.02890800776941449,-0.051662866747121394
레딧 긍정+급증,GOOGL,2026-05-01,385.69000244140625,0.039176502517350054,0.015628358302794965,0.028753652590659096,0.0030546893370995143,-0.024164503267451565,-0.07674197128889282
레딧 긍정+급증,GOOGL,2026-06-25,343.7099914550781,0.04713279395355752,0.032860641320945794,0.039190019363936957,0.011067964676003905,-0.06973902946267985,-0.07604436101624357
레딧 긍정+급증,GPN,2025-08-06,85.54000091552734,0.01075518072362236,-0.008382568242663258,0.0026887505854271687,-0.005734328222243068,0.020341335575712938,-0.005481169977234135
레딧 긍정+급증,HAL,2020-05-27,12.1899995803833,0.07301069515662517,0.0445127083636494,0.19031999412305023,0.13935303440599212,-0.027071364648535767,-0.028916314277389277
레딧 긍정+급증,HBAN,2025-02-13,16.610000610351562,-0.027694218839137807,-0.011637967152420048,-0.00842873521087173,0.017074337117988003,-0.11198076712847238,-0.03502869914243545
레딧 긍정+급증,HD,2020-08-11,274.9200134277344,0.036665161064802776,0.019117002802544247,0.04077546525373199,0.006761018921297657,0.007711316068827356,-0.0132923528264417
레딧 긍정+급증,HD,2022-08-19,321.32000732421875,-0.07226441146340956,-0.03239608222231649,-0.09155985546224932,-0.02073021748309789,-0.12728741741629368,-0.04771659804385664
레딧 긍정+급증,HOOD,2022-01-06,15.579999923706055,-0.017971741613756476,-0.010684474775447761,-0.16688064147636128,-0.10285535768192955,-0.02567391659108076,0.015442444767198582
레딧 긍정+급증,HOOD,2022-04-04,13.829999923706055,-0.17932028603885608,-0.14236762663360947,-0.16413590141807166,-0.13839163792790554,-0.2697035114109235,-0.18121843262305937
레딧 긍정+급증,HOOD,2022-05-13,10.6899995803833,-0.057062645521205324,-0.02696706576129082,-0.02899901572599195,-0.06270410510112379,-0.3236669501520928,-0.25715295747184463
레딧 긍정+급증,HOOD,2022-06-22,7.489999771118164,0.1308411917033132,0.11494872273605106,0.2042724610680593,0.16527575972802144,0.25634180707155263,0.19116914502981341
레딧 긍정+급증,HOOD,2022-10-14,9.890000343322754,0.02527805776759018,-0.021306410634518658,0.16279065730915154,0.0750184242686236,0.0586450863065584,-0.05566300955974901
레딧 긍정+급증,HOOD,2023-03-06,9.720000267028809,-0.07510292961481468,-0.027855875911286576,-0.09465021101024818,-0.06812164040193458,0.004115222299809096,-0.011905770522331549
레딧 긍정+급증,HOOD,2023-06-20,10.0,-0.006000041961669922,-0.003689828171086207,0.07200002670288086,0.05839004384292901,0.31199998855590816,0.27078122321178166
레딧 긍정+급증,HOOD,2023-07-20,12.8100004196167,-0.04527719425302923,-0.04596275655922355,-0.09914132834990752,-0.09175489730034658,-0.21389544379690717,-0.17875460521882203
레딧 긍정+급증,HOOD,2023-12-06,11.270000457763672,0.06388636061309994,0.029274719535673066,0.11978698961502032,0.09010100203894122,0.05501329728269688,0.026074948748286753
레딧 긍정+급증,HOOD,2024-01-30,11.010000228881836,-0.020890144516736542,-0.027184826106671944,0.07538600421903441,0.0688876607436375,0.46503168260194916,0.4337212165942119
레딧 긍정+급증,HOOD,2024-03-14,18.049999237060547,0.057617781688987346,0.04353874522304557,0.11523545770768595,0.09946694634794073,-0.004432128924515277,0.0035298207916200086
레딧 긍정+급증,HOOD,2024-05-14,18.020000457763672,0.16315197292030725,0.14774972230572758,0.17008870970302725,0.16473807362757498,0.31520533634218806,0.280693587861623
레딧 긍정+급증,HOOD,2024-08-08,17.729999542236328,0.10265085966238319,0.06040082314365858,0.12182740570672701,0.07364132238882548,0.06824596858780674,0.04994772965298022
레딧 긍정+급증,HOOD,2024-10-09,25.649999618530273,0.04990256162502238,0.04096197006393565,0.0409357177397629,0.03946298051072983,0.16413259471473318,0.14004838113378204
레딧 긍정+급증,HOOD,2024-11-07,29.360000610351562,0.0974114629051881,0.10120590863512502,0.1951634680898502,0.1984206371923144,0.41927783728497503,0.3987946141908725
레딧 긍정+급증,HOOD,2024-12-06,41.66999816894531,-0.03527711712503456,-0.029354253729569457,-0.08015350335147764,-0.0527436660479621,-0.026637793242849872,0.004918108688381939
레딧 긍정+급증,HOOD,2025-01-21,50.0,-0.01199996948242188,-0.014437630983189398,0.0516000366210938,0.053705929203467506,0.18459999084472667,0.1682165979539132
레딧 긍정+급증,HOOD,2025-04-28,48.93000030517578,-0.01798489807125847,-0.04096762429580103,0.1737175546083305,0.11537133318161574,0.34927439671572724,0.2761146424917973
레딧 긍정+급증,HOOD,2025-06-06,74.87999725341797,-0.03044870276344469,-0.026876892174740763,0.01963142727861178,0.017945661446033156,0.21888354688608502,0.183499476904595
레딧 긍정+급증,HOOD,2025-09-08,117.27999877929688,-0.02089015154964924,-0.03950821134421456,0.06488745471998536,0.03712978431132563,0.23004771494166976,0.1949384141052315
레딧 긍정+급증,HOOD,2026-04-21,86.43000030517578,-0.05044545406637546,-0.0612538638590816,-0.10875855018730107,-0.1367241250700969,-0.14196455628534377,-0.18407619510369533
레딧 긍정+급증,HOOD,2026-05-29,94.30000305175781,-0.1254507046469726,-0.10042691926662273,-0.011770949887905391,0.00770078875562441,0.0798515221167484,0.10031469479602784
레딧 긍정+급증,HOOD,2026-07-06,117.55000305175781,-0.06541898972150861,-0.06261038799587304,-0.1554232564708362,-0.1431907970908003,-0.23147601877888935,-0.23998144067764748
레딧 긍정+급증,HOOD,2026-08-24,103.62000274658203,0.011484219074207491,0.006795079714152941,0.132406805902745,0.12914531381388383,0.19909280743672308,0.1861125533861796
레딧 긍정+급증,HPE,2024-06-11,20.559999465942383,0.062256844352833074,0.040765126753440795,0.017509757767645073,0.0015678686457702984,0.031128468561355316,-0.005243573188759454
레딧 긍정+급증,HPE,2025-10-29,24.270000457763672,-0.023073809753962227,-0.008802439280809482,-0.032550510944660216,-0.026716836203726002,-0.11289656858006658,-0.10168019678479179
레딧 긍정+급증,HPE,2026-06-01,47.0,0.06106380706137804,0.08653379926200311,0.04297873314390799,0.047869656555944995,-0.04021275297124338,-0.02469615682992643
레딧 긍정+급증,HPQ,2020-05-28,15.010000228881836,0.09726842519718049,0.06957596687769296,0.043304437616167535,0.05109404008384366,0.0906063017730463,0.07614940879629972
레딧 긍정+급증,IBKR,2019-09-27,13.34749984741211,-0.1086345627152242,-0.10508010159584891,-0.10245366703944336,-0.10543269514030684,-0.12867576344675447,-0.14966429538695458
레딧 긍정+급증,IBKR,2020-12-08,13.53499984741211,0.04765426413262919,0.049221157907932245,0.11636496690218112,0.1242803114386758,0.27779832074403377,0.2536742902935645
레딧 긍정+급증,IBKR,2022-02-02,17.75749969482422,0.047022441569556594,0.04660699948172331,0.05279459474090564,0.07629956873573895,-0.13796986351514562,-0.09065377220730042
레딧 긍정+급증,IBKR,2022-03-24,16.592500686645508,-0.0069308281668911675,-0.009483658282970264,-0.036763633274550456,-0.03294556570814733,-0.08091008775585107,-0.026635892502960723
레딧 긍정+급증,IBKR,2022-05-26,14.8725004196167,0.010589968661002924,-0.0023137618608972677,-0.05093297207101766,-0.012665942244340922,-0.02286099465422997,0.018391383331551103
레딧 긍정+급증,IBKR,2022-08-18,15.987500190734863,-0.0054730615268607785,0.01411142185889358,-0.0165754708466761,0.0569714691223705,0.05895231294427883,0.15787964389548803
레딧 긍정+급증,IBKR,2023-01-17,19.297500610351562,0.02241217350462299,0.016303057029081414,0.035626375346826666,0.013729243302616823,0.11827953056936891,0.08089605256581711
레딧 긍정+급증,IBKR,2024-06-26,30.75,0.020569095766641343,0.009661849152436064,-0.015853633725546268,-0.035963201848481785,-0.0360162626437055,-0.023000852304774666
레딧 긍정+급증,IBKR,2026-06-08,87.3499984741211,0.06193478828407972,0.040817871797271366,0.0841442312823697,0.09177383253342453,0.06926162744639575,0.0609013910406353
레딧 긍정+급증,IBM,2022-07-18,138.1300048828125,-0.0694274325467209,-0.10508653630872045,-0.0440889841555161,-0.11954382349459469,-0.023166669759739023,-0.14598371818309208
레딧 긍정+급증,IBM,2023-05-31,128.58999633789062,0.04502689719119135,0.024206072583382587,0.0669570017540666,0.02069641472543582,0.04253831072776326,-0.005947937811450199
레딧 긍정+급증,IBM,2024-04-25,168.91000366210938,-0.024983725825646674,-0.02804239347503734,-0.015629621291877616,-0.0487583686340376,0.010419717415652174,-0.03420883960456078
레딧 긍정+급증,IBM,2025-10-30,310.05999755859375,0.007611481286600386,0.021615010539401625,-0.016770987060491627,-0.005312182849628866,-0.004773305160232555,-0.010009904705855943
레딧 긍정+급증,IBM,2026-05-22,253.83999633789062,0.26229127816885867,0.24499075361883382,0.10628746996361671,0.11489758183957266,0.04372835748366555,0.05990237889033578
레딧 긍정+급증,IBM,2026-07-20,213.0,0.015399055301863251,0.019441691493474966,0.062488251448796994,0.041493553378664005,0.074413174194909,0.03320529516671766
레딧 긍정+급증,INTC,2019-07-26,51.59000015258789,-0.05640627716234148,-0.025314543958781077,-0.10874201577357723,-0.07433913403962189,-0.128513298090825,-0.07169397718346038
레딧 긍정+급증,INTC,2020-01-24,68.47000122070312,-0.06630642375619811,-0.044893343905254124,-0.035782160566048216,-0.046215056839973956,-0.0979991642988467,-0.07868482358001228
레딧 긍정+급증,INTC,2020-07-28,49.2400016784668,-0.002233968452516666,-0.029913962720909626,-0.021324187976561104,-0.05753545888915901,0.0038586234815680687,-0.06759880009455
레딧 긍정+급증,INTC,2020-10-23,48.20000076293945,-0.0813278406969784,-0.025685552819432855,-0.05829878275544764,-0.07096581062945762,-0.05829878275544764,-0.08591746465342609
레딧 긍정+급증,INTC,2020-12-07,50.20000076293945,0.005378495092832836,0.01738096798490696,-0.07649402578142594,-0.07316147545892393,0.017928240986125,0.005844490412199477
레딧 긍정+급증,INTC,2022-01-12,55.7400016784668,-0.06637963135133562,-0.014853179014368223,-0.13796200591750274,-0.053506994013236775,-0.12343022714283636,-0.07736003437905692
레딧 긍정+급증,INTC,2023-01-17,29.600000381469727,0.010810800361494177,0.004701683885952601,-0.045270274841846314,-0.06716740688605616,-0.03243246552193535,-0.06981594352548715
레딧 긍정+급증,INTC,2023-05-30,29.989999771118164,0.03234409205593414,0.013661607786453756,0.13071024028713385,0.09148892734126868,0.1193731227418604,0.08079436541115559
레딧 긍정+급증,INTC,2023-09-06,36.97999954223633,0.04678203254871405,0.046132109765942175,-0.061925390586115125,-0.044938284334648526,-0.028393706058900903,0.019923262027722433
레딧 긍정+급증,INTC,2024-02-13,43.15999984741211,0.007182608303683891,0.0008475917721961768,-0.027108391405971433,-0.05176031725680297,0.0016218650387325173,-0.04268267010895399
레딧 긍정+급증,INTC,2024-03-13,43.22999954223633,-0.023826018741696986,-0.032566856429361524,0.012491346778751522,-0.0014629773405758772,-0.12953963759934384,-0.1334740318706007
레딧 긍정+급증,INTC,2024-04-26,31.8799991607666,-0.03074026248540096,-0.03670177572877842,-0.06367624945847272,-0.08842739424290069,-0.0363864453559859,-0.07805801555397962
레딧 긍정+급증,INTC,2024-07-01,30.84000015258789,0.12159533013767909,0.10237799791803726,0.11348897479516729,0.07769486921914814,-0.023022081332957134,-0.016897412885772067
레딧 긍정+급증,INTC,2024-08-05,20.110000610351562,-0.03729487703814094,-0.06800734079490445,0.07011436124404269,-0.011508391993812372,-0.0004972764086684789,-0.06756599162678134
레딧 긍정+급증,INTC,2024-09-18,20.770000457763672,0.13336545001029432,0.11797543711833036,0.07799705807320878,0.06470892018029373,0.07414535263541944,0.03691706180889209
레딧 긍정+급증,INTC,2024-10-25,22.68000030517578,0.02292770946943068,0.036743681256480976,0.15520283996470563,0.1221308153364542,0.08024689904474469,0.051803212316255065
레딧 긍정+급증,INTC,2024-12-04,21.959999084472656,-0.0837886303255938,-0.08345957924322567,-0.121129324148876,-0.08594526597071617,-0.06375226215378926,-0.03789905208269673
레딧 긍정+급증,INTC,2025-01-22,21.860000610351562,-0.0965233555095325,-0.08888862682380427,-0.10109793824867364,-0.0974371775314653,0.19350409076536157,0.18700715384572475
레딧 긍정+급증,INTC,2025-04-04,19.850000381469727,-0.0055415923545396595,-0.06226262570505603,-0.05088162264342755,-0.06790190075515234,0.02115869361322642,-0.09408436197378611
레딧 긍정+급증,INTC,2025-07-28,20.68000030517578,-0.057059975230292936,-0.0480010065532851,-0.0014507101645447884,0.00015072721941644662,0.1871372763430852,0.17845518974070163
레딧 긍정+급증,INTC,2025-09-19,29.579999923706055,0.20013522959983265,0.20296784199735374,0.24509810432887535,0.2367961461184147,0.25118317839725846,0.25014354840070063
레딧 긍정+급증,INTC,2025-10-24,38.279998779296875,0.04467092355537772,0.03756867540684494,-0.0039184356312665924,0.00535440201638937,-0.09874605276479864,-0.07184317981813937
레딧 긍정+급증,INTC,2026-01-22,54.31999969482422,-0.10419734681904669,-0.11154153344570483,-0.11192927191670698,-0.09544115081943838,-0.18796021984229683,-0.18861337700184888
레딧 긍정+급증,INTC,2026-04-09,61.720001220703125,0.10985091777708234,0.07786138848777369,0.08198310853073099,0.040006905518875646,0.7760855570075962,0.700090137045829
레딧 긍정+급증,INTC,2026-05-11,129.44000244140625,-0.16432326847405043,-0.16344410793078223,-0.04573551982911661,-0.06100677540725352,-0.16625466522377752,-0.16321124572269385
레딧 긍정+급증,ISRG,2023-10-10,297.8299865722656,-0.07541212257896146,-0.07881797805750712,-0.06862966405455806,-0.043522646409296706,-0.06426479868982315,-0.06976483110079112
레딧 긍정+급증,JNJ,2019-07-17,131.86000061035156,-0.015774319895546896,-0.02820131098975187,-0.012437428955386243,-0.0113962602553076,-0.012134127833380415,0.03434937049345188
레딧 긍정+급증,JNJ,2019-08-27,129.63999938964844,-0.006016652136448197,-0.031010599045414367,0.011801903629282462,-0.034839449982295934,0.010413499767598866,-0.027059920886271183
레딧 긍정+급증,JNJ,2020-03-05,142.00999450683594,-0.11689311658925172,0.0628000407875603,-0.1053446379392543,0.09947582988596915,-0.062389979248432925,0.10500402675035081
레딧 긍정+급증,JNJ,2020-05-06,148.0800018310547,-0.006415430419335344,0.002907327351937772,-0.0027013043647163837,-0.04730989777115879,-0.009116734784051728,-0.10449047392763133
레딧 긍정+급증,JNJ,2020-10-12,151.83999633789062,-0.04952574548893951,-0.019959638384819844,-0.05183084369729796,-0.014830649904654658,-0.037934632809251245,-0.04397840015901833
레딧 긍정+급증,JNJ,2022-06-10,172.5500030517578,-0.01790783125610118,0.04350828775650717,0.05546213790885357,0.05856627206218956,0.019124908683820552,0.042136713459625996
레딧 긍정+급증,JNJ,2024-01-26,159.5,-0.018119118430397707,-0.03235764941922281,-0.017178717825479972,-0.04547113784417467,0.008087732201459641,-0.030032097988045292
레딧 긍정+급증,JNJ,2024-07-18,155.4199981689453,0.027152240834000585,0.052936630318406674,0.03435848926008811,0.05181943061250738,0.023613423061271233,0.022871494570676054
레딧 긍정+급증,JPM,2020-01-14,138.8000030517578,-0.01527384963519074,-0.02715347701599513,-0.03292512409034043,-0.03039033386617951,-0.005763710620809492,-0.0362111097627571
레딧 긍정+급증,JPM,2020-04-15,90.79000091552734,-0.015970972166701847,-0.02079526756840977,0.07787200818956119,0.022248516159553366,-0.07445756215511112,-0.0882824332772385
레딧 긍정+급증,JPM,2020-06-04,106.44000244140625,-0.0867155500303054,-0.05218959773793885,-0.07046223062733059,-0.07181119468017805,-0.12946259360415346,-0.13225686928406544
레딧 긍정+급증,JPM,2020-08-12,102.94000244140625,-0.04264619473024822,-0.042023887198364585,-0.03740048583840927,-0.06742065182205403,-0.030211779061514843,-0.019691426503180676
레딧 긍정+급증,JPM,2022-03-08,128.3000030517578,0.03257983301913869,0.008747968928485506,0.11161334158077008,0.03151725428253438,0.0392828773675058,-0.04427267525542966
레딧 긍정+급증,JPM,2022-04-20,131.5800018310547,-0.07721540903422819,-0.015512269980339721,-0.034047752656864994,0.0011437073894408067,-0.08732334194611835,0.03151816627048809
레딧 긍정+급증,JPM,2022-09-01,114.51000213623047,0.04069510039106383,0.015015285217864882,0.022443451636362077,0.049838677662508046,-0.08741596323019674,0.011570009785281221
레딧 긍정+급증,JPM,2023-01-17,140.8000030517578,-0.01669038389616917,-0.022799500371710746,-0.0059658829523024925,-0.027863014996512336,0.017045410827172702,-0.020338067176379093
레딧 긍정+급증,JPM,2023-05-05,136.74000549316406,-0.019306708231633163,-0.016786269745301508,0.017843989210159616,0.003327375867714588,0.017185832604373008,-0.017881906167587225
레딧 긍정+급증,JPM,2024-10-14,221.47999572753906,0.006862941582908455,0.008043805549155292,0.018150642721730392,0.024123380589045174,0.08041357188982112,0.05570108171250987
레딧 긍정+급증,KKR,2022-01-06,70.58999633789062,-0.010341348142941076,-0.003054081304632361,-0.06757326661746843,-0.0035479828230366994,0.004816602704690309,0.04593296406296965
레딧 긍정+급증,KMI,2022-04-25,18.610000610351562,-0.023105872706774666,0.009635483293218505,-0.0005373577944040031,0.07026611387825354,0.02955396125858356,0.10327451764691364
레딧 긍정+급증,KVUE,2025-10-08,16.079999923706055,0.011194048882451346,0.022990044506048024,-0.05534828031999328,-0.047459528594195666,0.009328334529973281,0.0026874707253061736
레딧 긍정+급증,LLY,2022-06-10,297.010009765625,-0.020571750675885014,0.040844368336723336,0.10188201829266785,0.10498615244600384,0.08949188814626252,0.11250369292206797
레딧 긍정+급증,LLY,2022-11-14,356.05999755859375,0.014351558456941582,0.01569292003278311,0.022159227946237037,0.02188079134343246,0.007302157280635768,-0.010034363746309394
레딧 긍정+급증,LLY,2023-11-14,610.8200073242188,-0.029828806391094864,-0.039946199737184274,-0.031040276587718907,-0.04414386721298147,-0.021806763309160204,-0.07032143467205942
레딧 긍정+급증,LLY,2024-02-06,705.030029296875,0.0538132275643457,0.053610839646385466,0.05798326617154981,0.05144457959129589,0.10600965509073856,0.07408530863351248
레딧 긍정+급증,LLY,2024-11-21,749.9199829101562,0.06057978679203169,0.04562197329557871,0.10239764349858604,0.07857967214163208,0.023789240535021294,0.028033953201376693
레딧 긍정+급증,LLY,2025-02-07,878.3099975585938,-0.03875622288481684,-0.05362046774635121,0.0035181506120367523,0.009443875003828817,-0.05527659701918619,0.011620886435072086
레딧 긍정+급증,LLY,2025-07-23,798.8900146484375,-0.04857990067089846,-0.04897409185574042,-0.06574123917966623,-0.06348647715094047,-0.11697481567366341,-0.1231241404143475
레딧 긍정+급증,LLY,2025-12-11,1009.3800048828125,0.04705859019420022,0.06548657243655343,0.06773464382735139,0.0660804588269781,0.07095444210379664,0.062262841507553235
레딧 긍정+급증,LMT,2020-01-06,413.1099853515625,0.01430612638685047,0.0009888684350622956,0.031565464421840606,0.00789727508236071,0.042773145298574455,0.0260261960190058
레딧 긍정+급증,LMT,2020-07-23,387.6199951171875,-0.015221077268474437,-0.018317436032588175,-0.020329201233363015,-0.05553478526239586,0.0006707852249634438,-0.04676545371966645
레딧 긍정+급증,LMT,2021-01-04,344.6400146484375,-0.02019504896944735,-0.0470395774737451,-0.009110998476600574,-0.03584704100244218,-0.03464485240805859,-0.0692444319855855
레딧 긍정+급증,LMT,2022-02-25,409.489990234375,0.11883075245443342,0.1315777234933041,0.07216298081824579,0.11255131360129833,0.10786591731449469,0.07373684263395508
레딧 긍정+급증,LMT,2022-04-01,445.9800109863281,0.034844561739382884,0.046656815437395416,0.0481187293744787,0.08112679208711615,-0.03401500752059361,0.05085649583932483
레딧 긍정+급증,LMT,2022-05-05,443.1499938964844,-0.0193162533600153,0.032567464644316035,-0.03955770962594596,0.019285736030699274,-0.0010380039747570624,0.0068641468504144765
레딧 긍정+급증,LMT,2023-10-10,435.1000061035156,0.01385888001541935,0.01045302453687369,0.013330240661014514,0.03843725830627587,0.034589720941966995,0.029089688530999025
레딧 긍정+급증,LMT,2024-12-26,489.9800109863281,-0.016653748069606622,-0.0010385981891972706,-0.013918950102658423,0.019256975856160596,-0.06639046093699641,-0.07167863823064857
레딧 긍정+급증,LULU,2019-03-28,167.5399932861328,0.022860224331713086,-0.0001884786630235169,0.002745653171189799,-0.02397231280188894,0.05700133361858173,0.01175886775122903
레딧 긍정+급증,LULU,2019-06-13,174.52000427246094,0.06864540129643748,0.04695882394130768,0.032030691044239834,0.025400352219856925,0.08595003227585285,0.04772222704920881
레딧 긍정+급증,LULU,2019-08-23,180.02999877929688,0.025773478981893083,-0.0009072510187015936,0.07976448762828592,0.0328976952201292,0.0841526078942938,0.03725078214285804
레딧 긍정+급증,LULU,2019-12-09,230.8800048828125,-0.023951830658110573,-0.04185674664435113,-0.011910949159048334,-0.03529567014702906,0.027676711947800747,-0.00599860078250547
레딧 긍정+급증,LULU,2020-03-24,192.74000549316406,-0.016550806010635855,-0.07659607218379172,0.01131053550716321,-0.0790863863026956,0.10039426322114986,-0.0474569114012775
레딧 긍정+급증,LULU,2020-06-08,315.29998779296875,-0.03885188859583322,0.01111724446136897,-0.03365044643937376,0.005272872294245001,-0.027148740532823568,0.0019973395165182595
레딧 긍정+급증,LULU,2020-09-03,377.8699951171875,-0.17064064705310367,-0.1378371014689146,-0.21994333084262985,-0.17726687776984318,-0.11961781108191827,-0.08617730087404996
레딧 긍정+급증,LULU,2020-12-11,344.32000732421875,0.09796114007685053,0.09009871862233432,0.020446032404718206,0.004420845862578959,0.03662286559981598,0.002579727089663697
레딧 긍정+급증,LULU,2022-05-27,293.6499938964844,0.027141159156681915,0.035497372466655186,-0.051319624169756106,0.045631704681649454,-0.05138769505035323,0.03195771518713797
레딧 긍정+급증,LULU,2023-03-29,361.0400085449219,0.01044202560504548,-0.005130417162995782,0.00925104215278405,-0.020947026697030635,0.047196924507117544,0.019639935867777236
레딧 긍정+급증,LULU,2023-06-05,356.44000244140625,0.03293679203782651,0.0172496424388886,0.0758893154743916,0.05228831704728654,0.054847906124628976,0.01731571565350154
레딧 긍정+급증,LULU,2024-03-22,403.19000244140625,-0.04461913769052195,-0.04644172576793404,-0.1059798376139991,-0.10120239442496182,-0.10268110232346561,-0.061450082492690905
레딧 긍정+급증,LULU,2024-06-06,323.0299987792969,-0.04810701360135672,-0.06267709450096837,-0.034702632874469064,-0.05312562527309961,-0.08977494384295126,-0.12834161647241638
레딧 긍정+급증,LULU,2024-08-30,259.4700012207031,-0.041931648482007144,-0.011293662824099604,0.02246882701213182,0.023958973604571998,0.04578565856138206,0.027903141493508032
레딧 긍정+급증,LULU,2025-06-06,265.2699890136719,-0.09861646430713289,-0.09504465371842896,-0.14969650959284164,-0.15138227542542027,-0.10076524610615267,-0.1361493160876427
레딧 긍정+급증,LULU,2025-09-10,163.89999389648438,-0.0025625270566549396,-0.013249223777511476,0.09347167721003413,0.07984116968365029,0.06662607586569669,0.03458123957861736
레딧 긍정+급증,LULU,2025-10-09,173.47999572753906,-0.05107217447864554,-0.035397880842203744,0.03216510242378856,0.031271073213014144,-0.057239986859216385,-0.05597355915204072
레딧 긍정+급증,LULU,2026-06-05,114.2300033569336,0.03974431544002255,0.03404976961052664,-0.07703758026041996,-0.08631156435461906,0.007353552597437085,-0.006421831238023534
레딧 긍정+급증,MCD,2019-09-13,209.80999755859375,-0.0020018024585697347,0.007330947193598392,0.015966856405782437,0.03486486866328964,-0.003765279516349973,0.012210002349859361
레딧 긍정+급증,MCD,2019-12-20,197.13999938964844,-0.0011666619065189288,-0.002257846310688816,0.027848257634986773,0.02161248320948328,0.07253729885376425,0.03945656119864416
레딧 긍정+급증,MCD,2022-04-01,249.25,0.008866626735675842,0.020678880433688374,0.007261775561058226,0.04026983827369568,-0.010471416691480662,0.07440008666843778
레딧 긍정+급증,MCD,2022-09-12,260.3699951171875,-0.012904656506408263,0.04164923638392504,-0.06379383539518724,0.04974244103256975,-0.09763029014731239,0.02634472519613007
레딧 긍정+급증,MCD,2023-06-30,298.4100036621094,-0.01313633383474977,-0.0049699488700407635,-0.012499617776057015,-0.02955429558559608,-0.017459171579842225,-0.0501924548445567
레딧 긍정+급증,MCD,2024-02-12,289.44000244140625,0.011090351810399746,0.01951384402198475,0.014925398313224703,0.0030487134975194508,0.016825577239184097,-0.014712643775741885
레딧 긍정+급증,MCD,2024-04-01,280.2200012207031,-0.045178800966952704,-0.03859077695452218,-0.04992502381497166,-0.016008289771096584,-0.02380277424408772,-0.00062984600703897
레딧 긍정+급증,MCD,2024-10-23,298.57000732421875,-0.023612613918353897,-0.027107517922540625,-0.01530631748706146,-0.03788454204710445,-0.025655636782670355,-0.04729962712331992
레딧 긍정+급증,MCK,2022-11-28,380.3399963378906,0.005521391711982959,-0.003773631504762953,-0.00680968702431628,-0.014488221329593265,-0.0003943679285076662,0.03625540002736494
레딧 긍정+급증,META,2022-02-04,237.08999633789062,-0.07398031784156578,-0.05561610895415625,-0.130456759684205,-0.09820803932083977,-0.20928759493703475,-0.14405465815310448
레딧 긍정+급증,META,2022-09-20,146.08999633789062,-0.08001918498490834,-0.026099552470295273,-0.039769989076841705,-0.02383623611389385,-0.09097127537326011,-0.057229205601474153
레딧 긍정+급증,META,2022-10-24,129.72000122070312,-0.28183778302924367,-0.3012111734599646,-0.2543940771620441,-0.25724470430001456,-0.15309898568812175,-0.19459079402158674
레딧 긍정+급증,META,2022-12-19,114.4800033569336,0.020964306657133003,0.017332905881625837,0.11259607801948701,0.10275443584255783,0.18929061761106514,0.16660753281560847
레딧 긍정+급증,META,2023-02-02,188.77000427246094,-0.05747738442520389,-0.034227702411222416,-0.08650739768742499,-0.06611294491882869,-0.018647052989310464,0.01156072179538492
레딧 긍정+급증,META,2023-03-15,197.75,0.01041718108012013,0.0031473840673275078,0.03843239496088802,0.007426416328366825,0.11428574515052148,0.05214537699068478
레딧 긍정+급증,META,2023-04-27,238.55999755859375,-0.021126732636283285,-0.003474399485651425,-0.011611352702921574,-0.010932419658595371,0.059230403367781514,0.05379893901317234
레딧 긍정+급증,META,2023-06-26,278.4700012207031,0.027112391855038442,-0.001512691664408372,0.07117465880466711,0.04563231467497908,0.057456817358646495,0.0018291521811240052
레딧 긍정+급증,META,2024-02-02,474.989990234375,-0.014484526041101842,-0.028341117563184803,-0.003515827584771314,-0.013953783685511922,0.048843160243405626,0.012532891268321578
레딧 긍정+급증,META,2024-04-25,441.3800048828125,0.0006796587739592574,-0.00237900887543141,0.07712177300364931,0.04399302566148933,0.05528114918337246,0.010652592163159502
레딧 긍정+급증,META,2024-07-12,498.8699951171875,-0.0442600011794233,-0.02461679292243979,-0.06649023439937374,-0.03872190270747944,0.03788567081414218,0.08610081835401084
레딧 긍정+급증,META,2024-09-09,504.7900085449219,0.05643935155150315,0.026370255966764233,0.11810844824656175,0.07553966123894895,0.15846197309357946,0.11931551585499678
레딧 긍정+급증,META,2024-10-07,584.780029296875,0.009644572883350078,-0.019450213813393402,-0.016450726205391564,-0.044330291950672396,-0.0412121403155149,-0.04475213645647613
레딧 긍정+급증,META,2025-01-23,636.4500122070312,0.0794249144841328,0.0871494277644218,0.11868956961033295,0.12431481385105658,0.07400420250226403,0.09009275938392658
레딧 긍정+급증,META,2025-05-01,572.2100219726562,0.045088318628228485,0.03328817322887634,0.12525118428209048,0.06796958822911892,0.13156003105677194,0.07619439715100707
레딧 긍정+급증,META,2025-07-25,712.6799926757812,0.0523797741952694,0.07652042004707249,0.0794465899128245,0.07932099409912174,0.05908680724073534,0.04620025522806959
레딧 긍정+급증,META,2025-10-31,648.3499755859375,-0.04108884802410262,-0.02482924198480252,-0.059982964568071395,-0.04513089155532701,-0.011536948793728352,-0.00891257845424076
레딧 긍정+급증,META,2025-12-05,673.4199829101562,-0.043345910697901835,-0.03761446841087934,-0.02175457181356133,-0.014316844024357733,-0.01900743684149997,-0.027932745793646352
레딧 긍정+급증,META,2026-01-29,738.3099975585938,-0.09223764517767208,-0.06857909029611264,-0.11986834838028382,-0.1014688917201797,-0.12207609971536326,-0.11047736182154755
레딧 긍정+급증,META,2026-05-01,608.75,0.0014455932366530533,-0.022102550977902036,0.009002021303901486,-0.016696941949658095,-0.013601690836755664,-0.06617915885819692
레딧 긍정+급증,META,2026-08-28,578.02001953125,0.06703920053050183,0.06594733482292314,0.15151716739103804,0.16252642321986188,0.2380539962915562,0.24291523025926598
레딧 긍정+급증,MGM,2020-02-27,25.520000457763672,-0.1927899681834523,-0.20942800228977576,-0.40203761931205406,-0.23599275516045726,-0.4729623993727873,-0.35091609381419997
레딧 긍정+급증,MGM,2020-05-01,15.010000228881836,0.03864090039052992,0.004516661185128612,-0.07728180078105984,-0.08962307921707158,0.18587601369987117,0.1053923383212505
레딧 긍정+급증,MGM,2020-06-01,17.799999237060547,0.33483153074592553,0.27706676190547763,0.0926967189101624,0.08778753854712362,-0.05505615641802486,-0.05148883067285359
레딧 긍정+급증,MGM,2020-08-31,22.5,0.029777781168619732,0.07586866381166513,0.05511110093858518,0.08127692554921984,-0.034666697184244755,0.013828915766440186
레딧 긍정+급증,MGM,2022-05-04,41.029998779296875,-0.1452595481791723,-0.06063269467336363,-0.19571043183527204,-0.10900924221446362,-0.14379717003936865,-0.11659821656768654
레딧 긍정+급증,MMM,2020-02-28,124.78260803222656,0.029549681923628723,0.025499247677027492,-0.050656641255856005,0.04027700335827478,-0.10720989005170489,0.037392858157785036
레딧 긍정+급증,MNST,2023-05-08,29.520000457763672,0.011517620166515696,0.010863407980542084,0.001354979930841882,-0.013303203074665593,-0.01202572956407133,-0.049070864289784355
레딧 긍정+급증,MOS,2022-04-11,73.91000366210938,0.05506696648847198,0.0434284982194475,-0.13854694879975626,-0.08440072540196197,-0.2201326405941162,-0.12732027506496557
레딧 긍정+급증,MOS,2022-11-10,53.5,-0.06579440107969481,-0.06465423486254307,-0.032336440041800474,-0.05169336340849662,-0.12504670330297163,-0.12147427011898515
레딧 긍정+급증,MRNA,2020-02-26,29.15999984741211,-0.05727023611223214,-0.06163616019429474,-0.19032919293904238,-0.07109961140312748,-0.0696159361203037,0.1381208430574401
레딧 긍정+급증,MRNA,2020-05-20,73.47000122070312,-0.24404518861125712,-0.26438671251893786,-0.17530966182270558,-0.22390695085284207,-0.1159657565115173,-0.16597756559046872
레딧 긍정+급증,MRNA,2020-07-20,82.68000030517578,-0.033502620135972605,-0.03011088950365315,-0.05684563293292544,-0.07062832015466847,-0.1562650958062045,-0.19816814227569013
레딧 긍정+급증,MRNA,2020-10-26,70.23999786376953,-0.04456146566929853,-0.017483466774941392,0.10677676862328855,0.06207898066429296,0.4383542404890808,0.38511172884548195
레딧 긍정+급증,MRNA,2020-11-25,109.18000030517578,0.44037364047690764,0.4292613073312552,0.42599379012848027,0.41477113727699355,0.13015203374934425,0.11267010501755714
레딧 긍정+급증,MRNA,2022-12-06,173.5399932861328,0.13829665165670946,0.11762779726274908,0.15915645640504716,0.19290192648215898,-0.00017286378043945838,0.03651804900459199
레딧 긍정+급증,MRNA,2023-09-29,103.29000091552734,0.005712037299458794,0.0008931042367392727,-0.04831056074682827,-0.05771448352767716,-0.3038047920929071,-0.2645046660547702
레딧 긍정+급증,MRNA,2024-03-22,105.43000030517578,0.0016124269036634775,-0.0002101611737486131,-0.003224926171876974,0.0015525170171603042,-0.009200428890215107,0.0320305909405596
레딧 긍정+급증,MRNA,2024-12-04,41.630001068115234,0.029545988726346506,0.029875039808714643,-0.07854913220908355,-0.04336507403092371,0.013211607565434269,0.039064817636526805
레딧 긍정+급증,MRNA,2025-01-08,43.16999816894531,-0.21797545162235543,-0.22162271357706265,-0.040769015431630806,-0.0721181151193161,-0.24484596115706658,-0.26398119582388446
레딧 긍정+급증,MRNA,2025-02-24,33.900001525878906,-0.10707967270574104,-0.0845750228389951,0.06076688689884491,0.12210210153877876,0.007964502386829997,0.04669460407938253
레딧 긍정+급증,MRNA,2026-08-20,133.32000732421875,0.07088206142429088,0.05973598186473006,0.11663656569679737,0.10277607833434055,0.15541542771990313,0.15660867866884542
레딧 긍정+급증,MRVL,2022-11-03,37.220001220703125,0.1458893102388028,0.08206355876988591,0.1802793891565031,0.11766657587034701,0.2015045608281234,0.10474168933804373
레딧 긍정+급증,MRVL,2024-03-07,85.08999633789062,-0.22341045158055528,-0.2236824250253242,-0.21741686210135536,-0.23177170113611278,-0.14619808846403937,-0.15322979945324844
레딧 긍정+급증,MRVL,2026-05-28,204.8300018310547,0.5448420145832693,0.5415421850708211,0.37045349287556917,0.3927699073536328,0.3023970445194144,0.33633553667438254
레딧 긍정+급증,MRVL,2026-08-21,237.0399932861328,-0.08614579289283131,-0.09088643571487931,-0.05691018653586921,-0.06274787121082492,0.08580835374951734,0.07564794316269285
레딧 긍정+급증,MSFT,2019-04-24,125.01000213623047,0.02295812389523766,0.02439539389470402,0.00399967995724948,0.020082943244164708,0.021278265636825555,0.04386323588419827
레딧 긍정+급증,MSFT,2019-06-07,131.39999389648438,0.007990891176030024,0.002393756104579259,0.0423897076327624,0.020314247044361355,0.04231364593336995,0.010434578934208627
레딧 긍정+급증,MSFT,2019-07-19,136.6199951171875,0.034548392544257345,0.018261431817422125,0.002049471448573037,0.017360633762913857,-0.0035865191910943173,0.02441094673169808
레딧 긍정+급증,MSFT,2019-10-22,136.3699951171875,0.047371173609824346,0.033324882341029705,0.05932398538056449,0.03250217757567442,0.10280857061271464,0.059599371963199754
레딧 긍정+급증,MSFT,2019-11-25,151.22999572753906,-0.012695881922819341,-0.000505795495463035,-0.0006611839420184173,-0.0011717741855085118,0.040666596105401576,0.015584373839031329
레딧 긍정+급증,MSFT,2020-01-03,158.6199951171875,0.017147908866682382,0.006912532310478614,0.053461172912425914,0.02387149381884557,0.09935701835056543,0.09405323920086439
레딧 긍정+급증,MSFT,2020-02-05,179.89999389648438,0.026737148307801162,0.01303761013304694,0.025125094084559985,0.01283756468642916,-0.07576425840162182,0.015565415438194896
레딧 긍정+급증,MSFT,2020-04-28,169.80999755859375,0.06448381782977086,0.0628739363423827,0.07478945368843792,0.0714996262105283,0.07066721731657366,0.008370688745689803
레딧 긍정+급증,MSFT,2020-06-10,196.83999633789062,-0.013208651153719164,0.009800741755028874,0.005080268332678717,0.05182009172487112,0.08880314626872066,0.10328588958278806
레딧 긍정+급증,MSFT,2020-08-03,216.5399932861328,-0.03828389001184895,-0.05890495088076686,-0.028909183988770515,-0.056647238309668335,0.041516605578189036,-0.020894016643830948
레딧 긍정+급증,MSFT,2020-08-31,225.52999877929688,-0.10140555687036568,-0.05531467422732028,-0.07426949891660095,-0.04810367430596629,-0.08100919776237803,-0.032513584811693086
레딧 긍정+급증,MSFT,2020-12-09,211.8000030517578,0.03531631548518521,0.026266275226273672,0.04353163875285704,0.041568980421866186,0.03692158617919716,-0.0023587829699400764
레딧 긍정+급증,MSFT,2022-01-19,303.3299865722656,-0.021824400521675225,0.018839672786985506,0.03339598896002682,0.020999738592532458,-0.012626468670459579,-0.0012263715005993436
레딧 긍정+급증,MSFT,2022-04-27,283.2200012207031,0.023868405255591973,-0.004386702601051784,-0.08004382928474196,-0.02128094276220205,-0.07308810153877687,-0.025397171396584595
레딧 긍정+급증,MSFT,2022-06-07,272.5,-0.10278897066728787,-0.002076996595264835,-0.07108255088876148,0.028378594435810922,-0.015045893957855494,0.04929720660583958
레딧 긍정+급증,MSFT,2022-07-25,258.8299865722656,0.07410278634003742,0.03567727022906775,0.0830275542511496,0.038989880545826416,0.07309822821650491,0.02815043528456007
레딧 긍정+급증,MSFT,2022-10-18,238.5,0.05098534030234547,0.013828526346340464,-0.04331237665012444,-0.07939133538343235,0.014549271365631444,-0.05917148683661
레딧 긍정+급증,MSFT,2023-01-06,224.92999267578125,0.06357535018626947,0.03672518066382224,0.0784689002356147,0.04613015888129879,0.14155513881950577,0.08550999154945993
레딧 긍정+급증,MSFT,2023-04-26,295.3699951171875,0.030571821541027777,0.021520471766822924,0.05735180526608774,0.03635561113334829,0.062565633922959,0.04592202122602784
레딧 긍정+급증,MSFT,2023-07-13,342.6600036621094,0.012286206181301162,0.006458296377457762,-0.03484504264810573,-0.04136251015342873,-0.057578972671066486,-0.0494599364660967
레딧 긍정+급증,MSFT,2023-11-20,377.44000244140625,0.01393601560937241,0.012461127008674522,-0.013035219891665228,-0.018186446694786085,-0.011074588408074626,-0.05637900906989757
레딧 긍정+급증,MSFT,2024-01-11,384.6300048828125,0.03650263465326775,0.02373893885320011,0.05017806085837995,0.026959844385448184,0.09338840562139761,0.041220869597234255
레딧 긍정+급증,MSFT,2024-03-06,402.0899963378906,0.03235596479424019,0.020153962434014572,0.05754934183687599,0.03649984606689061,0.03926983682442309,0.03275682588922191
레딧 긍정+급증,MSFT,2024-04-26,406.32000732421875,0.0008367698655293854,-0.005124743377848073,0.02072254075206681,-0.0040286040323611605,0.05867295704901809,0.01700138685102437
레딧 긍정+급증,MSFT,2024-06-07,423.8500061035156,0.044166570605477906,0.027743620902533017,0.05619914352060018,0.03985117192998988,0.08420432211269047,0.043362395632386974
레딧 긍정+급증,MSFT,2024-07-09,459.5400085449219,-0.02180445520505858,-0.03806867367186639,-0.03196675407636518,-0.028296540697101524,-0.13041306976321954,-0.06983593603921523
레딧 긍정+급증,MSFT,2024-10-09,417.4599914550781,-0.0032098796658812656,-0.012150471226967996,0.017103470499174378,0.015630733270141306,0.006515597365923442,-0.0175686162150277
레딧 긍정+급증,MSFT,2025-01-23,446.7099914550781,-0.07100804062470345,-0.06328352734441445,-0.06914997363332032,-0.06352472939259668,-0.08618567020315149,-0.07009711332148894
레딧 긍정+급증,MSFT,2025-04-28,391.1600036621094,0.11506802675179806,0.0920853005272555,0.14853258400545322,0.09018636257873847,0.17775334422830724,0.10459359000437729
레딧 긍정+급증,MSFT,2025-07-31,533.5,-0.023730034010367884,-0.023998960262678226,-0.020656081595595177,-0.04101741998506392,-0.04472349644154172,-0.0713656388364956
레딧 긍정+급증,MSFT,2025-09-30,517.9500122070312,0.011641988839858453,0.007228763474747435,-0.008456423939732893,-0.0025270771408810733,0.046568191039150664,0.015225303062365692
레딧 긍정+급증,MSFT,2026-01-29,433.5,-0.09188001516093569,-0.06822146027937626,-0.07303345712135956,-0.05463400046125544,-0.09402539738321802,-0.08242665948940231
레딧 긍정+급증,MSFT,2026-04-16,420.260009765625,-0.010731474946046315,-0.02040858255141531,-0.02969592798821874,-0.053924187616331,-0.025769801642282264,-0.09205548351920001
레딧 긍정+급증,MSFT,2026-06-01,460.5199890136719,-0.10592373825894597,-0.0804537460583209,-0.13193776751836728,-0.12704684410633027,-0.1900026102827912,-0.17448601414147424
레딧 긍정+급증,MSFT,2026-06-30,373.0199890136719,0.02766609733571279,0.029500658286683246,0.06061341626470296,0.04984707881533601,0.04696804473555405,0.0701478686517033
레딧 긍정+급증,MSFT,2026-08-03,487.6499938964844,0.037752494396662284,0.017479754637695022,-0.014969728051546616,-0.03476726568446975,0.04027481778787134,0.027894751143572538
레딧 긍정+급증,MU,2019-09-27,43.209999084472656,0.03101134415597362,0.034565805275348915,0.04373986183044387,0.04076083372958039,0.11154824802012708,0.09055971607992697
레딧 긍정+급증,MU,2020-03-26,44.790000915527344,-0.08260774028376439,-0.046734807902162,0.029917395070276687,-0.03516682853429787,-0.014065663211380586,-0.09741171220167166
레딧 긍정+급증,MU,2022-03-30,79.16000366210938,-0.06796367652756552,-0.04141032385867127,-0.08564939483367806,-0.052098023046290076,-0.11344116904370416,-0.046098649256511526
레딧 긍정+급증,MU,2022-12-23,50.20000076293945,0.003386417656607188,0.008844609706702866,0.13964139870508507,0.11961062688716084,0.2258964139490558,0.18035045726311916
레딧 긍정+급증,MU,2024-03-22,110.20999908447266,0.12784687491454916,0.12602428683713707,0.11559747726705538,0.12037492045609266,-0.009890176453546395,0.03134084337722831
레딧 긍정+급증,MU,2024-06-24,139.00999450683594,-0.053880947632198306,-0.05867152261815234,-0.056614599152440714,-0.08071456842906488,-0.17811664977526742,-0.19845795364294905
레딧 긍정+급증,MU,2024-09-26,109.87999725341797,-0.07335272806755588,-0.0655246998230915,-0.038132461928882866,-0.044824786184582854,-0.027575526529262095,-0.03970203813058126
레딧 긍정+급증,MU,2025-01-08,99.41000366210938,0.03208927365956438,0.028442011704857162,0.03802432994716454,0.006675230259479248,-0.0715219831850944,-0.09065721785191228
레딧 긍정+급증,MU,2026-05-27,928.4099731445312,0.16281597302595885,0.15777910477042845,-0.03934680724937878,-0.005993892285192981,0.30713811106898525,0.32867161546167667
레딧 긍정+급증,MU,2026-06-26,1132.3299560546875,-0.13033299637226936,-0.16090960148495903,-0.172502683524566,-0.20018480940573657,-0.2050020337326881,-0.21885686954167705
레딧 긍정+급증,NCLH,2020-02-28,37.2599983215332,-0.272678432575018,-0.27672886682161923,-0.7020933740875978,-0.611159729473467,-0.6774020129030145,-0.5327992646935246
레딧 긍정+급증,NCLH,2020-06-09,24.1299991607666,-0.13137174415853714,-0.10696319999795034,-0.2527972932564039,-0.22555199097408785,-0.33733939795917645,-0.32296857671679646
레딧 긍정+급증,NCLH,2020-09-24,14.630000114440918,0.18523581797323407,0.14338107749434115,0.24401918117380417,0.18132984955310283,0.21052624374155315,0.1452712658387325
레딧 긍정+급증,NEE,2020-09-16,70.0875015258789,-0.025111497740871958,0.02264244926940162,-0.009951876169718044,0.0016471811197784625,0.07237384734505792,0.04548645830476117
레딧 긍정+급증,NEM,2024-04-26,42.72999954223633,-0.04844370973554857,-0.05440522297892603,-0.005616612832684553,-0.030367757617112523,-0.017552071332429198,-0.05922364153042292
레딧 긍정+급증,NFLX,2019-04-15,34.887001037597656,0.0946483802052569,0.08461284670227731,0.06211482077691799,0.048147900833753976,-0.009344460799932786,0.013313080658013288
레딧 긍정+급증,NFLX,2019-07-18,32.520999908447266,0.003843670254663145,-7.164440687756901e-05,-0.01755785944821142,-0.004205818442747922,-0.09055686181590195,-0.043105155785884364
레딧 긍정+급증,NFLX,2019-12-19,33.22200012207031,-0.009421459400147936,-0.015529254639652934,0.010866295217286881,0.002327744877404392,0.01772923664258874,-0.014679595062902617
레딧 긍정+급증,NFLX,2020-01-24,35.316001892089844,-0.022850916808365818,-0.0014378369574218341,0.03853766489469823,0.02810476862077249,0.044002632136651565,0.06331697285548599
레딧 긍정+급증,NFLX,2020-02-25,36.00899887084961,0.024105086443273693,0.06379804631653763,0.011219399074722247,0.08871813869335254,-0.007692533420314951,0.21460077013564427
레딧 긍정+급증,NFLX,2020-04-01,36.40800094604492,0.019336369681958843,-0.09392792271748407,0.20624584365336673,0.07238432415689244,0.15318060644338893,-0.026912906410754056
레딧 긍정+급증,NFLX,2020-05-29,41.972999572753906,-0.00030973455348870527,-0.04966563837899629,-0.003954932168314551,-0.0035934184114375656,0.05639341014289778,0.07042475684532068
레딧 긍정+급증,NFLX,2020-07-13,52.54999923706055,-0.04393907024610855,-0.07404963782518459,-0.05680305715868417,-0.0834197671710264,-0.0801521988009728,-0.1459952023184814
레딧 긍정+급증,NFLX,2020-08-27,52.62699890136719,-0.0009880506111547005,0.007452141267697998,-0.08406331120397637,-0.043096441959971754,-0.08244818804956733,-0.02617977493127488
레딧 긍정+급증,NFLX,2020-10-19,53.071998596191406,-0.08004215775360668,-0.07238157752970342,-0.08780524515137678,-0.05327409921594939,-0.09726407305772233,-0.15737926551271286
레딧 긍정+급증,NFLX,2022-01-21,39.75,-0.03305658304466397,-0.042120926441895024,0.031874170843160465,0.007398165199519857,-0.015622600819329757,-0.007060566237991117
레딧 긍정+급증,NFLX,2022-04-21,21.82200050354004,-0.08569337348012807,-0.062294752156278554,-0.13701767492091832,-0.08165996105717666,-0.15919717948052325,-0.04825345858755348
레딧 긍정+급증,NFLX,2022-07-06,18.4060001373291,-0.040747582006094296,-0.0292146050257045,0.17592083767485023,0.1458621579261956,0.23182658733715744,0.15041755352885677
레딧 긍정+급증,NFLX,2022-10-19,27.238000869750977,0.09633594824067426,0.05964669718593374,0.0022761717207528953,-0.015010110822496703,0.12350386613071196,0.05036950464623091
레딧 긍정+급증,NFLX,2022-12-19,28.829999923706055,-0.014325359275215499,-0.017956760050722664,0.07322234015336715,0.06338069797643797,0.09531734993258123,0.07263426513712457
레딧 긍정+급증,NFLX,2023-01-20,34.25,0.05334305589216459,0.028588110777243436,0.06832117233833257,0.02671765355091993,0.015941647717552465,-0.012804448934086166
레딧 긍정+급증,NFLX,2023-03-31,34.54800033569336,-0.018785517798110996,-0.019322831106335925,-0.036934148551694745,-0.04804821491913169,-0.06182706860481435,-0.07677612671128298
레딧 긍정+급증,NFLX,2023-05-19,36.5359992980957,0.03700463149111166,0.033660324212878345,0.10449969528152558,0.08424263378126384,0.18978547339113927,0.14544932658716703
레딧 긍정+급증,NFLX,2023-07-17,45.005001068115234,-0.04817240786855781,-0.055625197985747055,-0.02461952411260715,-0.040035219843875924,-0.049483416005589476,-0.04342802826602865
레딧 긍정+급증,NFLX,2023-10-20,40.09600067138672,-0.007706552210528406,0.017246579878800072,0.07831203454386415,0.046259991708687664,0.16198620368938,0.0917091175003899
레딧 긍정+급증,NFLX,2025-01-22,95.39900207519531,0.02532521634038276,0.03295994502611099,0.05987481903990499,0.06353557975711333,0.07395255874495299,0.06745562182531617
레딧 긍정+급증,NFLX,2025-04-21,98.79100036621094,0.12396879880303358,0.05202599045898104,0.14793855522864252,0.05135957879205133,0.20622324931533842,0.04865733911498005
레딧 긍정+급증,NFLX,2025-10-21,124.13500213623047,-0.11185404517085795,-0.13534615744339906,-0.11953924566994145,-0.125423457167689,-0.08092001148327266,-0.0642208780172232
레딧 긍정+급증,NFLX,2025-12-09,96.70999908447266,-0.022128005479342683,-0.016022970570259587,-0.033192008219014024,-0.040395164847593534,-0.06390239234495054,-0.07337479798212432
레딧 긍정+급증,NFLX,2026-01-08,90.52999877929688,-0.027394187131108305,-0.031353492188445964,-0.048713090601779196,-0.04830696263712475,-0.09201371858363105,-0.09362353618720698
레딧 긍정+급증,NFLX,2026-04-28,92.2699966430664,-0.04746935529174645,-0.0644430616082663,-0.04996199359137454,-0.08718324180829884,-0.05332175515273552,-0.10779774806854425
레딧 긍정+급증,NFLX,2026-07-13,73.83000183105469,-0.08438308549943851,-0.07493268543510956,-0.04645808235281712,-0.033003250626201686,0.033319775476937874,0.001471133738738084
레딧 긍정+급증,NKE,2019-06-28,83.94999694824219,0.05396076918840498,0.040923201528955344,0.06587262191445742,0.03942210996906503,0.04371656857358208,0.014842877600619309
레딧 긍정+급증,NKE,2020-03-23,62.79999923706055,0.35955411290884465,0.1859726037006324,0.34761143760452073,0.1596321194749506,0.35668786597631974,0.13201860254364028
레딧 긍정+급증,NKE,2020-09-24,124.75,0.01515029570860471,-0.026704444770288216,0.03975957285665088,-0.022929758764050456,0.042244523226139696,-0.023010454676680947
레딧 긍정+급증,NKE,2024-03-25,93.75,-0.02986669921874996,-0.028077460438452606,-0.029333333333333322,-0.028467542329386863,0.0028799641927084174,0.03004587431484218
레딧 긍정+급증,NKE,2024-06-27,94.19000244140625,-0.19917190412964159,-0.2143082029841865,-0.2205117712506861,-0.24543992477102394,-0.22964225843680275,-0.22610986702982716
레딧 긍정+급증,NKE,2024-09-20,86.5199966430664,0.03374949042573561,0.028083021964451005,-0.04935271392441276,-0.057676480697399946,-0.04160886053859547,-0.07036385720462046
레딧 긍정+급증,NKE,2024-11-14,75.68000030517578,-0.007663871943919931,-0.008203195003473107,0.04082976117112014,0.02532455752137497,0.020745239012860406,0.0024423034207683436
레딧 긍정+급증,NKE,2024-12-20,76.94000244140625,-0.029763462995355372,-0.02480693150600677,-0.0630362093789788,-0.05877329907334561,-0.034442441406172586,-0.06590649421471895
레딧 긍정+급증,NKE,2025-04-07,55.61000061035156,-0.003596489134046532,-0.07247310973372012,0.026074460475181915,-0.019268326502468236,0.02571480470204479,-0.08218000156173666
레딧 긍정+급증,NKE,2025-06-30,71.04000091552734,0.04054050135560283,0.03651031382153391,0.013372704617104603,0.006429208247404894,0.10261825480824216,0.07443983793094655
레딧 긍정+급증,NKE,2026-01-05,64.52999877929688,0.01720131150394022,0.006382951185277985,-0.013946966189473775,0.0007973396984505277,-0.05578798298809329,-0.05841995336972905
레딧 긍정+급증,NOC,2020-01-06,375.8299865722656,0.002660777574244211,-0.010656480377543964,0.006119837141054241,-0.017548352198425654,-0.03730407235872879,-0.05405102163829745
레딧 긍정+급증,NOC,2022-04-01,454.7900085449219,0.01950349601031598,0.03131574970832851,0.023725187063510456,0.05673324977614791,-0.03555490033624431,0.04931660302367413
레딧 긍정+급증,NOC,2024-07-30,486.7300109863281,-0.00041093050051699276,0.03621264069124963,0.03215333664092457,0.0320795764428734,0.05282187429326246,0.016733317912093204
레딧 긍정+급증,NOC,2025-08-12,580.7999877929688,0.009349161139646567,0.01383033382301202,0.021039999991592895,0.017196824131159083,-0.0016012270925059857,-0.016413997627423238
레딧 긍정+급증,NOW,2026-06-01,135.86000061035156,-0.15950241477692306,-0.134032422576298,-0.23340202371570273,-0.22851110030366573,-0.26924776730986966,-0.2537311711685527
레딧 긍정+급증,NTAP,2024-03-04,103.33000183105469,-0.005419579774167516,-0.003428580285633309,-0.014806917179760015,-0.015900021946375853,0.013452040695025813,0.0006860066947615984
레딧 긍정+급증,NVDA,2019-02-14,3.8632500171661377,0.030155930964915534,0.012807692460225617,0.01242479701326471,-0.009588500010698775,0.09888052965860461,0.07362361387590743
레딧 긍정+급증,NVDA,2019-05-17,3.913249969482422,-0.07270168935550059,-0.061996408086966937,-0.14533952828671282,-0.1059119143836198,-0.07346832092880429,-0.08581788300731796
레딧 긍정+급증,NVDA,2019-08-16,3.989000082015991,0.01804958305438631,0.031897600764195566,0.04982446141100638,0.03736122434178002,0.1294183716423789,0.09026311002005238
레딧 긍정+급증,NVDA,2020-01-16,6.223249912261963,0.006226677733932151,0.012723789805795471,-0.05021492056493926,-0.022443851821727256,0.16414255011895174,0.14395642536152597
레딧 긍정+급증,NVDA,2020-02-14,7.244750022888184,-0.05697232379814787,-0.012007891329723352,-0.04610236510176624,0.0383467144307833,-0.3222678723351321,-0.03272403870727458
레딧 긍정+급증,NVDA,2020-07-08,10.215999603271484,0.0011012623676140976,-0.01683160359189828,0.021804098708656294,-0.011974106500971748,0.10481110787909032,0.05442843647421025
레딧 긍정+급증,NVDA,2020-08-05,11.286749839782715,0.01360006725804741,-0.002448884369232074,0.0754646276324955,0.06004797092057612,0.2710922630854291,0.1940393951074313
레딧 긍정+급증,NVDA,2020-09-03,13.01550006866455,-0.06538356787398003,-0.032580022289790955,-0.06348200775498303,-0.02080555468219636,0.003591876487105017,0.03703238669497333
레딧 긍정+급증,NVDA,2020-11-10,12.770000457763672,0.0510766885561178,0.03249125636355599,0.014702416283528974,-0.011226835931525292,0.012588052440285935,-0.023594292067166345
레딧 긍정+급증,NVDA,2021-01-04,13.113499641418457,0.03873873395594818,0.01189420545165043,-0.006729645705272902,-0.03346568823111451,0.03380109568371359,-0.0007984838938133176
레딧 긍정+급증,NVDA,2022-01-04,29.290000915527344,-0.05029025039468893,-0.033956907305273454,-0.14417894667472764,-0.0901532143902285,-0.1382041723852393,-0.09590497396454878
레딧 긍정+급증,NVDA,2022-02-10,25.823999404907227,-0.050999049944778885,-0.02371335252249951,-0.06455234879604888,-0.03880231065926476,-0.14420690478833598,-0.07910853497794401
레딧 긍정+급증,NVDA,2022-03-25,27.691999435424805,-0.03538926629410044,-0.035897364518244324,-0.16513794769090073,-0.15382779043190498,-0.2813086511266285,-0.22789463149868017
레딧 긍정+급증,NVDA,2022-04-29,18.547000885009766,0.00690129648692861,0.008503247123116453,-0.04534433981182584,-0.020392886464017934,0.014234103971937362,0.006321458909740674
레딧 긍정+급증,NVDA,2022-07-15,15.76200008392334,0.09878189011084748,0.07292051517562581,0.15232838536380378,0.08258573999464991,0.1869686292459518,0.07799243760003272
레딧 긍정+급증,NVDA,2022-08-25,17.913000106811523,-0.22196169309692704,-0.1669212988265002,-0.19684028369694484,-0.16606627744779234,-0.3012895819027509,-0.17838429631159258
레딧 긍정+급증,NVDA,2022-10-31,13.496999740600586,0.05956878686152334,0.07577753180999525,0.20730535596564037,0.18423499564549384,0.15870195151007271,0.13534673095436855
레딧 긍정+급증,NVDA,2023-01-24,19.264999389648438,0.014118934601453637,-0.001573215792705085,0.15094736767069206,0.11349112135098838,0.07729044212867442,0.08143837718983238
레딧 긍정+급증,NVDA,2023-02-23,23.663999557495117,-0.014790415315016792,-0.007677137030521197,-0.009634835099052164,0.013077704261851952,0.14904498365446361,0.16773911375458606
레딧 긍정+급증,NVDA,2023-05-19,31.263999938964844,0.24571389526420662,0.2423695879859733,0.25291074433206795,0.2326536828318062,0.40122820953015426,0.356892062726182
레딧 긍정+급증,NVDA,2023-08-22,45.667999267578125,0.06823161029878055,0.04310320696887837,0.030502793613414125,0.012084426760428757,-0.07508541888163245,-0.07620380472844113
레딧 긍정+급증,NVDA,2023-10-12,46.94499969482422,-0.10318453481332812,-0.08651246239421362,-0.14099477099221136,-0.09231604643639846,0.00010653036846841601,-0.00030852445388385163
레딧 긍정+급증,NVDA,2023-11-21,49.944000244140625,-0.03612047184193723,-0.03907675919907394,-0.08891962739029613,-0.0922068972031409,-0.03670110872467636,-0.06977195196442365
레딧 긍정+급증,NVDA,2024-01-10,54.349998474121094,0.050726771791818503,0.050873673177955436,0.1337074941993439,0.109639168533187,0.28134316091088385,0.2356825727853571
레딧 긍정+급증,NVDA,2024-02-08,69.64099884033203,0.04332215708067011,0.03591727189209393,0.13176150048449897,0.11263724571000333,0.25684584275719113,0.22995550381929242
레딧 긍정+급증,NVDA,2024-03-11,85.77400207519531,0.03125655432876995,0.028166297373602767,0.10758500947737049,0.09097958628025071,-0.00489665619160029,-0.020621911558752815
레딧 긍정+급증,NVDA,2024-05-23,103.79900360107422,0.05620477491489795,0.053524013857730424,0.16463546175148625,0.14933013918575844,0.1378722002407471,0.10596869510591933
레딧 긍정+급증,NVDA,2024-08-29,117.58999633789062,-0.12552083482019694,-0.0933009171681971,0.012841246562263153,0.006286156852002733,0.032400759474814134,0.008902961156798117
레딧 긍정+급증,NVDA,2024-10-09,132.64999389648438,0.023143667285913994,0.014203075724827263,0.05209200135735936,0.05061926412832629,0.09770077127919619,0.07361655769824504
레딧 긍정+급증,NVDA,2025-01-06,149.42999267578125,-0.11824934106290141,-0.0961282996187417,-0.01579325080128302,-0.0344038685157082,-0.16462552399437802,-0.17950725197334305
레딧 긍정+급증,NVDA,2025-04-17,101.48999786376953,0.09380238913040162,0.04777354708706594,0.12818999320202806,0.05153864030295363,0.33412155627623896,0.20534352675382417
레딧 긍정+급증,NVDA,2025-05-29,139.19000244140625,0.005747561159032077,0.0006632461652782418,0.041741486146173123,0.01852309365323368,0.13334289268661248,0.09121089393079673
레딧 긍정+급증,NVDA,2025-06-27,157.75,0.003106215487569397,-0.006277303699382841,0.04006343787143418,0.02396348040378138,0.12044374009508707,0.08461730978982196
레딧 긍정+급증,NVDA,2025-10-01,187.24000549316406,0.009987155855193386,0.0030158445238563925,-0.03957489556033955,-0.03466797771012475,0.1057465670374147,0.07741235790355327
레딧 긍정+급증,NVDA,2025-10-29,207.0399932861328,-0.05713865415324071,-0.042867283680087964,-0.06394895026912562,-0.0581152755281914,-0.1293469843881151,-0.1181306125928403
레딧 긍정+급증,NVDA,2026-01-20,178.07000732421875,0.05868476732982608,0.032252504434215234,0.012747733589625998,-0.00488857785054253,0.05565220416527983,0.04279769146151291
레딧 긍정+급증,NVDA,2026-04-30,199.57000732421875,0.05977848493235727,0.041800519791513,0.18123964945385818,0.14017710128312522,0.05797460360179896,0.005348871353576534
레딧 긍정+급증,NVDA,2026-07-20,203.27999877929688,-0.03330383861233288,-0.029261202420721166,0.01652892872160794,-0.0044657693485250505,0.10689687061210362,0.06568899158391228
레딧 긍정+급증,NVDA,2026-08-26,209.66000366210938,0.07035199724488828,0.07155297354604218,0.04149573975140819,0.0522648497868583,0.07116282508985616,0.06972697562061136
레딧 긍정+급증,ODFL,2024-04-29,184.24000549316406,-0.022036543076055515,-0.03479976661208106,-0.012049506917679143,-0.03332146636925537,-0.05932483504499164,-0.09804577002231507
레딧 긍정+급증,ORCL,2020-06-10,54.11000061035156,-0.04786546152971971,-0.024856068620971672,0.006098651129829991,0.052838474522022394,0.06320454870390524,0.07768729201797264
레딧 긍정+급증,ORCL,2020-08-28,57.880001068115234,-0.03714584461304182,-0.014298050800385709,0.02729782286109539,0.061869092133162606,0.029371125286242306,0.07612217999164517
레딧 긍정+급증,ORCL,2024-09-09,139.88999938964844,0.21759956089941013,0.1875304653146712,0.18628921061044856,0.14372042360283577,0.21502610595679617,0.1758796487182135
레딧 긍정+급증,ORCL,2024-12-11,178.5800018310547,-0.07374844906432898,-0.038881969115571735,-0.038638196239919265,-0.028563467211145444,-0.1380893908010984,-0.09517297427781934
레딧 긍정+급증,ORCL,2025-01-23,186.47000122070312,-0.08628731824185887,-0.07856280496156987,-0.07572260966778932,-0.07009736542706568,-0.10006973529229335,-0.0839811784106308
레딧 긍정+급증,ORCL,2025-09-10,328.3299865722656,-0.08199063141079,-0.09267732813164653,-0.06051836850063075,-0.07414887602701459,-0.12091488232286429,-0.15295971860994362
레딧 긍정+급증,ORCL,2025-12-10,223.00999450683594,-0.19976677678274712,-0.17624919640851855,-0.11443428385398935,-0.11852113687064336,-0.1098156622465829,-0.11926924505380243
레딧 긍정+급증,ORCL,2026-03-11,163.1199951171875,-0.06265327076157001,-0.04062256971687106,-0.10483074642346402,-0.07598386801701107,-0.1548552921957166,-0.16014850107929035
레딧 긍정+급증,OXY,2020-03-16,12.020000457763672,-0.1938436596211136,-0.12338291863626805,-0.08402663813789468,-0.1749167246011829,0.23960058661282502,0.05640274911749299
레딧 긍정+급증,OXY,2022-03-07,55.380001068115234,0.003791966060353813,0.009585525696561348,0.10075835877096218,0.041248971248572186,0.04351751175388929,-0.045579586140286565
레딧 긍정+급증,OXY,2022-08-22,69.02999877929688,0.09025066590037478,0.11618510659811732,-0.031145901258855635,0.023505111210788243,-0.06881066324782548,0.0019768275797358292
레딧 긍정+급증,PANW,2022-06-10,82.53666687011719,-0.040103358714527304,0.021312760298081046,0.013448575674836816,0.016552709828172807,-0.0053309935825086585,0.017680811193296786
레딧 긍정+급증,PANW,2023-08-18,104.84500122070312,0.10048162439846076,0.09253202251827042,0.15751823355777983,0.12386416152706681,0.1440221116725915,0.12768762167760284
레딧 긍정+급증,PANW,2024-02-21,130.98500061035156,0.20681754560949117,0.188615943738897,0.06447297038652144,0.03925222108455406,0.0766499464774546,0.029848817349754198
레딧 긍정+급증,PANW,2024-05-16,158.38999938964844,-0.016857113323025974,-0.0116934437697086,-0.0690384342492043,-0.06654168318880371,0.0016730815750338746,-0.024977747437058717
레딧 긍정+급증,PANW,2026-06-03,280.42999267578125,-0.06137001000094677,-0.023172621992335274,0.006062162576870644,0.02366924842973306,0.2411653769181632,0.2537077521037595
레딧 긍정+급증,PAYX,2020-06-10,77.29000091552734,-0.01733735219837418,0.00567204071037386,-0.07543022075295969,-0.028690397360767284,-0.05705788083673602,-0.042575137522668616
레딧 긍정+급증,PCG,2019-11-04,7.269999980926514,-0.13892706391946374,-0.14211543949904648,-0.024759261184438608,-0.03988758851096097,0.171939543344793,0.16484713774108362
레딧 긍정+급증,PCG,2019-12-17,10.90999984741211,0.003666357691335387,-0.0015281337317136767,-0.005499492830571828,-0.022084240058091398,0.15765355555314686,0.12213706200436247
레딧 긍정+급증,PCG,2020-02-03,17.270000457763672,0.04400696055223219,0.01142644186261621,-0.06832659374049499,-0.10723198698715775,-0.1424435421506366,-0.06876710983371481
레딧 긍정+급증,PCG,2020-05-19,11.859999656677246,-0.07841478738811514,-0.11800788774178961,-0.0025294885193610783,-0.07174889931698336,-0.06829675289968062,-0.13573519643526277
레딧 긍정+급증,PCG,2020-06-17,11.050000190734863,-0.11312216999309122,-0.088832857167356,-0.18280546813541143,-0.17914758892395677,-0.18371037990327754,-0.2130051394987722
레딧 긍정+급증,PCG,2020-08-18,9.359999656677246,-0.026709402689096717,-0.042891720878632245,-0.025641002128344415,-0.06686469351511337,0.04594020522949771,0.04540868896445116
레딧 긍정+급증,PCG,2022-05-09,12.09000015258789,-0.02481391124471144,-0.029635929089871782,-0.0016542975608970778,0.001485064917053247,0.011579767401282526,-0.03254705333889718
레딧 긍정+급증,PCG,2025-01-24,16.540000915527344,-0.05380902344216676,-0.04369345248428913,-0.07376065013139255,-0.06191804026770442,-0.03204357057489371,-0.014345412361545185
레딧 긍정+급증,PEP,2020-02-13,146.47000122070312,-0.004232915354819178,0.006388299260371988,-0.09858675715887955,0.022459905418978465,-0.12985597128384885,0.07111712171155837
레딧 긍정+급증,PEP,2024-07-18,170.3699951171875,0.0038152795322106137,0.029599669016616703,0.0269414317557648,0.04440237310818407,0.012619646750559488,0.01187771825996431
레딧 긍정+급증,PFE,2020-03-30,30.996204376220703,0.058157381438536104,0.04588911646640659,0.1153964158868861,0.03077950335144508,0.16039184938124795,0.0683604423429951
레딧 긍정+급증,PFE,2020-04-28,35.967742919921875,0.015826949297932824,0.014217067810544659,-0.014508107562335004,-0.017797935040244628,-0.013189159767892367,-0.07548568833877622
레딧 긍정+급증,PFE,2020-06-04,34.16508483886719,-0.07525687313731799,-0.040730920844951446,-0.07692304256773985,-0.07827200662058731,-0.041655073171886436,-0.04444934885179841
레딧 긍정+급증,PFE,2020-07-14,33.425048828125,0.04144187471240013,0.022346189018562113,0.10757875669240158,0.10052369615914403,0.07266528314427823,0.02914347899014813
레딧 긍정+급증,PFE,2020-10-26,35.977230072021484,-0.044567534511725126,-0.01748953561736799,0.03375524786573103,-0.010942540093264563,0.015086497338890004,-0.03815601430470883
레딧 긍정+급증,PFE,2020-12-01,39.40999984741211,0.07992899107016238,0.0685907457867676,-0.017762008770609516,-0.027515594452743986,-0.06774925600819659,-0.08405984395392807
레딧 긍정+급증,PFE,2022-12-06,49.709999084472656,0.0675920473191296,0.04692319292516922,0.03238786240200242,0.06613333247911424,-0.0010058185069684589,0.03568509427806299
레딧 긍정+급증,PFE,2023-09-07,34.279998779296875,-0.0037922187294965326,-0.016178369504921575,-0.041715296268896584,-0.011457925761080956,-0.023628867778225815,0.022116902311255182
레딧 긍정+급증,PFE,2023-12-14,26.1299991607666,0.08342902316081924,0.08196718458297036,0.10179876923818099,0.09480741794330627,0.0838117338077009,0.07762546053013608
레딧 긍정+급증,PFE,2024-12-09,26.100000381469727,-0.03256706394813702,-0.03605648873003786,0.023371597474612038,0.03989271667051619,0.029118782290187717,0.054239511643558
레딧 긍정+급증,PFE,2025-05-27,23.610000610351562,-0.011012292340553453,-0.01936888920664115,0.029224845780243758,0.009043855873990925,0.027530690458571483,0.0005156011520046633
레딧 긍정+급증,PFE,2025-10-13,24.729999542236328,-0.0016174285854877457,-0.014075213997160718,0.001617505712405043,-0.03186465666501315,-0.013748490047774009,-0.04149949303978917
레딧 긍정+급증,PGR,2022-07-11,120.31999969482422,-0.08336102730000539,-0.07742708483298133,-0.06382978993230626,-0.09334335215713241,-0.01520945674614571,-0.0900604012994336
레딧 긍정+급증,PLTR,2020-09-30,9.5,0.05263157894736836,0.03510345072488397,-0.016842089201274724,-0.055780180684930625,0.14210530331260274,0.1666805687022498
레딧 긍정+급증,PLTR,2020-11-09,14.670000076293945,0.08588958570749705,0.06329817714257202,0.4342195505184101,0.4260404160518798,0.9488752558896052,0.9048488119122049
레딧 긍정+급증,PLTR,2022-01-07,16.559999465942383,-0.033212515386349284,-0.030273179361221758,-0.19082125297836072,-0.1345016576078346,-0.21618357724399406,-0.17578368297418678
레딧 긍정+급증,PLTR,2022-02-17,11.770000457763672,-0.02548854537528744,-0.027067281579150948,-0.06881906441069086,-0.05763070547101501,0.08920978727472795,0.07214121202933965
레딧 긍정+급증,PLTR,2022-05-10,7.289999961853027,0.14677636494146684,0.12364872187593257,0.035665326507868356,0.0486949231832271,0.2592593077109344,0.22886514851346207
레딧 긍정+급증,PLTR,2022-08-16,9.739999771118164,-0.17761802699074625,-0.1372410067193195,-0.2002053239310574,-0.12692159142610904,-0.21663241337376493,-0.1349475050507829
레딧 긍정+급증,PLTR,2022-11-08,7.210000038146973,0.1567267834205639,0.11355926971801145,0.0013869281541984968,-0.045471694611467495,-0.01941745710747278,-0.048632126380010465
레딧 긍정+급증,PLTR,2023-02-01,8.199999809265137,0.002439080271815719,0.0028042066129585486,0.2329268160779725,0.2251857662049086,-0.02804878346626427,0.003572420575546853
레딧 긍정+급증,PLTR,2023-03-30,8.149999618530273,-0.007361898006223777,-0.020961080736888515,0.08098169717527504,0.05928246759102018,-0.049079710092355455,-0.07937443414224732
레딧 긍정+급증,PLTR,2023-04-28,7.75,-0.04387098743069562,-0.035936989279374276,0.22580645161290325,0.23624089109626523,0.761290273358745,0.7514568965647834
레딧 긍정+급증,PLTR,2023-06-01,14.539999961853027,0.04470423798044054,0.02737457738666227,0.14167815852966248,0.0924154435837472,0.054332872347019334,0.003458112775495348
레딧 긍정+급증,PLTR,2023-07-18,18.079999923706055,-0.08462393214058639,-0.08737608430879984,0.10564158492654441,0.10059962334083705,-0.1498893832733753,-0.1250099545492115
레딧 긍정+급증,PLTR,2023-11-03,18.889999389648438,0.04129172640804546,0.027672864973673716,0.08470092287808728,0.04766301997465949,-0.025939639330358033,-0.07655041914226668
레딧 긍정+급증,PLTR,2023-12-06,17.1299991607666,0.04319916606660712,0.00858752498918025,0.007005303275684938,-0.02268068430039416,-0.06713366461594206,-0.09607201315035219
레딧 긍정+급증,PLTR,2024-01-18,16.399999618530273,0.0036585041059751244,-0.020560280719379875,-0.004268274173929054,-0.03094254274860453,0.5493902706376581,0.4958319167282774
레딧 긍정+급증,PLTR,2024-03-07,26.459999084472656,-0.07671953324020053,-0.07699150668496946,-0.07445197964918049,-0.08880681868393792,-0.13227513685190873,-0.1393068478411178
레딧 긍정+급증,PLTR,2024-05-03,23.329999923706055,-0.11701669743523335,-0.13569497815838938,-0.06729531504322517,-0.10281332509351127,-0.08615517511594317,-0.11844600609664735
레딧 긍정+급증,PLTR,2024-06-18,25.81999969482422,-0.06661500130456144,-0.06118193867478283,0.0011619166150309557,-0.004253007615422355,0.1092176501996438,0.10161499019781894
레딧 긍정+급증,PLTR,2024-08-06,26.59000015258789,0.14291083923482817,0.10481842769927185,0.21549452836985616,0.14549551260042515,0.15043249255531488,0.09527595430696945
레딧 긍정+급증,PLTR,2024-09-11,34.849998474121094,0.043902515379743656,0.031312706716520644,0.06513631440900425,0.03696273553618301,0.23758975485013867,0.1966099337062044
레딧 긍정+급증,PLTR,2024-10-10,43.52000045776367,-0.034926480739329024,-0.04572260427118735,0.0009191386743243601,-0.004478923091604914,0.2840073639784768,0.2501955848597823
레딧 긍정+급증,PLTR,2024-11-07,55.880001068115234,0.05905510332825514,0.06284954905819207,0.09806727697725792,0.10132444607972213,0.3661416406351812,0.3456584175410786
레딧 긍정+급증,PLTR,2024-12-09,72.45999908447266,0.04540437423538912,0.04191494945348828,0.11357995391828801,0.13010107311419217,-0.05837697738041381,-0.03325624802704352
레딧 긍정+급증,PLTR,2025-01-27,75.44000244140625,0.11002114466804036,0.11269057356667034,0.5462619001965197,0.5371189992949179,0.16436894876979058,0.17292794392237487
레딧 긍정+급증,PLTR,2025-04-28,114.6500015258789,0.07954640205677554,0.056563675832232985,0.03323155262002997,-0.02511466880668478,0.07623199081943954,0.003072236595509592
레딧 긍정+급증,PLTR,2025-08-05,173.27000427246094,0.07906733196993199,0.055626670115035415,-0.08957121192226836,-0.1084256594402152,-0.10601956439667637,-0.13113226128820554
레딧 긍정+급증,PLTR,2025-09-22,179.3300018310547,-0.0026208733391187566,0.0021179456465814095,0.0011152453365310677,-0.006037832319270242,0.012602433969554516,0.0059142317652998155
레딧 긍정+급증,PLTR,2025-10-29,198.80999755859375,-0.05487653435986761,-0.04060516388671487,-0.07363814480875741,-0.0678044700678232,-0.1661887917703695,-0.1549724199750947
레딧 긍정+급증,PLTR,2026-08-05,158.42999267578125,0.07959351886203314,0.07608605282051584,0.10578811172404379,0.10673639695714154,0.06962074448023414,0.07563537836086387
레딧 긍정+급증,PM,2025-02-07,144.41000366210938,0.041894625706911715,0.027030380845377344,0.082196487889862,0.08812221228165407,0.04279476849984154,0.10969225195409982
레딧 긍정+급증,PNC,2023-05-04,113.63999938964844,-0.008271756832584742,-0.025550161087102508,0.05728618594856716,0.022482528027465642,0.08746922293904635,0.031215654281464333
레딧 긍정+급증,PSKY,2025-09-10,15.109999656677246,0.18596958858135615,0.1752828918604996,0.2653872451138075,0.2517567375874237,0.22435475978483432,0.192309923497755
레딧 긍정+급증,PYPL,2019-10-28,106.5999984741211,-0.03555348001667591,-0.04897256174442366,-0.03686679513536628,-0.05351703751517811,-0.02016887013746871,-0.05337034633104021
레딧 긍정+급증,PYPL,2020-05-08,144.9600067138672,0.003794065724999296,0.024858227982840875,0.04070083901230914,0.03044232453086071,0.07677972619022189,-0.028404275686498615
레딧 긍정+급증,PYPL,2020-12-18,236.4499969482422,-0.0030450464368613206,-0.011144133091806396,-0.006512976553219918,-0.012336677563942189,0.03303022905220554,-0.006814893285111312
레딧 긍정+급증,PYPL,2022-02-03,124.30000305175781,-0.04247792662155314,-0.04856839053451756,-0.15366054412373986,-0.1322991280589344,-0.19621881569457866,-0.1639080398804902
레딧 긍정+급증,PYPL,2022-03-07,93.61000061035156,0.03482536176663564,0.04061892140284318,0.22476232003357888,0.1652529325111889,0.3017839954684933,0.21268689757431747
레딧 긍정+급증,PYPL,2022-04-21,89.4000015258789,0.030089426913857853,0.053488048237707364,-0.0444071717331449,0.010950542130596763,-0.09082776966431605,0.020115951228653728
레딧 긍정+급증,PYPL,2022-07-28,85.86000061035156,0.12951319202810918,0.10956587763054926,0.15432098655730186,0.12004122528687122,0.1264849817511211,0.09338723456716003
레딧 긍정+급증,PYPL,2022-10-31,83.58000183105469,-0.07083031872757983,-0.054621573779107924,0.07094999013235781,0.04787962981221128,-0.07106966153713579,-0.09442488209283995
레딧 긍정+급증,PYPL,2023-02-10,80.80000305175781,-0.07599008858595413,-0.07407851432126777,-0.08700502652441999,-0.06173790236333743,-0.1013614125256902,-0.04577857084740289
레딧 긍정+급증,PYPL,2023-06-29,65.86000061035156,0.01412086693830994,0.013116547347070462,0.09474639851109812,0.06925048697926894,0.12329187171774447,0.08035738333561437
레딧 긍정+급증,PYPL,2023-08-02,73.19999694824219,-0.15273219886038525,-0.14300166582481744,-0.1846994153924083,-0.16139505860529302,-0.13360654627092483,-0.13556154787771968
레딧 긍정+급증,PYPL,2023-10-25,51.4900016784668,0.003301576294498565,-0.00893651739136292,0.06972227686077614,0.02254226780088131,0.09419301448866269,0.004455252984328473
레딧 긍정+급증,PYPL,2024-01-02,61.459999084472656,-0.0066710031487080546,-0.00927337488722868,-0.02554506537929424,-0.024783433397465915,-0.0017897919295504217,-0.023433738017421657
레딧 긍정+급증,PYPL,2024-02-07,63.2400016784668,-0.06910187587914018,-0.07004546394367317,-0.07732452679568391,-0.09619622681837137,-0.07495258622171674,-0.10850004908122413
레딧 긍정+급증,PYPL,2024-07-01,57.810001373291016,0.020584649687601875,0.0013673174679600386,0.06919217963983737,0.03339807406381823,0.10707487423739881,0.11319954268458388
레딧 긍정+급증,PYPL,2025-03-27,68.86000061035156,-0.10383388705349594,-0.0502611919006718,-0.12053440551106864,-0.04558907377798693,-0.051118272455138225,-0.02212765041598841
레딧 긍정+급증,PYPL,2025-10-29,69.68000030517578,-0.02324917823603534,-0.008977807762882595,-0.03559132241779539,-0.029757647676861176,-0.11265784213175445,-0.10144147033647966
레딧 긍정+급증,PYPL,2026-02-04,41.029998779296875,-0.013892266921339269,-0.02230104511793307,0.017060706404228965,0.019552759576924816,0.16110165262025,0.1682133926127446
레딧 긍정+급증,QCOM,2019-04-17,79.08000183105469,0.07574605115167388,0.0667635827589006,0.10192207096571648,0.09594528604330788,0.04716737027280016,0.0532133192318498
레딧 긍정+급증,QCOM,2020-11-06,145.00999450683594,-0.005172057295434462,-0.02784741244270028,0.007034027385008024,-0.007730602658647889,0.08971802122930006,0.03565704202606712
레딧 긍정+급증,QCOM,2023-02-03,135.02000427246094,-0.04466003990881795,-0.03420776030460282,-0.05406608517821487,-0.04172221161801215,-0.09339357288795125,-0.07428358194294249
레딧 긍정+급증,QCOM,2025-10-28,181.02999877929688,-0.04524113404757357,-0.028037385661377145,-0.03894383858640382,-0.03303460566202954,-0.09793954508697,-0.08041563440940658
레딧 긍정+급증,RCL,2020-03-13,32.33000183105469,-0.26353238114970934,-0.11307937665501822,0.06712026124480186,0.12615786975092502,0.03216817327338051,0.008627418166173628
레딧 긍정+급증,RCL,2020-06-08,75.12000274658203,-0.19022897221842205,-0.14025983916121987,-0.3096379297894635,-0.2707146110558447,-0.3668796640791523,-0.33773358402981046
레딧 긍정+급증,RCL,2020-09-02,68.37000274658203,0.025888497469087612,0.09245264828273891,0.0055579528762994546,0.06667065939890471,-0.04124615447620694,0.016511751470275615
레딧 긍정+급증,RCL,2020-12-04,82.7300033569336,-0.07578875883044978,-0.06619022360816484,-0.12619366635782048,-0.12438208486078828,-0.12305088712803247,-0.12705245653272734
레딧 긍정+급증,RCL,2023-02-06,69.08999633789062,0.07092201166019785,0.06360190308275726,0.03864533130501191,0.06485129618377072,0.06035614444015991,0.08856295686811133
레딧 긍정+급증,RDDT,2024-03-21,50.439998626708984,-0.02220457895277783,-0.02387059790499979,-0.05709748873571441,-0.04987799535555082,-0.18953207412522688,-0.13775113212440282
레딧 긍정+급증,RDDT,2024-05-08,51.400001525878906,0.16011671785831916,0.13577358130108252,0.1029182284783916,0.07847843925437337,0.2346302957310571,0.2008516638536859
레딧 긍정+급증,RDDT,2024-07-01,66.58999633789062,0.06006908274484979,0.04085175052520795,0.05781658380006416,0.022022478224045017,-0.12239072172082666,-0.11626605327364159
레딧 긍정+급증,RDDT,2024-08-07,50.689998626708984,0.08404028904403704,0.035665576988751724,0.12231211147977072,0.04141128214015333,0.15821662408840287,0.0985435939538668
레딧 긍정+급증,RDDT,2024-09-30,65.91999816894531,0.06856802788247496,0.07895568451802693,0.1357707042815579,0.1173658008744567,0.20873790228217515,0.19641566440591252
레딧 긍정+급증,RDDT,2024-10-30,116.05000305175781,0.043343374812782276,0.024326516351708793,0.1379577258580127,0.10833756002204131,0.2067211512581828,0.1742734227580769
레딧 긍정+급증,RDDT,2024-12-10,155.92999267578125,0.08247291229655107,0.08000113017221766,0.13775419736593353,0.14024258494120867,0.07150650727251162,0.10851712109199319
레딧 긍정+급증,RDDT,2025-01-29,202.0,0.09485150327776926,0.09084696172095241,0.07163366940942151,0.06905812596671246,-0.20900990703318378,-0.18116056947877868
레딧 긍정+급증,RDDT,2025-03-18,110.0999984741211,0.13923707578123157,0.11349823948538718,-0.00045409103593252453,-0.0003648806220745149,-0.12388737128688065,-0.08215974417074434
레딧 긍정+급증,RDDT,2025-05-15,113.58999633789062,-0.13443082256683492,-0.12194903744518482,-0.010916435458638185,-0.009104276659734234,0.04040852289167707,0.02933245036521792
레딧 긍정+급증,RDDT,2025-06-18,141.16000366210938,0.01976475781915643,-0.004388282849051128,0.11242557881462689,0.06572628800709723,0.050155863186302385,-0.00029274173682281024
레딧 긍정+급증,RDDT,2025-08-01,188.63999938964844,0.14206956710384966,0.1172030312015655,0.30672180236195756,0.27178640899874074,0.1931721933805619,0.15564723328725982
레딧 긍정+급증,RDDT,2025-10-21,205.7100067138672,0.035292374069746835,0.011800261797205724,-0.08721015923333253,-0.09309437073108007,-0.09732148956811715,-0.0806223561020677
레딧 긍정+급증,RDDT,2025-11-19,187.77999877929688,0.10533602571030398,0.07960524432803906,0.18622857305374874,0.15338971938687718,0.23197357461798185,0.21108715879266748
레딧 긍정+급증,RDDT,2026-01-12,244.02000427246094,-0.07646915554216005,-0.05118007571328953,-0.1955577427472761,-0.19603247820759173,-0.3853782759544637,-0.3810052134295998
레딧 긍정+급증,RDDT,2026-04-27,160.2100067138672,0.05530241707170891,0.051331295627388585,-0.004369341350078493,-0.0381095785795873,-0.09718498640366802,-0.14671173499731283
레딧 긍정+급증,RDDT,2026-05-26,144.63999938964844,0.1693169634714251,0.15735306820576223,0.23140211118597742,0.24944130512414475,0.11117257950020076,0.13428777687869542
레딧 긍정+급증,RDDT,2026-07-02,194.6699981689453,0.003441712514754558,-0.010213303073884905,-0.06929678748677393,-0.0672961279484966,-0.2773925130113569,-0.28041353923587076
레딧 긍정+급증,RDDT,2026-08-03,154.7100067138672,0.025919425588626144,0.005646685829658882,0.06327963842855477,0.04348210079563164,-0.044599630636917076,-0.05697969728121588
레딧 긍정+급증,REG,2022-08-31,60.84000015258789,0.014957262411732675,0.0017986706221491122,-0.03928335607584277,-0.026479070301321905,-0.12606840835644417,-0.04410579706242257
레딧 긍정+급증,REGN,2020-10-09,602.0700073242188,-0.0038700102338581344,-0.005138577146539425,-0.03697246083483752,-0.03388753275241041,-0.039928874939618164,-0.04947189786119155
레딧 긍정+급증,ROST,2022-08-22,88.11000061035156,-0.013051884211924492,0.012882556485818042,-0.01577572784042336,0.03887528462922052,0.002156423108501615,0.07294391393606292
레딧 긍정+급증,RTX,2023-07-26,86.30000305175781,-0.009733533459800325,0.002077414197707128,0.017033528845033397,0.03846008272174595,-0.0030127708810686604,0.024385114387686424
레딧 긍정+급증,RTX,2023-11-15,80.62999725341797,-0.010045858690134302,-0.021920961929919103,0.010542057949525674,-0.004401905157919606,0.015254910068615457,-0.034402662991219746
레딧 긍정+급증,SBUX,2019-04-26,77.44999694824219,0.007747012616625248,0.005633945204303936,0.012524225421872481,0.03062175956289903,-0.016784964152187554,0.019444219413939257
레딧 긍정+급증,SBUX,2019-07-26,99.11000061035156,-0.03632326154728216,-0.005231528343721759,-0.02835231098061619,0.006050570753339146,-0.04449605120523803,0.012323269702126605
레딧 긍정+급증,SBUX,2020-02-14,89.27999877929688,-0.05331543684266116,-0.008351004374236637,-0.07728496438419474,0.007164115148354799,-0.3437499893181639,-0.0542061556903064
레딧 긍정+급증,SBUX,2020-03-23,56.54999923706055,0.20000002698282815,0.0264185177746159,0.1987621897455405,0.010782871615970357,0.2859416834977677,0.06127242006508826
레딧 긍정+급증,SBUX,2020-04-27,77.73999786376953,-0.0752508185602545,-0.06312756262317398,-0.024054478628420473,-0.04304076129275569,0.00025732278120194074,-0.04165174982246378
레딧 긍정+급증,SBUX,2022-03-29,91.2300033569336,-0.07793489366139761,-0.055142153347447764,-0.12539736951063918,-0.07500200635773124,-0.18075199919315577,-0.0848143977406367
레딧 긍정+급증,SBUX,2023-01-06,106.69000244140625,0.005061401285691325,-0.021788768236755907,-0.004499047201702022,-0.036837788556017936,-0.015652879933684583,-0.07169802720373042
레딧 긍정+급증,SBUX,2024-05-20,77.54000091552734,-0.0007737626758492766,-0.0003021179542112007,0.06770698914124829,0.07085754364045216,0.03430482333386431,-0.00046481172757784073
레딧 긍정+급증,SBUX,2024-06-24,79.7300033569336,-0.03261013412825253,-0.037400709114206565,-0.08754550436534736,-0.11164547364197153,-0.04352189984451271,-0.06386320371219434
레딧 긍정+급증,SBUX,2024-08-14,93.9000015258789,-0.011927611590861975,-0.042952889967298846,0.014909494176025717,-0.011849104063916815,0.0572949644940659,0.02908342085182447
레딧 긍정+급증,SBUX,2025-01-30,109.0,0.024770614204056685,0.022655003098409843,0.03669724770642202,0.028945689773510752,0.0624770418219609,0.08042624476053384
레딧 긍정+급증,SCHW,2023-03-15,59.54999923706055,-0.055247707097867305,-0.06251750411065993,-0.07287993632562328,-0.10388591495814448,-0.1353484074199226,-0.1974887755797593
레딧 긍정+급증,SJM,2022-06-10,128.41000366210938,-0.04820498609823476,0.013211132914373591,0.0011680857581708448,0.004272219911506836,0.03660148597619761,0.059613290752003056
레딧 긍정+급증,SLB,2022-03-09,42.560001373291016,-0.10996240963734472,-0.12917111178454233,-0.003524471828918685,-0.041871688764478554,-0.04182336787026519,-0.08653450047789113
레딧 긍정+급증,SMCI,2023-06-12,25.864999771118164,-0.14015078415147764,-0.1479424046630614,-0.12557507133292223,-0.1310384777447655,0.06955344296526089,0.041383775919223265
레딧 긍정+급증,SMCI,2023-09-06,27.402999877929688,-0.011203124034249501,-0.011853046817021373,-0.11298035562450337,-0.09599324937303677,0.023245668008439413,0.07156263609506275
레딧 긍정+급증,SMCI,2024-01-22,43.624000549316406,0.13623236563869323,0.12005700808530095,0.5206078821102558,0.5017848903713693,0.8053594991854505,0.7778282193788137
레딧 긍정+급증,SMCI,2024-02-23,86.0009994506836,0.05287144451059467,0.04302607792138424,0.32557761164224974,0.3179572610058874,0.13107990251876211,0.10477289117963573
레딧 긍정+급증,SMCI,2024-04-22,71.7020034790039,0.24173662299660847,0.22104504308659423,0.1580569528496376,0.12433805814389265,0.2606899780541332,0.19997598569085606
레딧 긍정+급증,SMCI,2024-05-28,87.47200012207031,-0.11787768651554753,-0.11519751264812406,-0.12245059585019968,-0.13592715288260615,-0.04979882478436792,-0.07943211271660422
레딧 긍정+급증,SMCI,2024-07-15,89.76799774169922,-0.12409767032682362,-0.11184542285320698,-0.2227407942719366,-0.19287592746819904,-0.3973576226082607,-0.3470308220967885
레딧 긍정+급증,SMCI,2024-11-04,26.030000686645508,-0.10756823167683194,-0.15837466247143073,-0.17249326364488815,-0.2046794782322916,0.5447559747895854,0.48491150780577996
레딧 긍정+급증,SMCI,2025-01-28,28.18000030517578,0.03477642056860919,0.03930892593790969,0.3701206597666402,0.3688138742147633,0.813697659930978,0.8302066938446023
레딧 긍정+급증,SMCI,2025-04-28,37.27000045776367,-0.1368393406540993,-0.15982206687864187,-0.10061711708991516,-0.15896333851662992,0.11537427379249787,0.04221451956856792
레딧 긍정+급증,SMCI,2025-07-28,60.04999923706055,-0.03030807190586915,-0.02124910322886131,-0.24729389946363645,-0.2456924620796752,-0.2661115694465169,-0.2747936560489005
레딧 긍정+급증,SMCI,2025-10-09,57.97999954223633,-0.07140392242729487,-0.05572962879085308,-0.17350813129901232,-0.17440216050978674,-0.30424283423455944,-0.3029764065273838
레딧 긍정+급증,SMCI,2026-02-04,33.7599983215332,-0.050947792995261754,-0.059356571191855556,-0.047393322087358136,-0.044901268914662285,-0.04502359948569379,-0.037911859493199196
레딧 긍정+급증,SMCI,2026-03-23,21.579999923706055,-0.024096406839762774,0.011623380162090302,0.050509738481996136,0.044650594486598916,0.31742355911432907,0.2431155060089567
레딧 긍정+급증,SMCI,2026-05-29,46.09000015258789,-0.09655024404875368,-0.07152645866840379,-0.3391191368272892,-0.3196473981837594,-0.3892384568163276,-0.3687752841370482
레딧 긍정+급증,SMCI,2026-06-30,29.329999923706055,-0.03954994375825194,-0.03771538280728148,-0.08319129016040261,-0.09395762760976956,-0.12376403580665007,-0.10058421189050082
레딧 긍정+급증,SMCI,2026-08-13,39.15999984741211,-0.06792645193505775,-0.04828328177904262,-0.01787540259619569,-0.009159367662380347,0.02400405082665258,0.04147464625289199
레딧 긍정+급증,SNDK,2026-01-12,389.2699890136719,0.16402499012394478,0.1893140699528153,0.2367508574077941,0.2362761219474785,0.3914250518536997,0.3957981143785636
레딧 긍정+급증,SNDK,2026-05-01,1187.0,0.3162089012808025,0.2926607570662474,0.18585508454217559,0.160156121288616,0.48393433337062963,0.4313568653491884
레딧 긍정+급증,SNDK,2026-06-15,2107.860107421875,-0.0684391394514231,-0.04028710585592987,0.07869112018527202,0.08936901769346617,-0.23382012197417246,-0.23379360006752226
레딧 긍정+급증,SNDK,2026-08-18,1625.780029296875,-0.0891941143036058,-0.08718741805237873,-0.054687616145795426,-0.047299535072149346,-0.06508264137031583,-0.04762218896179127
레딧 긍정+급증,SPG,2020-06-08,95.5,-0.22104712680996397,-0.17107799375276178,-0.282198920924002,-0.24327560219038324,-0.3096335046578452,-0.2804874246085034
레딧 긍정+급증,SPG,2020-11-10,78.83999633789062,0.0015221049233402617,-0.01706332726922155,0.12620503601995647,0.10027578380490221,0.15220700859206882,0.11602466408461654
레딧 긍정+급증,STLD,2020-12-11,39.130001068115234,-0.07692312941650148,-0.08478555087101769,-0.080500931252099,-0.09652611779423825,0.06772291435844013,0.03367977584828785
레딧 긍정+급증,STX,2020-06-30,48.40999984741211,-0.03821521338467826,-0.06357520720911403,-0.003511633329500996,-0.04725927048343681,-0.08469321394431428,-0.13904530423422934
레딧 긍정+급증,SYY,2022-04-22,88.80000305175781,-0.037387382665844404,-0.004432711124846445,-0.07117116528859302,-0.03666733486844764,-0.1331081000969655,-0.04764663419740722
레딧 긍정+급증,T,2020-12-10,23.179758071899414,-0.03486477143792133,-0.049889391957053775,-0.06516782168885393,-0.07135763148262197,-0.05930270457124154,-0.09191522903552385
레딧 긍정+급증,T,2023-07-17,13.529999732971191,0.10495196632070547,0.09749917620351622,0.07317078672070876,0.05775509098943998,0.053954213622910085,0.06000960136247091
레딧 긍정+급증,TGT,2019-08-22,106.31999969482422,0.015142970419232737,0.014390469284583318,0.033201643993878927,0.01373932792294319,0.0032919344914006388,-0.016957120524167202
레딧 긍정+급증,TGT,2019-11-19,110.8499984741211,0.14470005535698793,0.13780750271066688,0.1233197867128224,0.12482653897050489,0.15543530531447036,0.13087850140984814
레딧 긍정+급증,TGT,2020-02-21,117.01000213623047,-0.11973337219427738,-0.008122481002873827,-0.09452187835285675,0.013490651167920809,-0.1675925156169159,0.14630938100639312
레딧 긍정+급증,TGT,2020-08-20,152.24000549316406,-0.012677403211582061,-0.04238648394125788,-0.04079089917101997,-0.06180903767994028,-0.022464516851970817,9.077731364881547e-05
레딧 긍정+급증,TGT,2020-11-09,154.91000366210938,0.0662964868045115,0.04370507823958647,0.1462138878124919,0.1380347533459616,0.1149699640924482,0.0709435201150479
레딧 긍정+급증,TGT,2022-05-19,153.42999267578125,0.06367727783906174,0.022979885420657542,0.04959917208907472,-0.004527099035940729,-0.09209405134941284,-0.031497310679485135
레딧 긍정+급증,TGT,2022-08-17,175.33999633789062,-0.06963608822911538,-0.039213070171134956,-0.08554807980658397,-0.011787382113152112,-0.058914121403014996,0.026706409012742904
레딧 긍정+급증,TGT,2023-11-17,129.88999938964844,0.011086322643566238,0.0029006877105361983,0.029409556872499243,0.01632143649572204,0.06028179126836375,0.013297625083876108
레딧 긍정+급증,TGT,2024-03-04,150.49000549316406,0.11681840115191733,0.11880940064045153,0.11362874756160024,0.1125356427949844,0.17110770855257673,0.15834167455231252
레딧 긍정+급증,TGT,2024-08-22,156.82000732421875,-0.02168096541561859,-0.025510394409546833,-0.03532717948079256,-0.006813306935882557,-0.013199893046421662,-0.03482807961021517
레딧 긍정+급증,TJX,2022-03-25,61.290000915527344,-0.006526374937246393,-0.0070344731613902756,0.004405293746622796,0.015715451005618553,0.034263312820233205,0.08767733244818154
레딧 긍정+급증,TJX,2023-02-22,77.45999908447266,-0.0077459137775973685,0.001788933989433139,-0.0036147531965695645,-0.004568245630616197,-0.030080065305884474,-0.01394611876226004
레딧 긍정+급증,TJX,2024-08-22,119.0,-0.013697455911075407,-0.017526884905003648,-0.02840333826401653,0.00011053428089347062,-0.008991594074153064,-0.03061978063794657
레딧 긍정+급증,TKO,2025-02-11,176.52999877929688,-0.056420956913563525,-0.06900953986762237,-0.0961875932983377,-0.07839502490414485,-0.16575083390454026,-0.08902981057977533
레딧 긍정+급증,TMUS,2020-02-07,85.44000244140625,0.12921349016929673,0.11295824122873066,0.12792602987893686,0.15736612145004092,-0.06659646861911539,0.10790683990146188
레딧 긍정+급증,TMUS,2022-08-25,147.07000732421875,-0.0214184333881835,0.03362196088224334,-0.009315362125170368,0.02145864412398213,-0.10022441530630666,0.022680870284851662
레딧 긍정+급증,TPR,2024-02-26,47.619998931884766,-0.0071398605672844395,-0.019610458168772493,-0.018899574367252536,-0.02935434352676014,-0.04346912518383561,-0.07070292340678475
레딧 긍정+급증,TROW,2023-06-02,110.91999816894531,0.03200507672521513,0.027378089422401386,0.029390571493384643,0.0024229661811068226,0.021096321726592926,-0.015990036983450473
레딧 긍정+급증,TROW,2023-07-31,123.26000213623047,-0.05386986268513705,-0.0384042191418289,-0.08859326309495552,-0.06744814631067453,-0.10441345548864855,-0.07158181106925743
레딧 긍정+급증,TRV,2024-01-22,213.86000061035156,-0.012812145727785218,-0.028987503281177496,-0.00364724014341522,-0.022470231882301683,0.029177992496751237,0.0016467126901145157
레딧 긍정+급증,TSLA,2019-02-12,20.78733253479004,-0.02966541692843694,-0.045389595923770676,0.009396847231681882,-0.009209522669636483,-0.07328177356453602,-0.09969545496971188
레딧 긍정+급증,TSLA,2019-07-03,15.65999984741211,0.015751399148635548,0.014044539086852659,0.07935288994988032,0.07925249242470489,-0.004469967784564655,0.008783016207596361
레딧 긍정+급증,TSLA,2019-10-14,17.130666732788086,-0.013465156835741565,-0.02711603658133055,0.2753347110690836,0.25049951835824213,0.34297169384337844,0.30107274677454043
레딧 긍정+급증,TSLA,2019-11-25,22.422666549682617,-0.00041621529891067155,0.011773871128445634,0.037164802289226584,0.03665421204573649,0.26434562627302727,0.23926340400665702
레딧 긍정+급증,TSLA,2019-12-24,28.350000381469727,0.011781292038619329,0.0004498970681341419,0.13189884122685247,0.11502624923734839,0.32820692747668545,0.3047347182513007
레딧 긍정+급증,TSLA,2020-02-04,59.137332916259766,-0.12702637517039994,-0.14586796106060596,0.034225389625942126,0.006023849334966913,-0.1550740503287954,-0.10584286961031075
레딧 긍정+급증,TSLA,2020-04-15,48.65533447265625,0.0031240238895391403,-0.0017002715121687828,0.09684442696592566,0.04122093493591783,0.08375921542358022,0.06993434430145284
레딧 긍정+급증,TSLA,2020-06-11,64.85600280761719,0.03198873142146752,-0.005169094239816152,0.013506836881114648,-0.008914310387398983,0.5877739122619667,0.5312887260946808
레딧 긍정+급증,TSLA,2020-07-14,101.12000274658203,0.033992603441028946,0.01489691774719093,-0.026575673262737798,-0.03363073379599535,-0.09388847941085865,-0.13741028356498874
레딧 긍정+급증,TSLA,2020-08-21,136.6653289794922,0.07971786743905174,0.047020874312158734,0.020302687467502745,0.011200542310523032,0.09608386044591755,0.13293436522019952
레딧 긍정+급증,TSLA,2020-11-17,147.20333862304688,0.25762543798054516,0.2504156156226065,0.28805960495144767,0.2709501448236771,0.41022614214939623,0.38374392141883606
레딧 긍정+급증,TSLA,2020-12-21,216.6199951171875,0.02482078565225798,0.015034436913959892,0.1632967297079655,0.1478288814287667,0.3002646866728542,0.25573686213342195
레딧 긍정+급증,TSLA,2022-01-03,399.9266662597656,-0.11807164964096739,-0.09253318088863371,-0.14108421519234526,-0.09666395687606388,-0.2238160575856306,-0.17198549157082033
레딧 긍정+급증,TSLA,2022-03-17,290.5333251953125,0.1632859239452633,0.1419288088530284,0.23634702478814518,0.21238255849323107,0.13010561967421674,0.13754207811580343
레딧 긍정+급증,TSLA,2022-04-21,336.260009765625,-0.1301275265533598,-0.10672890522951028,-0.13432072116812277,-0.0789630073043811,-0.2967545328939296,-0.18581081200095984
레딧 긍정+급증,TSLA,2022-07-11,234.3433380126953,0.02647108903058193,0.032405031497605985,0.14547023767859257,0.11595667545376642,0.23930700273637218,0.16445605818308429
레딧 긍정+급증,TSLA,2022-08-11,286.6300048828125,0.05665837476092106,0.037848344527453115,0.032934453060019964,0.03407729093689926,0.04552903593712809,0.07741071036319502
레딧 긍정+급증,TSLA,2022-10-03,242.39999389648438,-0.08019796894433473,-0.06222247290984695,-0.09509071111120626,-0.09566358686759036,-0.06130363442458442,-0.11476646109778621
레딧 긍정+급증,TSLA,2022-12-20,137.8000030517578,-0.18207549645598575,-0.1718794466433825,-0.19927435490370182,-0.19622604556417955,-0.031785230666267594,-0.0720963569432298
레딧 긍정+급증,TSLA,2023-06-02,213.97000122070312,0.1422161634910386,0.13758917618822486,0.21764736672681173,0.1906797614145339,0.30775345014646915,0.27066709143642576
레딧 긍정+급증,TSLA,2023-07-19,291.260009765625,-0.09239168701451217,-0.09307270096504061,-0.12754929585138652,-0.1164113187242839,-0.2254343248664502,-0.191251554345089
레딧 긍정+급증,TSLA,2023-08-23,236.86000061035156,0.08460691224560013,0.06659456317597545,0.06176646476869552,0.057658374279939695,0.0795406412621078,0.10581422129716556
레딧 긍정+급증,TSLA,2023-10-20,211.99000549316406,-0.02212369602281783,0.002829436066510649,0.037596117808299745,0.005544074973123259,0.10524079900225858,0.03496371281326849
레딧 긍정+급증,TSLA,2024-01-25,182.6300048828125,0.034112662547080674,0.031715241424074,0.03794553189782812,0.016860744957148066,0.05114163110209513,0.010529358549599799
레딧 긍정+급증,TSLA,2024-04-08,172.97999572753906,-0.06648167582402797,-0.03897172960632056,-0.17880676054876954,-0.14217819300650314,0.0681003530480575,0.07224510069675893
레딧 긍정+급증,TSLA,2024-06-13,182.47000122070312,0.0029593537705940864,-0.0008382266741226996,0.08445225822884983,0.0811893612682757,0.38455635282247047,0.34938257337648215
레딧 긍정+급증,TSLA,2024-09-19,243.9199981689453,0.04222697248719953,0.0399151448060695,-0.013365015297261418,-0.007830717681542865,-0.09441619773769305,-0.11432932167568677
레딧 긍정+급증,TSLA,2024-10-24,260.4800109863281,-0.04080929220849283,-0.02250949287722004,0.13985715271523613,0.1115959908597437,0.30390049264188757,0.2789885512720549
레딧 긍정+급증,TSLA,2024-12-12,418.1000061035156,0.04321934240714853,0.07338504821089653,0.032432426119688884,0.047854475431585275,-0.0519971787481166,-0.01536154255209754
레딧 긍정+급증,TSLA,2025-01-22,415.1099853515625,-0.0626580428462078,-0.055023314160479564,-0.08898839639461609,-0.08532763567740775,-0.14625037603868285,-0.15274731295831967
레딧 긍정+급증,TSLA,2025-04-23,250.74000549316406,0.1253090750602297,0.08959879952425687,0.10161918788118451,0.053563376882020286,0.33452974310599304,0.24592639628364132
레딧 긍정+급증,TSLA,2025-06-09,308.5799865722656,0.06659543458672856,0.06159276643598033,0.10334440351325003,0.09150469448875298,-0.04115620663065567,-0.08181123127809897
레딧 긍정+급증,TSLA,2025-09-17,425.8599853515625,0.03975490484127797,0.036842221004557585,0.07889918578703203,0.06483622933469713,0.021814701696504013,0.012727668866426622
레딧 긍정+급증,TSLA,2025-10-30,440.1000061035156,0.013201539372910576,0.027205068625711815,-0.08659399077621643,-0.07513518656535367,-0.022563036896313116,-0.027799636441936504
레딧 긍정+급증,TSLA,2025-12-08,439.5799865722656,0.08128216042077296,0.08552425686672926,0.1118113333532813,0.1100559800211276,-0.018585884616503456,-0.02728944087432339
레딧 긍정+급증,TSLA,2026-01-29,416.55999755859375,-0.04645190660870846,-0.022793351727149025,0.0012243368749138561,0.019623793535017975,-0.03372860542374201,-0.022129867529926295
레딧 긍정+급증,TSLA,2026-06-02,423.739990234375,-0.0638599098084337,-0.03421153070697003,-0.04502758062016354,-0.032862816154376806,0.003681497131603928,0.02186283318414639
레딧 긍정+급증,TSLA,2026-07-22,374.010009765625,-0.20237426931123503,-0.1783580642606718,-0.1402636844012024,-0.17020709656715804,-0.061201609718364525,-0.0901683417556367
레딧 긍정+급증,TTWO,2020-05-20,146.83999633789062,-0.08696533187243549,-0.10730685578011623,-0.13109507273280097,-0.17969236176293746,-0.038068622155421394,-0.08808043123437281
레딧 긍정+급증,TTWO,2020-08-03,167.69000244140625,0.041982188464650516,0.02136112759573261,0.044844678650944436,0.017106624330046616,0.020871846556403728,-0.04153877566561626
레딧 긍정+급증,TTWO,2023-11-09,146.32000732421875,0.05829687228210645,0.020517933533286348,0.06834335360469068,0.01887813224145729,0.0615090182442215,0.0007492540646862889
레딧 긍정+급증,TTWO,2024-12-02,187.9499969482422,-0.00026604444038158537,-0.002005500372782687,-0.004096857062854786,-0.009331807477794385,-0.020590556956769812,0.008483524270149756
레딧 긍정+급증,TTWO,2025-03-28,210.47000122070312,-0.07549769229575787,0.015169220564870578,0.00760206249933848,0.0466906629976066,0.0716491744362251,0.08030554306283955
레딧 긍정+급증,TTWO,2025-11-10,234.05999755859375,-0.0020507379840457585,0.021091460118135674,0.0214048099542119,0.04005652092967538,0.06267622969308495,0.060328296521851676
레딧 긍정+급증,TTWO,2026-05-19,238.13999938964844,-0.08264043304871493,-0.10544179315290214,-0.09381034851410064,-0.12176342432070997,-0.04245402131629894,-0.05230783906446734
레딧 긍정+급증,TXT,2020-04-02,24.5,0.20163267485949454,0.09691913721806844,0.13265306122448983,-0.005575158464504293,0.07020405360630577,-0.052736050784581545
레딧 긍정+급증,UAL,2019-07-17,94.77999877929688,0.0034817665678930076,-0.008945224526311968,-0.030280598798809066,-0.029239430098730423,-0.13536613205630454,-0.08888263372947225
레딧 긍정+급증,UAL,2020-03-02,61.2599983215332,-0.23636957131855707,-0.1235869327194925,-0.42099245523101425,-0.19698006060571782,-0.5076722057824361,-0.3541893917040865
레딧 긍정+급증,UAL,2020-05-19,23.68000030517578,0.2960304112559342,0.25643731090225974,0.4210304515293424,0.3518110407317201,0.6575168705306584,0.5900784269950763
레딧 긍정+급증,UAL,2020-08-03,31.8700008392334,0.17791025814200556,0.15728919727308766,0.07938502102362555,0.051646966702727726,0.12958892538472688,0.0671783031627069
레딧 긍정+급증,UAL,2022-04-18,43.970001220703125,0.16670452155698645,0.18830415493075947,0.14146002350068598,0.1950938115886922,-0.009779401711122016,0.07671055143003824
레딧 긍정+급증,UAL,2022-10-31,43.08000183105469,-0.0069638588441645055,0.009244886104307404,0.022051924509375764,-0.001018435810770768,0.014159627895247162,-0.009195592660456997
레딧 긍정+급증,UAL,2024-04-17,48.7400016784668,0.08063184971564707,0.07092249802717832,0.03959779286038034,0.03999731677273699,0.12761586359882782,0.06922001459923499
레딧 긍정+급증,UBER,2019-05-14,39.959999084472656,0.038538562332593784,0.02756461760387019,-0.0005005119675151048,0.017601128799232035,0.05530528366131526,0.03769758832108239
레딧 긍정+급증,UBER,2019-08-08,42.970001220703125,-0.22690248366347288,-0.1963527889224077,-0.20875031337865868,-0.20445901923459975,-0.25855248533245834,-0.2736399887363501
레딧 긍정+급증,UBER,2019-11-27,29.489999771118164,-0.028484237338332163,-0.017516753338827074,-0.027127814285168195,-0.0323579202792873,0.023058674481298613,-0.00033416851424128424
레딧 긍정+급증,UBER,2020-02-07,40.630001068115234,-0.02387401415709889,-0.04012926309766496,-0.05710065552139154,-0.027660563950287487,-0.3066699646631166,-0.1321666561425393
레딧 긍정+급증,UBER,2020-05-13,33.02000045776367,0.04421559855337254,-0.010223273037526237,0.034221715701083566,-0.041666049405469474,-0.05814657933605549,-0.12565360645259205
레딧 긍정+급증,UBER,2022-08-03,30.190000534057617,0.08645242321405622,0.07308536358280615,0.01755544120308894,-0.011881116476052389,-0.047366686978444594,-0.0008712859320476607
레딧 긍정+급증,UBER,2023-11-24,55.31999969482422,0.03669556743484215,0.028349381595990764,0.11532901488269798,0.10456682611608947,0.11550975099239369,0.07520663964713359
레딧 긍정+급증,UBER,2024-02-06,70.47000122070312,-0.0210018920291829,-0.021204279947143134,0.08471691666367143,0.07817823008341751,0.11593583123913831,0.08401148478191223
레딧 긍정+급증,UBER,2024-12-17,61.029998779296875,0.011142066504619574,0.01609000597589061,0.03506471296824576,0.06758215342465046,0.10339173660174295,0.11449561252469653
레딧 긍정+급증,UBER,2025-02-07,74.5999984741211,0.0646112572843589,0.04974701242282453,0.02439677925001016,0.030322503641802223,-0.02064344433011711,0.046254039124141166
레딧 긍정+급증,UBER,2025-08-07,92.66999816894531,-0.013704507048236891,-0.03379151726101859,0.016833983153256016,0.011614548130766789,-0.01812884793752767,-0.041837808371493646
레딧 긍정+급증,ULTA,2019-08-30,237.72999572753906,-0.04866862521921711,-0.06833010499350911,-0.05165523493034896,-0.07801868554843283,0.05434736213831792,0.039575686206287486
레딧 긍정+급증,ULTA,2019-12-06,262.20001220703125,-0.03318082304344738,-0.04096185091216964,-0.044622470108022005,-0.06323337606925739,-0.03474452877579359,-0.059707262573961084
레딧 긍정+급증,ULTA,2020-03-19,146.99000549316406,0.28464517840865344,0.1986195737654033,0.09769372116269093,0.05062703959949699,0.46615406798429215,0.27435322313295507
레딧 긍정+급증,ULTA,2022-12-02,471.3299865722656,0.0006365355888531266,0.03413289783147477,-0.04287864560040988,0.01521777482593023,0.0006365355888531266,0.06475389840393708
레딧 긍정+급증,UNH,2019-04-17,216.83999633789062,0.06433313587823819,0.05535066748546491,0.07198856702629386,0.06601178210388525,0.0920033079006104,0.09804925685966004
레딧 긍정+급증,UNH,2024-07-18,564.3400268554688,-0.008257493634916235,0.017526895849489854,0.014937789762589748,0.032398731115009016,0.02705808159874601,0.02631615310815083
레딧 긍정+급증,UNH,2024-12-11,533.530029296875,-0.06337043131523301,-0.028503951366475766,-0.04194709607983016,-0.03187236705105634,0.014263462099015412,0.057179878622294456
레딧 긍정+급증,UNH,2025-05-14,308.010009765625,-0.016330634134664512,-0.00828073320421574,-0.031947001804838115,-0.03613352782650103,0.03405730301543497,0.006555180096479818
레딧 긍정+급증,UNH,2025-07-10,299.510009765625,-0.03819572658142001,-0.04174302560852661,-0.06988088047453811,-0.08362281183705234,-0.18309909454977324,-0.19337360255611458
레딧 긍정+급증,UNH,2025-08-15,304.010009765625,0.011216747977273123,0.008310501691539907,0.0192756329177457,0.016773479888009035,0.1443373687486198,0.11718647567880969
레딧 긍정+급증,UNH,2025-10-29,355.260009765625,-0.0774644451240254,-0.06319307465087265,-0.045600438444278746,-0.03976676370334453,-0.07191920736421453,-0.06070283556893974
레딧 긍정+급증,UNH,2026-01-28,294.0199890136719,-0.06156035733031695,-0.04828783037455586,-0.05139101393157286,-0.04641565943712633,-0.025032261841286818,-0.016231831500506444
레딧 긍정+급증,UNH,2026-04-22,353.5199890136719,0.0487101203774849,0.0481898871049542,0.03892286205375739,0.00711791777801829,0.08423851466612597,0.04200067057047763
레딧 긍정+급증,V,2019-10-28,179.83999633789062,-0.004948840123285336,-0.018367921851033087,-0.0016681664694552234,-0.018318408849267054,0.006283390268143618,-0.02691808592542788
레딧 긍정+급증,V,2020-01-23,206.52000427246094,0.00818323845847213,0.02036221027221552,-0.01685072106495289,-0.023663725277265568,0.011088481690672669,0.005782772782110257
레딧 긍정+급증,V,2024-09-20,284.7699890136719,-0.033711331798648936,-0.03937780025993354,-0.024019372131106942,-0.032343138904094126,0.020542916491227414,-0.008212080174797576
레딧 긍정+급증,VEEV,2020-02-25,149.9600067138672,-0.05641508625702718,-0.016722126383763247,-0.02433988391476849,0.05315885570386181,-0.03354237005125982,0.1887509335046994
레딧 긍정+급증,VLO,2025-07-24,140.33999633789062,-0.021590415123010853,-0.017902060589191193,-0.05522303122582861,-0.05180261104895734,-0.0003562993662720171,-0.002137461551027009
레딧 긍정+급증,VRT,2024-03-22,82.5,-0.0254545269590436,-0.02727711503645569,0.020000018495501815,0.024777461684539093,-0.07793939763849433,-0.03670837780771963
레딧 긍정+급증,VRTX,2025-01-31,461.67999267578125,0.016548290525127296,0.01829297794028506,-0.00580487072928737,-0.01889849471471805,0.046850643792143654,0.07684297966216846
레딧 긍정+급증,VST,2023-12-21,37.790000915527344,0.01931726712227677,0.01379582586109196,0.03572369519489471,0.03170424554941387,0.054511709676813735,0.02878720612168051
레딧 긍정+급증,VST,2024-10-07,131.27000427246094,0.007541633291335836,-0.021553153405407643,-0.006779914380144136,-0.03465948012542497,-0.11830582694625114,-0.12184582308721237
레딧 긍정+급증,VST,2025-01-17,170.86000061035156,-0.19770571613383403,-0.20070109411862802,-0.013636906372067048,-0.013954859509676232,-0.009247347684715912,-0.032524520191707484
레딧 긍정+급증,VTRS,2022-02-03,15.130000114440918,0.0158625095375311,0.009772045624566683,-0.01982816843791868,0.00153324762688678,-0.32584271433483425,-0.29353193852074577
레딧 긍정+급증,VZ,2022-03-24,51.0,-0.0011764975155100776,-0.0037293276315891744,0.03274506213618267,0.036563129702585795,0.017843134262982563,0.07211732951587291
레딧 긍정+급증,WBD,2022-08-22,12.710000038146973,0.03855230288336031,0.06448674358110285,-0.006294250469390139,0.04835676200025374,0.039339102950380234,0.11012659377794154
레딧 긍정+급증,WBD,2024-12-06,10.65999984741211,0.13227015643479678,0.1381930198302619,0.0028142339024961327,0.03022407120601167,-0.014071258975363765,0.017484642955868046
레딧 긍정+급증,WBD,2025-12-11,29.489999771118164,-0.06375039590905085,-0.04532241366669765,-0.023397780244589494,-0.02505196524496278,-0.03696168738717365,-0.04565328798341706
레딧 긍정+급증,WDAY,2023-02-27,184.92999267578125,0.021035066254814883,0.0040889217643336195,-0.019899382585457648,0.011202182026398666,0.01741200101785778,0.02052974601496782
레딧 긍정+급증,WDC,2026-02-13,281.5799865722656,-0.004119515590052636,-0.005058297619297214,-0.0408409707663957,-0.04763232372981707,0.01644294731019258,0.03510077012372392
레딧 긍정+급증,WFC,2019-03-29,48.31999969482422,0.009519848662621788,-0.012039185962965826,-0.03787247574327779,-0.06506021426313002,-0.0010347524291458576,-0.0413561333689485
레딧 긍정+급증,WFC,2020-08-10,24.700000762939453,-0.009311799290713463,-0.01628499798790739,-0.008502064183592228,-0.030405112558276715,-0.02955471364520257,-0.02252185666266404
레딧 긍정+급증,WFC,2022-10-17,43.959999084472656,0.028207500097623628,-0.004642365101572565,0.0461784039188291,-0.006681264975188617,0.06619654021876364,-0.010952980603189388
레딧 긍정+급증,WFC,2024-03-15,57.5099983215332,-0.00660749894815571,-0.02892873485054337,0.0017388678792729095,-0.022445638518955535,-0.009389621223965361,0.0011628658931724933
레딧 긍정+급증,WFC,2024-04-22,61.099998474121094,-0.021276583789296866,-0.04196816369931111,-0.01489361489587504,-0.04861250960162,-0.006546607547806449,-0.06726059991108357
레딧 긍정+급증,WM,2020-02-11,124.9800033569336,0.002000319997480071,-0.007186539402836756,-0.03240520837714578,0.03846518795266174,-0.12009922974128129,0.06155090042675382
레딧 긍정+급증,WMT,2019-08-16,37.663333892822266,-0.019116768121271943,-0.005268750411462686,0.011239902860435524,-0.0012233342087908383,0.022833894970605728,-0.016321366651720792
레딧 긍정+급증,WMT,2020-03-17,39.753334045410156,-0.03546871932305018,0.002703784786048713,-0.04729165775045974,-0.06687234164478995,0.07965782492401474,-0.019076377657291976
레딧 긍정+급증,WMT,2020-05-19,41.650001525878906,-0.01976791620818552,-0.05936101656185999,-0.011844794857220453,-0.08106420565484274,-0.047378996250148186,-0.11481743978573034
레딧 긍정+급증,WMT,2020-07-08,41.47999954223633,0.06075218142656258,0.0428193154670502,0.0660559717624114,0.03227776655278336,0.04315334945229932,-0.007229321952580747
레딧 긍정+급증,WMT,2020-08-17,45.20000076293945,-0.031489650228556876,-0.046316112041846935,0.023967523085880682,-0.009769252306787823,0.012979338435293863,0.0062911382011128225
레딧 긍정+급증,WMT,2022-05-19,39.689998626708984,0.058201094815269805,0.017503702396865606,0.05249019774626262,-0.0016360733787528225,-0.00655072639277543,0.05404601427715228
레딧 긍정+급증,WMT,2024-05-17,64.6500015258789,0.011291503639746292,0.01131040960894869,0.0180974190461074,0.021213906676704086,0.04284604141822945,0.00950963010088568
레딧 긍정+급증,WMT,2024-08-16,73.44999694824219,0.03063308500319617,0.016525442422941072,0.05146367005780883,0.0345597802516413,0.096800556919856,0.08141200297992213
레딧 긍정+급증,WMT,2025-02-21,94.77999877929688,0.04040938890464818,0.05001036523925684,-0.032285266912898014,0.00775210254655212,-0.0928465450063447,-0.03290718135944681
레딧 긍정+급증,WMT,2025-06-03,99.9800033569336,-0.026605356799329405,-0.03833175703999281,-0.057311493944215974,-0.05972724052028722,-0.02370476762359175,-0.06457105334232427
레딧 긍정+급증,WSM,2023-06-29,61.53499984741211,-0.017388473185625863,-0.01839279277686534,0.030551735967775384,0.00505582443594621,0.14292682222233655,0.09999233384020645
레딧 긍정+급증,WSM,2023-10-12,81.28500366210938,-0.028172489541201995,-0.011500417122087492,-0.11281300836816466,-0.06413428381235176,-0.09257552053708828,-0.09299057535944055
레딧 긍정+급증,WYNN,2020-02-27,111.16000366210938,-0.14015834218945222,-0.1567963762957757,-0.3880892910922772,-0.22204442694068038,-0.3566930570315754,-0.23464675147298808
레딧 긍정+급증,XOM,2020-02-18,59.880001068115234,-0.09485638282996378,-0.023345034556282784,-0.14328660116913972,-0.034920790099704946,-0.3852705291134084,-0.13602037261940336
레딧 긍정+급증,XOM,2020-06-15,47.13999938964844,-0.015273679041693633,-0.02690047424165254,-0.05982180168299844,-0.05138670498585429,-0.06512515346995029,-0.10378343748450336
레딧 긍정+급증,XOM,2022-03-11,84.91999816894531,-0.07359868269857761,-0.13180322304459213,0.0032972066101535358,-0.07435650479136213,0.0226094937628889,-0.042855784691935295
레딧 긍정+급증,XOM,2022-10-06,102.05999755859375,-0.001861599221601451,0.01751141993660077,0.018322582709336732,0.03919613118232124,0.08857535892392487,0.09444353247637205
레딧 긍정+급증,XOM,2024-10-04,124.83000183105469,-0.009773301312246074,-0.02129209227540385,-0.03861251000658972,-0.058875079001095676,-0.07914767874620499,-0.07576186683735064
레딧 긍정+급증,XYZ,2025-02-05,86.0,-0.03500002483988918,-0.03357672638359732,-0.03441859400549596,-0.04461361316800261,-0.30465117166208666,-0.25250137480283863
레딧 부정,AAPL,2019-01-04,37.064998626708984,0.02718197038049297,0.0010715396478322425,0.05773649760244748,0.00198947078104017,0.155065468399866,0.07752676990644103
레딧 부정,AAPL,2019-03-12,45.227500915527344,0.031065142907653165,0.02065330790895037,0.03250229122213533,0.02667022231174032,0.10275825527377513,0.07477869393899872
레딧 부정,AAPL,2019-08-06,49.25,0.06076142751625957,0.04425690979050856,0.06781726198148008,0.059860317429525356,0.06187818498175757,0.04019638853761753
레딧 부정,AAPL,2019-09-06,53.314998626708984,0.025743250654487237,0.01554359063291555,0.02096033637738759,0.02018861688150264,0.06447529004113917,0.07688925360762389
레딧 부정,AAPL,2019-11-13,66.11750030517578,-0.0048398637780801,-0.010242590653462336,0.012742447542756219,-0.007898137241560743,0.026430181881164527,0.00045153865652580727
레딧 부정,AAPL,2020-01-17,79.68250274658203,-0.030684273341666568,-0.0052285965942858725,-0.031594161130470755,-0.00800622077226909,0.0008470774773807754,-0.013552677315565864
레딧 부정,AAPL,2020-02-18,79.75,-0.09692794177973163,-0.025416593506050633,-0.09304072939116381,0.015325081678270958,-0.20733542128416438,0.04191473520984068
레딧 부정,AAPL,2020-03-18,61.66749954223633,-0.00466207445178124,-0.032953713144001306,-0.02335101370086723,-0.048975988269552184,0.16224106932149507,-0.0006756227764868061
레딧 부정,AAPL,2020-04-20,69.23249816894531,0.022532845545764735,0.003142982531858296,0.05860690938351909,0.051575370578595736,0.1373271216015266,0.08970467820329531
레딧 부정,AAPL,2020-06-12,84.69999694824219,0.03223144575320136,0.01766906017155101,0.043772188973353776,0.05744696553875028,0.12724326275797848,0.09230027869631852
레딧 부정,AAPL,2020-07-14,97.05750274658203,-0.0005924606027848389,-0.019688146296622855,-0.03920356693197302,-0.04625862746523057,0.12690927444917954,0.08338747029504945
레딧 부정,AAPL,2020-08-24,125.85749816894531,0.025286495945719967,0.006652459200571004,-0.10358936625786219,-0.07527366115917888,-0.1116143321989036,-0.07481267250975532
레딧 부정,AAPL,2020-09-25,112.27999877929688,0.006590647237395331,-0.008953979601603601,0.04177059576412323,-0.013350611645020605,0.02458142292694232,-0.027284811439100665
레딧 부정,AAPL,2020-11-16,120.30000305175781,-0.05361599679146867,-0.03952212315075376,0.02011635999630146,0.010601006768619747,0.06300909400973942,0.04364734628692113
레딧 부정,AAPL,2020-12-28,136.69000244140625,-0.041553938350429975,-0.03929683319643873,-0.05772184687048032,-0.07545561194507844,0.03928593914166778,0.033267210728423535
레딧 부정,AAPL,2022-01-26,159.69000244140625,0.10113340628453038,0.04582397587556475,0.10388875999909808,0.048140909637053086,0.01909952411001381,0.03082137798561524
레딧 부정,AAPL,2022-06-13,131.8800048828125,0.030254701900568337,0.030068015702651607,0.04215951890155245,0.027092868510927515,0.10319987948472775,0.09298658195868614
레딧 부정,AAPL,2022-07-19,151.0,0.003973550354408051,0.007491470164445513,0.059668837793615426,0.019415927840895186,0.1458940316509727,0.05047499822587209
레딧 부정,AAPL,2022-08-16,173.02999877929688,-0.03352021668309568,0.006856803588331073,-0.08160431842340721,-0.008320585918458856,-0.10240999448485999,-0.02072508616187796
레딧 부정,AAPL,2022-09-26,150.77000427246094,-0.055183438936457274,-0.06149671007472424,-0.06864764747775576,-0.05687193840122429,-0.008755105702811572,-0.04872106232263229
레딧 부정,AAPL,2022-10-31,153.33999633789062,-0.09403937989649025,-0.07783063494801834,-0.0329985501463288,-0.05606891046647533,-0.07936610447106218,-0.10272132502676634
레딧 부정,AAPL,2022-11-30,148.02999877929688,-0.04789567247420812,-0.012279529238012343,-0.032560914038890054,-0.012250869572514311,-0.12443422496009293,-0.064975849101917
레딧 부정,AAPL,2023-01-04,126.36000061035156,0.05642612257338331,0.025782024833159944,0.07051284915378075,0.05779655574480125,0.19357396799397764,0.10753063837805876
레딧 부정,AAPL,2023-03-13,150.47000122070312,0.04605564311531185,0.02430972968019618,0.05190401738043704,0.0230219193269543,0.06865157006214861,0.005437908044497508
레딧 부정,AAPL,2023-05-04,165.7899932861328,0.0480125884324587,0.030734184177940937,0.05585385210579852,0.021050194184697002,0.09144100534430377,0.03518743668672175
레딧 부정,AAPL,2023-07-31,196.4499969482422,-0.0895901813089035,-0.07412453776559536,-0.08648506234821307,-0.06533994556393208,-0.0827691257797265,-0.04993748136033538
레딧 부정,AAPL,2023-09-18,177.97000122070312,-0.010619763874163413,0.015077312002153231,-0.0237118682460975,0.013075560792950025,0.00421419337447726,0.02132303690253301
레딧 부정,AAPL,2023-10-31,170.77000427246094,0.06470693198629718,0.01991979683079248,0.09761666423775806,0.024613321607096283,0.10891837195864063,0.02185483278660838
레딧 부정,AAPL,2024-01-02,185.63999938964844,-0.002693385055181574,-0.0052957567937022,-0.015944875692734173,-0.015183243710905847,-0.00667962452726234,-0.028323570615133575
레딧 부정,AAPL,2024-03-04,175.10000610351562,-0.013420936731014965,-0.011429937242480759,-0.007881238347854036,-0.008974343114469874,-0.035751053954413914,-0.04851708795467813
레딧 부정,AAPL,2024-04-12,176.5500030517578,-0.06542057690235092,-0.0347070558023298,-0.041064853439139126,-0.03599487926482969,0.036816765152331676,0.01726108220705469
레딧 부정,AAPL,2024-08-06,207.22999572753906,0.06775085091147393,0.02965843937591761,0.09303671850983264,0.023037702740401622,0.06572412612450096,0.010567587876155526
레딧 부정,AAPL,2025-01-31,236.0,-0.03546608100503179,-0.03372139358987403,0.03644070382845599,0.02334707984302531,0.008601689742783414,0.038594025612808225
레딧 부정,AAPL,2025-04-14,202.52000427246094,-0.013727032987599586,0.008290319781160793,0.042909353437081243,0.014715236459974301,0.05140227228770544,-0.03711240379643499
레딧 부정,AAPL,2025-06-30,205.1699981689453,0.02359017585946055,0.01955998832539163,0.019203599339908894,0.012260102970209186,0.029731472232566114,0.001553055355270505
레딧 부정,AAPL,2025-08-01,202.3800048828125,0.13326415935368718,0.10839762345140302,0.14433239821291677,0.10939700484969994,0.14705007307450346,0.10952511298120138
레딧 부정,AAPL,2025-10-31,270.3699951171875,-0.007027384439093787,0.009232221600206314,0.007545247556178136,0.02239732056892252,0.04708366762669258,0.049708037966180174
레딧 부정,AAPL,2026-06-10,291.5799865722656,0.01498739912206748,-0.006420633980605661,-0.05634814950411293,-0.06857537364254451,0.08141855355380967,0.04072542006154234
레딧 부정,ABNB,2020-12-14,130.0,0.2540000328650842,0.24522478562843308,0.15384615384615374,0.13519868024148174,0.3076154268704927,0.2661247102279518
레딧 부정,ABNB,2022-05-10,116.12999725341797,0.011797147842795619,-0.011330495222738657,-0.08516317595415557,-0.07213357927879682,0.06578833695291064,0.035394177755438294
레딧 부정,ABNB,2022-10-19,116.87000274658203,-0.013348208704768827,-0.05003745975950935,-0.19217933222072692,-0.20946561476397652,-0.10644307477583315,-0.1795774362603142
레딧 부정,ABNB,2024-02-14,148.1999969482422,0.04763831109294414,0.029727099939855117,0.06255063740452327,0.0434761260854688,0.12307696267722767,0.09022299103396225
레딧 부정,ABNB,2024-07-12,146.77999877929688,0.008243675731913536,0.02788688398889705,-0.045510237984301316,-0.017741906292407017,-0.21596945913528265,-0.16775431159541399
레딧 부정,ABNB,2025-06-03,132.89999389648438,0.04258844185138155,0.03086204161071815,0.003536502951754894,0.0011207563756836514,0.01873593384137795,-0.02213035187735457
레딧 부정,ADBE,2023-09-15,528.8900146484375,-0.030233110460600843,-0.0010250408301101244,-0.0359054249957359,-6.631926946887301e-05,0.03756923853137106,0.06434144965957367
레딧 부정,ADBE,2024-03-18,513.8599853515625,-0.012902297423875941,-0.026375826997353302,-0.02850969975111306,-0.04016988318267278,-0.07324949442231354,-0.05505742087641197
레딧 부정,AMD,2019-01-28,20.18000030517578,0.19573829513658247,0.16464949704039045,0.13776009599880235,0.11175165992974767,0.19970261240596998,0.14070959988515508
레딧 부정,AMD,2019-05-20,26.68000030517578,0.08883054365726517,0.10221324535539444,0.10832081546445083,0.12036523624524942,0.14130436336735386,0.11154566878666072
레딧 부정,AMD,2019-06-18,30.450000762939453,-0.05221675247125357,-0.04660805149624614,0.025944137549586355,0.012161651696581899,0.10344819810367589,0.08518555634800928
레딧 부정,AMD,2019-07-31,30.450000762939453,-0.041379316824693646,-0.009573541724567258,-0.0068965841234683856,0.03859310794684512,0.010837435646559923,0.039550000746384595
레딧 부정,AMD,2019-11-04,36.290000915527344,0.0005511286100605695,-0.0026372469695221668,0.0989253254896405,0.08379699816311814,0.07192065429887684,0.06482824869516746
레딧 부정,AMD,2019-12-30,45.52000045776367,0.05997362730190203,0.05483464485806433,0.05909487257595569,0.039255499518887405,0.04371700008254553,0.026462705898516736
레딧 부정,AMD,2020-02-03,48.02000045776367,0.08829649777906301,0.05571597908944703,0.18471467820343812,0.14580928495677536,-0.026447322899980197,0.047229109416941584
레딧 부정,AMD,2020-03-09,43.27000045776367,-0.10538482378205849,0.019984404622802487,-0.03767046570074106,0.14932589495886062,0.09822047504132736,0.1323889659408619
레딧 부정,AMD,2020-04-06,47.52000045776367,0.15593433872119178,0.0844625262908143,0.11363631437632704,0.08275198436890219,0.09827437129543082,0.01774119048470424
레딧 부정,AMD,2020-06-29,50.279998779296875,0.052704884451390654,0.022093284944747715,0.0883055399602446,0.040811542789881416,0.3446698936315493,0.28978576290292524
레딧 부정,AMD,2020-08-05,85.30999755859375,-0.031649244232925255,-0.04769819586020474,-0.04946666676206013,-0.06488332347397952,0.05755484471485328,-0.019498023263144537
레딧 부정,AMD,2020-09-03,82.54000091552734,-0.07511515033761507,-0.04231160475342599,-0.09219772868841802,-0.049521275615631355,-0.008965324152671816,0.024475186055196496
레딧 부정,AMD,2020-11-04,81.3499984741211,-0.0008604756747043751,-0.03908020134341239,0.014628180254788958,-0.022456263820111566,0.13472648174614577,0.06733987954357512
레딧 부정,AMD,2020-12-03,92.30999755859375,-0.00704142469586555,-0.00715053196537252,0.04907376122961615,0.03393839414565658,-0.00010827112014155649,-0.005835196014558952
레딧 부정,AMD,2022-03-15,109.33000183105469,0.04984905201651735,-0.005105501734898876,0.12713803432801796,0.04411958335661059,-0.13015643573227875,-0.1585957785656823
레딧 부정,AMD,2022-05-02,89.83999633789062,-0.038735483853435504,0.0006150206975107375,0.04897597623813765,0.08369421177908432,0.1337934635176674,0.137533133150609
레딧 부정,AMD,2022-07-13,77.5199966430664,0.1536378247918131,0.1115608958094092,0.15866877688852377,0.10004083622939786,0.27773487282029063,0.16908454121762673
레딧 부정,AMD,2022-09-02,80.23999786376953,0.05483551399576525,0.007084108089558727,-0.04324528057184707,-0.033837768504550336,-0.17609668032902626,-0.110754018894893
레딧 부정,AMD,2022-10-31,60.060001373291016,0.05028305675508493,0.06649180170355684,0.22427567595754394,0.2012053156373974,0.22194468384220412,0.19858946328649996
레딧 부정,AMD,2023-02-01,84.63999938964844,0.0005907733000756199,0.0009558996412184495,0.006379973055545385,-0.001361076817518514,-0.04962189246844262,-0.018000688426631495
레딧 부정,AMD,2023-06-22,110.69999694824219,0.004878057185311535,0.0012126759795139108,0.022312568101135355,0.017639186089943637,0.0022583559791504726,-0.03363997981976952
레딧 부정,AMD,2023-10-18,102.16999816894531,-0.05980229734611764,-0.030374799348476866,0.057453292079692186,0.07500283286890719,0.15493786938195564,0.10968089811810677
레딧 부정,AMD,2023-12-11,134.41000366210938,0.033405179019727615,0.011802955600849874,0.06695930179888188,0.03739155368559599,0.10512602662778381,0.07358853094129247
레딧 부정,AMD,2024-01-24,178.2899932861328,-0.05945364991805746,-0.05428253042676967,-0.04122492075553985,-0.06741003184457572,0.020023598960426936,-0.02552736971282954
레딧 부정,AMD,2024-03-12,202.75999450683594,-0.10524756813983416,-0.10317704051965004,-0.12275596796196053,-0.12668407691864902,-0.17567565635333748,-0.17052833248459842
레딧 부정,AMD,2024-04-11,170.5,-0.09043987195862357,-0.054764175073820254,-0.09818185039978922,-0.07017024853564824,-0.10621701237742853,-0.11040616857464147
레딧 부정,AMD,2024-05-24,166.36000061035156,-0.016891064849027804,-0.013793424623742778,-0.03618660886255343,-0.04793481578768721,-0.0367275822790023,-0.06579605949543765
레딧 부정,AMD,2024-07-03,163.89999389648438,0.11006717032775204,0.10096413783931046,-0.04960335525795179,-0.05177930840788747,-0.19133619144707137,-0.17601320905425122
레딧 부정,AMD,2024-08-06,130.17999267578125,0.0841144017752613,0.04602199023970499,0.20141344827085028,0.13141443250141926,0.08211709204831608,0.026960553799970643
레딧 부정,AMD,2024-10-22,154.08999633789062,0.07891494549357225,0.08157212812661585,-0.08066709696406638,-0.06931827464687124,-0.09539877537544905,-0.10736472953630205
레딧 부정,AMD,2024-12-19,118.87999725341797,0.05307877972555097,0.03787653684748227,0.08975442500721509,0.07395505604056818,0.0409657037272686,0.006261681030228949
레딧 부정,AMD,2025-02-03,114.2699966430664,-0.03316700269075201,-0.04501094906370562,8.753073006295686e-05,-0.022864391003790008,-0.11831624258550955,-0.08333617751619671
레딧 부정,AMD,2025-05-16,117.16999816894531,-0.05854741587057333,-0.03315188146218451,-0.021677912052750603,-0.01917035533150324,0.07868909588450257,0.06441783991927141
레딧 부정,AMD,2025-07-16,160.0800018310547,-0.008933082947359727,-0.024937138790491975,0.12137676445235979,0.10497220876665048,0.1520489508963061,0.11893555351167961
레딧 부정,AMD,2026-04-23,305.3299865722656,0.16100614359564114,0.14659445503388513,0.337765726978158,0.3051169804409737,0.4724724596661307,0.4240993099652326
레딧 부정,AMD,2026-06-05,466.3800048828125,0.09689523986509929,0.09120069403560338,0.18279085532712913,0.17351687123293003,0.10662974387430202,0.0928543600388414
레딧 부정,AMZN,2019-08-22,90.23300170898438,-0.010118271551075364,-0.010870772685724783,0.015986360046740478,-0.003475956024195259,-0.00581828727777578,-0.02606734229334362
레딧 부정,AMZN,2020-02-18,107.78350067138672,-0.08485992361368144,-0.013348575340000446,-0.1144330955754842,-0.006067284506049431,-0.16135588723727556,0.0878942692567295
레딧 부정,AMZN,2020-03-18,91.5,0.030513659201033105,0.0022220205088130385,0.0424590397402238,0.016834065171538848,0.31595082100623295,0.15303412890825108
레딧 부정,AMZN,2020-04-28,115.7040023803711,0.0016075244196469551,-2.3570677412099172e-06,0.018525731501418896,0.015235904023509272,0.041619116478097906,-0.02067741209278595
레딧 부정,AMZN,2020-06-22,135.6909942626953,-0.012322093145515245,0.007509224087573374,0.10549707089398042,0.09532385696125467,0.15641060674298823,0.11008385742020699
레딧 부정,AMZN,2020-07-23,149.32749938964844,0.02187470334886621,0.01877834458475247,0.07984129285686037,0.044635708827827525,0.1040732646681437,0.05663702572351381
레딧 부정,AMZN,2020-10-19,160.36050415039062,-5.3000241879042065e-05,0.007607579982024215,-0.06321073371936281,-0.028679587783935423,-0.023743442290539152,-0.08385863474552968
레딧 부정,AMZN,2020-12-21,160.3090057373047,0.036123986544464914,0.026337637806166825,-0.02114665594772369,-0.03661450422692247,0.031442380937922065,-0.013085443601510205
레딧 부정,AMZN,2022-05-06,114.77249908447266,-0.01496437555161012,0.008422591927441547,-0.06257157179454909,-0.009792868900691198,0.0872813776031991,0.08618736240643332
레딧 부정,AMZN,2022-06-13,103.66999816894531,0.04832644183195556,0.04813975563403883,0.03597958351320707,0.020912933122582134,0.06491756029517881,0.0547042627691372
레딧 부정,AMZN,2022-08-26,130.75,-0.024780098384470595,0.007466841989432371,0.04359462293110661,0.02962999413783063,-0.11931165180972159,-0.018154512220356245
레딧 부정,AMZN,2022-11-10,96.62999725341797,-0.018420768186805603,-0.017280601969653864,-0.03332291920555441,-0.05267984257225056,-0.07802960912596568,-0.0744571759419792
레딧 부정,AMZN,2022-12-21,86.7699966430664,-0.029848985111117776,-0.022625288180377123,-0.00795199768014343,-0.012741826365939124,0.12389075044246889,0.08660728337135581
레딧 부정,AMZN,2024-02-28,173.16000366210938,0.0020211991067493607,-0.004872472459350963,0.0196349839719272,0.0004551934488810083,0.03851927713030445,0.005117521474431452
레딧 부정,AMZN,2024-07-19,183.1300048828125,-0.0034402056791056346,0.004847719190027688,-0.08316502255364444,-0.05385671801890535,-0.033145891783834314,-0.04283642789351361
레딧 부정,AMZN,2025-01-21,230.7100067138672,0.032248220563074526,0.029810559062307007,0.04919591918179411,0.051301811764167815,-0.017684546453656025,-0.0340679393444695
레딧 부정,AMZN,2025-05-02,189.97999572753906,0.016212242869359184,0.020482097602329885,0.08216654890727937,0.03375099034881002,0.08774607086975994,0.041959473791814306
레딧 부정,AMZN,2026-02-09,208.72000122070312,-0.03626872019904859,-0.020273278991703836,-0.000766594773733198,0.008744229500342482,0.026878116987070433,0.05104415090342529
레딧 부정,ANET,2025-01-28,106.54000091552734,0.054251912236040534,0.05878441760534103,0.09667726050171388,0.09537047494983697,-0.09536327740568507,-0.07885424349206072
레딧 부정,AVGO,2023-05-30,80.33399963378906,-0.01660566683932385,-0.03528815110880423,0.05947668359238545,0.020255370646520277,0.05551820032369892,0.016939442992994103
레딧 부정,AVGO,2023-07-03,87.64399719238281,0.006400947659204181,0.009397899064677584,0.03079509394155866,0.007360600833921094,0.04970109701929215,0.021106486511918154
레딧 부정,AVGO,2024-06-26,159.1999969482422,0.08619346975572806,0.07528622314152278,0.0715766613749722,0.05146709325203669,-0.062437202461994135,-0.0494217921230633
레딧 부정,AVGO,2024-09-06,137.0,0.22401461636062958,0.18394868808880016,0.24890515404026003,0.1972913865435939,0.28934306123830966,0.2289759060057388
레딧 부정,AVGO,2024-12-18,223.6199951171875,0.09721852234980721,0.07153114293035956,0.03993385264985161,0.030262735390482742,0.07463555498541119,0.04603154724493619
레딧 부정,AVGO,2025-03-10,184.4499969482422,0.05448632809995613,0.04276631111054252,0.03686637660214176,0.012784176758338983,-0.16432636519424249,-0.06407303740210302
레딧 부정,AVGO,2026-02-06,332.9200134277344,-0.023278864854672565,-0.010435339935179866,-0.007749660536415237,0.00416713962421944,0.03853774496813345,0.05642019215074345
레딧 부정,AVGO,2026-06-08,396.6000061035156,-0.006707018711984314,-0.02782393519879267,-0.04147758939453383,-0.033847988143479,-0.01994453741900548,-0.028304773824765928
레딧 부정,BA,2019-03-13,377.1400146484375,-0.002598533563832217,-0.0033449310110901243,-0.007769059446239623,-0.0017620840307123187,-0.03234876102554074,-0.057052010821151966
레딧 부정,BA,2020-01-09,336.3399963378906,-0.0129035986952043,-0.025975754247128724,-0.039513613277115556,-0.046003725497535064,0.0012190154800901798,-0.015771703681856764
레딧 부정,BA,2020-03-10,231.00999450683594,-0.4626206556358541,-0.33912017467876054,-0.4472966393607808,-0.29033797691139873,-0.3871260759375278,-0.30637575536118766
레딧 부정,BA,2020-06-11,170.0,0.13111760756548718,0.09395978190420351,0.028705911075367574,0.0062847638068539435,0.04964707318474271,-0.006838112982543221
레딧 부정,BA,2022-04-28,154.22000122070312,-0.024315912140562168,0.008408895787944792,-0.20153029169398284,-0.11861965046745315,-0.17176758950909288,-0.11917414819542105
레딧 부정,BA,2024-01-08,229.0,-0.12436679357003955,-0.1250620876450962,-0.07641921397379914,-0.09803737477468433,-0.08917029768098395,-0.13000469429619488
레딧 부정,BA,2024-09-16,155.5500030517578,0.004821600676860438,-0.007313208023305817,-0.022565153948965744,-0.04196672879993213,-0.042172918224958056,-0.08033648059410325
레딧 부정,BAC,2020-03-12,20.510000228881836,0.03364215145575522,0.06427375068520824,0.10775227010288235,0.054993366533988786,0.21209167883597235,0.0908147793854941
레딧 부정,BAC,2020-07-13,24.190000534057617,-0.0252170565061679,-0.05532762408524394,-0.002067017085790601,-0.028683727098132827,0.09797432325592537,0.032131319738416764
레딧 부정,BBY,2019-08-30,63.650001525878906,0.08750981243196931,0.06784833265767731,0.08263946598794414,0.056276015369860266,0.08389624838766863,0.06912457245563819
레딧 부정,BBY,2022-08-10,78.51000213623047,0.047764614672828554,0.03190708516744012,-0.011208825103399156,0.003839097355690324,-0.04852891458819686,-0.0018373604856355419
레딧 부정,BMY,2023-03-03,69.30000305175781,-0.051803806770454264,-0.006577555084659958,-0.03997119986260489,-0.0048391774937691645,0.00014422087151233498,-0.01272104589813039
레딧 부정,CCL,2020-02-25,35.84000015258789,-0.11188616662414519,-0.07219320675088126,-0.32979909722379663,-0.25230035760516634,-0.6183035645386851,-0.39601026098272585
레딧 부정,CCL,2020-03-25,15.550000190734863,-0.4340835959617444,-0.43149030041873426,-0.22893893092926454,-0.3393162000010356,-0.21736334874483276,-0.34820331051222575
레딧 부정,CCL,2020-06-22,17.229999542236328,-0.026117171650975823,-0.0062858544178872044,-0.15438188729440094,-0.1645551012271267,-0.1183981437058268,-0.16472489302860804
레딧 부정,CCL,2020-10-01,15.029999732971191,0.038589483300768945,0.018591886387948175,-0.0671988884332374,-0.09823375429452275,-0.1363938940223528,-0.11544683319989035
레딧 부정,CCL,2020-11-18,17.59000015258789,0.17396244681056405,0.15605516909452066,0.30073899728763975,0.2715203947902316,0.22967589386770615,0.18487969001185967
레딧 부정,CCL,2023-06-29,17.15999984741211,0.10955717277577692,0.10855285318453745,0.004079236331390401,-0.021416675200438773,0.07750582374898052,0.03457133536685042
레딧 부정,CCL,2024-04-26,15.079999923706055,-0.04244034128386576,-0.048401854527243215,-0.04310342319753335,-0.06785456798196132,0.003315662532349384,-0.03835590766564434
레딧 부정,CHTR,2026-08-14,154.27000427246094,-0.026576819796248152,-0.012897174557086832,-0.0042134513338408786,0.004790401395283639,-0.07078497353029933,-0.050870990690490836
레딧 부정,CME,2019-02-28,181.91000366210938,-0.051728896007215086,-0.03855973063255558,-0.07410263710052312,-0.08300177249419094,-0.10527188593126424,-0.11255622220458461
레딧 부정,CME,2020-03-10,207.00999450683594,-0.1980097160623876,-0.07450923510529406,-0.2644799838308871,-0.10752132138150505,-0.14588666127057415,-0.06513634069423402
레딧 부정,CMG,2019-02-08,11.655400276184082,0.03967255278841764,0.014161428207714266,0.023834411495148755,-0.009625816079531502,0.05853076359319709,0.02906353549125451
레딧 부정,CMG,2024-06-27,62.40999984741211,0.0054478473548977835,-0.009688451499647144,-0.07594939416849467,-0.1008775476888325,-0.20157022988486772,-0.19803783847789214
레딧 부정,CMG,2024-08-14,51.650001525878906,0.04027101558390567,0.009245737207468796,0.07976764395293312,0.05300904571299059,0.09099703406373161,0.06278549042149018
레딧 부정,COF,2019-07-31,92.41999816894531,-0.04836616867847032,-0.016560393578343935,-0.09705692921899667,-0.051567237148683165,-0.08472194315283699,-0.056009378053012315
레딧 부정,COF,2025-09-17,225.61000061035156,-0.005629202025730917,-0.008541885862451304,-0.05376536877796523,-0.06782832523030013,-0.04658479002882332,-0.05567182285890071
레딧 부정,COIN,2022-04-14,147.2899932861328,-0.10706761988261015,-0.0802282682056421,-0.23477490513889399,-0.17586536393981578,-0.5392083247995374,-0.4568172089216208
레딧 부정,COIN,2022-07-22,70.81999969482422,-0.11098560638550803,-0.1537606552430627,0.3138944288721628,0.26737337024456487,0.04574975822834304,-0.022715701695408264
레딧 부정,COIN,2022-11-04,58.81999969482422,-0.023121397779796937,-0.08200276699123854,-0.23053385657334857,-0.2828255859651856,-0.2179530731271373,-0.27970407580410495
레딧 부정,COIN,2022-12-05,46.0,-0.07391307664954139,-0.07231147466569643,-0.2354348224142323,-0.1864596040564872,-0.18043476602305542,-0.1408191932676256
레딧 부정,COIN,2023-01-06,33.2599983215332,0.5027060151677234,0.47585584564527617,0.6825015606883842,0.6501628193340683,1.2426337974166262,1.1865886501465803
레딧 부정,COIN,2023-07-24,98.8499984741211,-0.0024278995192130726,-0.010331898289372088,-0.13039959118485,-0.12271570598415493,-0.23844208455900828,-0.2057251856823803
레딧 부정,COIN,2024-01-18,124.33999633789062,-0.026781359978578334,-0.051000144803933334,0.03707576601356832,0.010401497438892848,0.3323950703580649,0.27883671644868424
레딧 부정,COIN,2024-02-28,200.8000030517578,0.18799800511093445,0.18110433354483413,0.2536354178373874,0.23445562731434122,0.2783864955463411,0.2449847398904681
레딧 부정,COIN,2024-11-08,270.739990234375,0.12968167664757058,0.1504777487829031,0.12521247557376292,0.12969264519352142,0.1469306353481803,0.1360812560407909
레딧 부정,COIN,2025-06-30,350.489990234375,0.012354181889611793,0.008323994355542874,0.10707866080340933,0.10013516443370962,0.05977349650705244,0.03159507962975683
레딧 부정,COO,2022-09-21,69.09249877929688,-0.02626916776022148,-0.00809164423583475,0.003943974950784579,0.004738957061867666,-0.07196868141357227,-0.04841211048331295
레딧 부정,COST,2019-10-07,293.4100036621094,0.014007652432653783,0.004215016407477901,0.026140836421477243,0.0025636425539405927,0.011621974777779931,-0.03713607490023296
레딧 부정,COST,2023-08-11,562.9600219726562,-0.032009412441235896,-0.011477618383566202,-0.05142463243764295,-0.03867922067151919,-0.007425025779156047,-0.013708024430329036
레딧 부정,COST,2024-03-11,714.0800170898438,0.02445098661163514,0.02136072965646796,0.02363881424886416,0.0070333910517443865,0.0063158324805181465,-0.009409422886634378
레딧 부정,COST,2025-08-25,941.5800170898438,-0.002931253547792334,0.0004929550101070435,0.04000720302729399,0.027773095994841235,0.0021452860717423583,-0.030136458158004586
레딧 부정,CRL,2025-08-15,156.67999267578125,0.03293339228568248,0.030027145999949267,0.04231558075530417,0.03981342772556751,-0.028337933304636298,-0.05548882637444641
레딧 부정,CRM,2020-02-24,185.94000244140625,-0.04937080678732986,-0.008027166396869179,-0.1867806565103345,-0.037317222373336345,-0.24427233286316719,0.06423834369812798
레딧 부정,CRM,2020-05-27,176.60000610351562,-0.009116650932661008,-0.03761463772563678,0.031143826783200268,-0.019823132933857845,0.050679482666586395,0.048834533037732886
레딧 부정,CRM,2020-12-11,222.4199981689453,0.022524928280192036,0.014662506825675825,0.009981122376490958,-0.0060440641656482885,-0.031022362886826804,-0.06506550139697909
레딧 부정,CRM,2023-01-06,140.50999450683594,0.06405238311757344,0.03720221359512621,0.10931607153115563,0.07697733017683972,0.2031172846109064,0.14707213734086055
레딧 부정,CRM,2023-03-20,185.25,0.032442615421516496,0.02545831088500483,0.060674793485365974,0.016965690017333834,0.07152496626180826,0.019536339938842406
레딧 부정,CRM,2024-05-31,234.44000244140625,0.03160724955188199,0.019016440992585704,-0.010663709153581058,-0.03988424563151094,0.0928595324473811,0.058784723670503025
레딧 부정,CRWD,2020-09-04,31.297500610351562,0.02643979146931441,0.03843738548299813,0.10336290589548214,0.14890106092944366,0.1572809494162437,0.16548364521130865
레딧 부정,CRWD,2024-03-04,78.45249938964844,0.01134443639874494,0.013335435887279146,0.023103151768280705,0.022010047001664867,0.01829129179768474,0.005525257797420524
레딧 부정,CRWD,2024-07-22,65.97750091552734,-0.01932479266699294,-0.001493702406273334,-0.1586146793584452,-0.09141911839074779,0.010874900827412493,0.0019323952488006224
레딧 부정,CRWD,2024-09-03,66.6500015258789,-0.07074268634123204,-0.06478333450697682,0.00795196949982202,-0.011954547479919642,0.03207047110737493,0.0021110856644273035
레딧 부정,CSCO,2019-08-15,46.25,0.041729736328125044,0.014643870807671489,0.022054063951646885,-0.0058046848479931246,0.0817297033361486,0.023974555632246597
레딧 부정,CSCO,2020-08-13,42.720001220703125,-0.009597374431099315,-0.013902253048906577,-0.01006554992717068,-0.044207403261041556,-0.06647940242126116,-0.058255701669850835
레딧 부정,CSCO,2020-11-13,41.400001525878906,-0.010386480418533073,-0.002651156531246479,0.03913040754049524,0.028072068005216222,0.06859903497376973,0.05028013676996057
레딧 부정,CVNA,2020-08-07,38.400001525878906,0.024374921148025086,0.017590125846657534,0.0531249223897885,0.03844935806954952,-0.02604166563186383,-0.04995295422578594
레딧 부정,CVNA,2022-07-05,5.515999794006348,-0.19978241494343396,-0.1968239771277147,-0.17150102568402703,-0.1984933751165363,0.23459031854556023,0.16625853854921147
레딧 부정,CVNA,2022-08-05,9.395999908447266,0.10898256468969048,0.07601764621296403,-0.09961684540447935,-0.12058575101344149,-0.327799058505423,-0.2764531061421319
레딧 부정,CVNA,2022-11-07,1.4780000448226929,0.31799722269786734,0.27807096286690225,-0.04600817059477935,-0.08453951329909859,-0.09201626053374945,-0.12854731440741352
레딧 부정,CVNA,2023-02-07,2.638000011444092,-0.18726306137046034,-0.18112132438745432,-0.23654286193033736,-0.19644075494659774,-0.32903715949660606,-0.28985030789131483
레딧 부정,CVNA,2023-04-03,1.8580000400543213,0.0505920236026689,0.05358511509747699,-0.05274491252874203,-0.060677700340424856,-0.22282025048835385,-0.22255253941432374
레딧 부정,CVNA,2023-07-18,7.960000038146973,0.10829139542559818,0.10553924325738473,0.2339195355270638,0.22887757394135644,-0.0120603258906401,0.012819102833523721
레딧 부정,CVNA,2024-02-28,15.093999862670898,0.031005725205067725,0.0241120536389674,0.05565126276867827,0.036471472245632075,0.19663445335835017,0.16323269770247717
레딧 부정,CVNA,2024-10-31,49.46200180053711,-0.023775877636004528,-0.07120477818532522,-0.02777891106909236,-0.07123339949931118,0.05301034607991717,-0.0066231166926529195
레딧 부정,CVNA,2025-01-06,37.77000045776367,0.03357155748825469,0.055692598932414406,0.23934341556697447,0.2207327978525493,0.35546726304008835,0.3405855350611233
레딧 부정,CVNA,2025-06-16,58.0099983215332,0.11349773554539744,0.10669472786151801,0.16621276305284427,0.141373657855711,0.2136528420218804,0.17791251831922938
레딧 부정,CVNA,2025-08-01,73.55599975585938,-0.0549785025243924,-0.07984503842667656,-0.04837129084012126,-0.08330668420333809,0.011256769433299008,-0.026268190660003077
레딧 부정,CVNA,2025-12-08,89.59600067138672,-0.00013394613049388937,0.004108150315462411,-0.03212195109697458,-0.033877304429128285,0.0062502517344236175,-0.0024533045233963158
레딧 부정,CVNA,2026-01-29,85.48799896240234,-0.10235354793891305,-0.07869499305735361,-0.19488110886818066,-0.17648165220807654,-0.2182294410492095,-0.20663070315539378
레딧 부정,CVS,2020-12-10,72.20999908447266,-0.03628310178368932,-0.05130772230282177,-0.05871760029811801,-0.06490741009188605,0.05345520924098146,0.02084268477669915
레딧 부정,CVS,2023-06-22,69.41000366210938,-0.009364666353327666,-0.01303004755912529,-0.0034577939850344297,-0.008131175996226148,0.08125629004580048,0.045357954246880494
레딧 부정,CVS,2024-03-04,73.88999938964844,0.02774398523063204,0.029734984719166246,0.04980376689096744,0.0487106621243516,-0.0009473500528140999,-0.013713384053078315
레딧 부정,CVS,2024-05-02,55.150001525878906,0.009610131724985926,-0.020368254049035528,0.04297368751245911,-0.0038750219093528493,0.0806889723503279,0.03645398355384377
레딧 부정,CVX,2023-01-27,179.4499969482422,-0.055725829869388344,-0.07216739353571655,-0.04168289693365934,-0.04750032917520142,-0.09267199725180231,-0.07307531554951596
레딧 부정,DAL,2020-03-02,47.15999984741211,-0.07718404159087755,0.035598597008187016,-0.24067002779568336,-0.016657633170386932,-0.3920695468817479,-0.23858673280339826
레딧 부정,DAL,2020-07-13,26.81999969482422,-0.022371379131130853,-0.052481946710206895,-0.04921699141849567,-0.0758337014308379,0.09395974968075738,0.028116746163248774
레딧 부정,DAL,2022-09-26,28.020000457763672,0.008565302184057044,0.0022520310457900816,0.049964296775818484,0.061740005852349955,0.18736616396254746,0.14740020734272674
레딧 부정,DAL,2024-07-24,42.939998626708984,0.0018631074432529093,-0.015837347881758168,-0.13088027740152475,-0.08917895238499252,-0.06427569654872933,-0.10010152909341608
레딧 부정,DASH,2020-12-14,160.0,0.001437473297119185,-0.007337773939531944,-0.11706247329711916,-0.13570994690179117,0.23750000000000004,0.19600928335745915
레딧 부정,DASH,2024-05-02,114.30999755859375,0.016271547984227253,-0.013706837789794202,0.01618411462713354,-0.030664594794678424,-0.0367421663716625,-0.08097715516814663
레딧 부정,DELL,2024-03-04,121.77999877929688,-0.048612237052770735,-0.04662123756423653,-0.12440467792527576,-0.1254977826918916,-0.027426477018970385,-0.0401925110192346
레딧 부정,DIS,2019-03-21,108.66000366210938,0.018866145345788565,0.03298485210706159,0.056046347622333625,0.04744176926768051,0.2189397430917681,0.20036081630769353
레딧 부정,DIS,2019-04-29,139.3000030517578,-0.030868650090123295,-0.027295683096504098,-0.05714290408816136,-0.012871593706722306,-0.04795411190399124,-0.0012667962587449288
레딧 부정,DIS,2020-02-24,133.00999450683594,-0.09796249671473134,-0.05661885632427066,-0.21547249993489692,-0.06600906579789878,-0.3552364056986491,-0.046725729137353955
레딧 부정,DIS,2020-03-24,98.12000274658203,-0.01549127833176589,-0.07553654450492175,0.03179774796017498,-0.05859917384968383,0.02924984750153281,-0.11860132712089455
레딧 부정,DIS,2020-04-24,101.19000244140625,0.04259311646019026,0.04322920040903566,0.07876273375245879,0.04529628437672817,0.16632072137171372,0.12225244145897096
레딧 부정,DIS,2020-08-06,130.82000732421875,0.0010701680309608275,-0.006407474120230461,-0.02063913817356433,-0.03245384928437123,0.018498685472075227,-0.014582487382221565
레딧 부정,DIS,2022-04-25,119.94999694824219,-0.05377238109497684,-0.02103102509498367,-0.10812833615081352,-0.03732486447815597,-0.1177156771690474,-0.04399512078071732
레딧 부정,DIS,2022-09-13,111.76000213623047,-0.03749107338329172,-0.014570672402040241,-0.14235865567285677,-0.06675448177498888,-0.1669649544151195,-0.07701324919985875
레딧 부정,DIS,2022-12-05,95.93000030517578,-0.01323878493720676,-0.011637182953361802,-0.10580633267579875,-0.056831114318053655,-0.04117582545268761,-0.0015602526972577913
레딧 부정,DIS,2023-09-20,82.55999755859375,-0.03221894514746093,-0.003516532154976826,-0.039244161332127825,-0.007372898976975684,0.025678328600693634,0.04489687435994427
레딧 부정,DIS,2023-12-04,92.01000213623047,0.002064936502560011,-0.009540283153302243,0.009238109492298197,-0.024220032130272795,-0.003912624736368775,-0.030407634565422503
레딧 부정,DIS,2024-02-12,109.29000091552734,0.001372509146512435,0.00979600135809744,0.0011894706956627754,-0.010687214120042476,0.029005381484034087,-0.002532839530891895
레딧 부정,DPZ,2020-02-21,371.9599914550781,-0.08737498856493298,0.024235902626470573,-0.09557476236597384,0.012437767154803714,-0.19359603425720473,0.1203058623661043
레딧 부정,EQIX,2025-07-22,800.5499877929688,0.013215935608233309,0.0030387506018052513,-0.026993923778749873,-0.02557864109394059,-0.03383919334631014,-0.05125167380634388
레딧 부정,F,2020-03-23,4.010000228881836,0.2543640705005481,0.08078256129233585,0.1296757983157304,-0.058303519813839744,0.18952611188668156,-0.0351431515459979
레딧 부정,F,2022-01-07,24.440000534057617,0.030687397038099862,0.03362673306322739,-0.1657119908309913,-0.1093923954604652,-0.2680033142913244,-0.22760342002151712
레딧 부정,F,2023-07-28,13.260000228881836,-0.027903459967759225,-0.0057770142616562214,-0.08446454496430478,-0.059799353683440803,-0.10180998176223766,-0.06471374673441466
레딧 부정,FANG,2022-04-25,125.81999969482422,0.013352410660074865,0.046093766660068036,0.029168699787326613,0.09997217145998416,0.08178350771328646,0.15550406410161655
레딧 부정,FCX,2026-08-10,70.51000213623047,-0.030208549401220752,-0.029742789504355938,0.1033895999810428,0.11575659509305103,0.08665438129680658,0.09580021917667447
레딧 부정,FDX,2019-06-26,128.8638153076172,0.009379744918396993,-0.01929786907705444,0.01675835759854194,-0.013675065132688236,0.09973737803602245,0.06692848644912197
레딧 부정,FDX,2020-09-15,190.7091064453125,0.028520731439573677,0.057535709965487736,0.07111168292166181,0.09404144745895815,0.15240634095228223,0.1231268893195061
레딧 부정,FDX,2022-09-21,123.48912048339844,-0.021272440582168484,-0.003094917057781754,0.02362151261160439,0.024416494722687476,-0.0018923183206983607,0.021664252609560952
레딧 부정,FSLR,2020-02-21,50.59000015258789,-0.09527573987519855,0.016335151316205,-0.1427159754680054,-0.03470344594722785,-0.33405814340592366,-0.02015624678261463
레딧 부정,FSLR,2024-05-28,280.1600036621094,-0.049935715489380916,-0.04725554162195744,0.05129210069014212,0.03781554365773565,-0.11504144262219362,-0.14467473055442992
레딧 부정,GILD,2020-03-04,76.01000213623047,-0.030390805460683068,0.09266743721211301,0.04486246463463073,0.2777461466743436,-0.046046571525245494,0.1671797743755118
레딧 부정,GILD,2020-04-20,81.26000213623047,-0.01673640874475435,-0.03612627175866079,-0.012429265440298987,-0.01946080424522234,-0.07999015295499134,-0.12761259635322264
레딧 부정,GIS,2024-03-08,65.26000213623047,0.022984982391951903,0.026678437101419705,0.058841498807717274,0.040296160088662436,0.07263251162442153,0.058953215396555736
레딧 부정,GM,2022-05-13,38.209999084472656,-0.07354089573207145,-0.04344531597215695,0.009421633577004096,-0.02428345579812774,-0.15519498684273847,-0.08868099416249031
레딧 부정,GOOG,2019-10-29,63.13100051879883,0.02329285032647377,0.010694296743569476,0.028654732346095946,0.00955902736244374,0.04033671768297764,0.004486991672883578
레딧 부정,GOOG,2020-04-29,67.0739974975586,0.004338497436678468,0.03489677210737929,0.0058517733503058444,0.045447918399616816,0.05609483135060889,0.022808074247993915
레딧 부정,GOOG,2020-10-16,78.65049743652344,0.04322293851959458,0.047570917812035596,0.030514766010423244,0.09026310166493423,0.12969403653821487,0.09856732027048931
레딧 부정,GOOG,2022-05-06,115.66000366210938,0.007396673357173533,0.0307836408362252,-0.0548763610678461,-0.002097658173988215,0.01167641658313423,0.010582401386368456
레딧 부정,GOOG,2022-06-13,106.87650299072266,0.048078822333584625,0.047892136135667895,0.05328579749019835,0.038219147099573414,0.0496881290146558,0.03947483148861419
레딧 부정,GOOG,2023-02-06,103.47000122070312,-0.08185948700857248,-0.08917959558601307,-0.11037013660206962,-0.08416417172331081,-0.08988115339750269,-0.06167434096955127
레딧 부정,GOOG,2023-07-21,120.30999755859375,0.10556061180249787,0.09507801454315423,0.06840658211742423,0.08028237318330156,0.06483254268174199,0.0995089833243159
레딧 부정,GOOG,2024-03-05,133.77999877929688,0.04365373292853092,0.024725469275136636,0.10569591507453868,0.08887737053402511,0.16885929544040734,0.14474560671970882
레딧 부정,GOOG,2024-12-23,195.99000549316406,-0.02831778609216573,-0.01383967932020802,-0.0030614117388579887,0.005682660274600182,0.03015453970955906,0.007823630820558147
레딧 부정,GOOG,2025-07-24,193.1999969482422,-0.0017598154413103195,0.0019285390925093404,0.021118022233445943,0.02453844241031722,0.0384057882305926,0.036624626045837605
레딧 부정,GOOGL,2020-04-29,67.10900115966797,0.0024214110076601347,0.03297968567836096,0.004582024942613838,0.04417816999192481,0.05666902111626371,0.023382264013648735
레딧 부정,GOOGL,2022-07-28,114.22000122070312,0.03475749587002741,0.014810181472467487,0.040448214566732865,0.006168453296302223,0.021274735415913515,-0.011823011768047564
레딧 부정,GOOGL,2023-02-27,89.87000274658203,0.05852892340137372,0.04158277891089246,0.013797683608245848,0.04489924822010216,0.1400911978760282,0.14320894287313823
레딧 부정,GOOGL,2024-04-01,155.49000549316406,-0.004116016252096455,0.0024720077603340718,-0.004051738764908608,0.029864995278966466,0.06855738649896037,0.09173031473600912
레딧 부정,GOOGL,2025-03-03,167.00999450683594,-0.006825935136485328,0.032898616768436306,-0.016286457758022288,0.012183649580708278,-0.07406739431202836,-0.03230436423660765
레딧 부정,GOOGL,2025-04-01,157.07000732421875,-0.07875475774596985,0.03620676084648633,-0.0048386689385976345,0.03680346267547585,0.011014169776971228,0.022476445855175275
레딧 부정,GOOGL,2025-07-22,191.33999633789062,0.023047997002789034,0.012870811996360976,0.017403584691065843,0.018818867375875126,0.053465094502577415,0.036052614042543674
레딧 부정,GOOGL,2026-06-02,361.8500061035156,0.00666022833068558,0.036308607432149254,0.03150474976977935,0.04366951423556609,-0.0017687291353931656,0.016412606917149297
레딧 부정,HAS,2023-07-03,64.79000091552734,0.0003086377957066677,0.0033055892011800703,-0.02454082620960174,-0.04797531931723931,-0.003704242327183138,-0.032298852834557135
레딧 부정,HIG,2020-05-22,36.9900016784668,0.05082447061667428,0.01660437425864103,0.260881245560993,0.16691966440669237,0.05785345478624859,0.006472488937550258
레딧 부정,HOOD,2022-01-05,15.979999542236328,0.01689614928023242,0.011259734182794912,-0.14330413188062907,-0.09712367016722978,-0.11451814619075729,-0.06801744472561644
레딧 부정,HOOD,2022-02-08,13.380000114440918,0.021674137471795252,0.03240726452126241,-0.18834083977651517,-0.12405292990508643,-0.07174888116113343,-0.019568993256080525
레딧 부정,HOOD,2022-03-25,12.390000343322754,0.08958834753184242,0.08908024930769853,-0.0928168313428942,-0.08150667408389844,-0.16142049593064334,-0.108006476302695
레딧 부정,HOOD,2022-04-29,9.805000305175781,0.03212642229261542,0.03372837292880326,0.0902599946621474,0.11521144800995531,0.058643527931519834,0.050730882869323146
레딧 부정,HOOD,2023-10-24,9.319999694824219,-0.01931323577203825,-0.006495464100545467,0.04721035927736872,0.01581506706560032,-0.14377679395149445,-0.21374347192336907
레딧 부정,HOOD,2024-04-01,19.40999984741211,-0.04379187986356714,-0.037203855851136614,-0.11437399952635652,-0.08045726548248144,-0.10664604384838294,-0.08347311561133419
레딧 부정,HOOD,2024-05-16,17.899999618530273,0.07486034531535446,0.08002401486867183,0.16759776893483092,0.1700945199952315,0.2525139974352022,0.2258631684231096
레딧 부정,HOOD,2025-07-07,93.45999908447266,0.06954847061495317,0.06289447027412076,0.11641341065694011,0.10337927559389049,0.13813400158971567,0.12123319866685667
레딧 부정,HOOD,2025-09-10,117.45999908447266,0.01004597577365196,-0.0006407209472045761,0.07951646552089775,0.06588595799451391,0.28443722367720836,0.25239238739012904
레딧 부정,HOOD,2025-10-21,131.83999633789062,0.10929918129835348,0.08580706902581237,0.03762141119266471,0.03173719969491717,-0.13304000131477434,-0.11634086784872488
레딧 부정,HOOD,2026-02-12,71.12000274658203,0.07016307186531079,0.0581854816138776,0.06650724894363669,0.05957905517639506,0.03191783683072913,0.05977762951170684
레딧 부정,HPE,2020-08-24,9.619999885559082,0.005197525086244603,-0.01343651165890436,-0.019750476366274805,0.008565228732408503,-0.03222447709253451,0.004577182596613771
레딧 부정,IBKR,2020-04-23,9.802499771118164,0.045651643900093575,0.004803052232591254,0.03213471475773222,0.0013191546412825161,-0.0063759246579273565,-0.06299058379062572
레딧 부정,IBKR,2020-07-17,12.842499732971191,-0.038738522584129575,-0.03612756791950378,-0.03445591774511514,-0.04937568578799767,0.015378643798978242,-0.031618729879430596
레딧 부정,IBKR,2022-08-17,16.295000076293945,-0.039736117527790604,-0.009313099469810182,-0.05507824694353092,0.018682450749900936,0.06996007267940518,0.15558060309516308
레딧 부정,IBKR,2024-06-27,30.747499465942383,0.008049479716721653,-0.007086819137823275,-0.011220402287887898,-0.036148555808225735,-0.03406776880062057,-0.03053537739364498
레딧 부정,IBM,2019-08-07,132.9923553466797,-0.05650206917631195,-0.04236862712691092,-0.03493637464981647,-0.05049358882954824,0.0133706801233211,-0.020834292831366952
레딧 부정,IBM,2026-07-15,211.1999969482422,-0.025710192965163525,-0.01590636890613195,0.07215911796106167,0.10574369642177506,0.11732954137006724,0.09390643789638964
레딧 부정,IEX,2022-08-11,214.02000427246094,0.016867584984045614,-0.001942445249422331,-0.002616566430308276,-0.0014737285534289768,-0.018596443822425646,0.013285230603641285
레딧 부정,INTC,2019-10-25,56.459999084472656,0.0008855692148654892,-0.014167509210350593,0.03205811906909495,0.0077212616773501,0.020368429764908935,-0.01066600379657423
레딧 부정,INTC,2020-05-21,61.97999954223633,0.01532753743071713,-0.01668549256484919,0.03807674754895851,-0.0448722183017396,-0.03807680909618816,-0.08473989081681321
레딧 부정,INTC,2020-07-24,50.59000015258789,-0.05653292353677253,-0.07410953798776998,-0.05060291293871566,-0.09326684410639918,-0.025894472609998664,-0.08386008536392653
레딧 부정,INTC,2020-10-12,53.880001068115234,0.01299184760695371,0.042557954711073376,-0.13288789356853237,-0.09588769977588907,-0.15367487805960767,-0.15971864540937475
레딧 부정,INTC,2020-12-21,46.36000061035156,0.06535804010797008,0.055571691369671994,0.1022432657757808,0.08677541749658202,0.3472821022898387,0.3027542777504064
레딧 부정,INTC,2022-01-28,47.72999954223633,0.00586630592881332,-0.009406914601923999,-0.002095086425312087,0.0012763825435700982,-0.0006285099431088126,0.011409067106954884
레딧 부정,INTC,2022-08-01,36.959999084472656,-0.04274886513785647,-0.04815335251541231,-0.01677486329119615,-0.060814098926028626,-0.1087662488458373,-0.08894984465719424
레딧 부정,INTC,2023-12-18,45.689998626708984,0.10527471039316771,0.09747762018348638,0.029765827341402984,0.036503528185856005,0.022981026117694148,0.013404169533628663
레딧 부정,INTC,2024-01-26,43.650001525878906,-0.02405505189124202,-0.03829358288006712,-0.007789235754924628,-0.036081655773619326,-0.015120270889814602,-0.053240101079319535
레딧 부정,INTC,2024-08-02,21.479999542236328,-0.08240225770411691,-0.0825710807782224,-0.028398450465675462,-0.06857479154967538,0.026070827990004375,-0.031688539342662025
레딧 부정,INTC,2024-09-04,19.43000030517578,0.010807981532389155,0.004509822668167018,0.06896552401138867,0.049998263868912485,0.1523416900659631,0.11983425246234769
레딧 부정,INTC,2024-10-30,22.299999237060547,0.12331838986925847,0.10430153140818499,0.11748883089104312,0.08786866505507174,0.06053813576935685,0.02809040726925094
레딧 부정,INTC,2024-12-03,22.469999313354492,-0.10280371769168195,-0.1009657196440874,-0.09034262756253819,-0.09097186850855843,-0.10013351440837681,-0.06822485359299735
레딧 부정,INTC,2025-02-18,27.389999389648438,-0.1606425599335053,-0.13243277682096677,-0.22124861631916104,-0.16461644664204278,-0.05366919847066709,0.028866855281873716
레딧 부정,INTC,2025-04-25,20.049999237060547,0.02842900867144449,-0.0008460071072027286,0.06832922151443688,0.04344906053344055,0.0,-0.05170341774253728
레딧 부정,INTC,2026-05-05,108.1500015258789,0.1152103458962146,0.09530074373576047,0.024503018848731184,0.010741795436975954,0.04216363841199389,6.467067240878421e-05
레딧 부정,JPM,2019-07-16,115.12000274658203,0.010771350192713136,0.009937405296395863,0.004082640549819994,0.000946999595673903,-0.050208532581563214,-0.02609080953209797
레딧 부정,JPM,2020-04-16,87.33000183105469,0.02358865814040567,0.023660387021853913,0.09653040339428975,0.055756470632024824,0.0021755961070430985,-0.018856274150280905
레딧 부정,JPM,2020-07-13,97.6500015258789,-0.003584213708674011,-0.03369478128775005,-0.007680491431443892,-0.03429720144378612,0.030619537296956656,-0.03522346622055195
레딧 부정,JPM,2020-12-01,119.73999786376953,0.018874245670203793,0.007536000386809016,0.004843843672976966,-0.004909742009157503,0.04693504966465767,0.030624461718926188
레딧 부정,JPM,2022-02-17,151.42999267578125,-0.022848785725600118,-0.024427521929463625,-0.11246120057443909,-0.10127284163476324,-0.07481996381340161,-0.09188853905878991
레딧 부정,JPM,2023-03-13,131.25,-0.03131429036458333,-0.053060203799699,-0.02102852957589285,-0.04991062762937559,-0.02079996744791668,-0.08401362946556779
레딧 부정,JPM,2023-05-01,141.1999969482422,-0.02924921893261312,-0.022582665862537876,-0.042280462816804976,-0.036263760592446626,-0.026487183535463643,-0.03772634216076476
레딧 부정,KHC,2019-02-25,34.22999954223633,-0.02921414003427325,-0.02878485010187548,-0.060181168590118905,-0.0563174500200212,-0.05054044888612064,-0.04882328915652967
레딧 부정,KO,2023-05-17,63.150001525878906,-0.035946166316930706,-0.025975753439972715,-0.04988125811189459,-0.06575197112282782,-0.030403831152019167,-0.09631909351991363
레딧 부정,L,2024-05-02,76.52999877929688,0.015288098622860957,-0.014690287151160497,0.008754712918231045,-0.03809399650358092,0.0035280841077705016,-0.04070690468871363
레딧 부정,LEN,2025-12-01,130.22999572753906,-0.07310141254234304,-0.07804060617883124,-0.08062652779758239,-0.08130267245234313,-0.20225752285977106,-0.21216533893406953
레딧 부정,LITE,2026-02-13,562.739990234375,0.19900840917264895,0.19806962714340437,0.3918506123472494,0.385059259383828,0.1103529830805694,0.12901080589410074
레딧 부정,LLY,2024-02-07,725.3800048828125,0.04401829725226514,0.04307470918773215,0.0610163079595436,0.04214460793685615,0.07551899403481444,0.04197153117530705
레딧 부정,LLY,2024-07-03,898.0999755859375,0.04012920614877746,0.031026173660335887,-0.0547822653483272,-0.05695821849826288,-0.07310987075987108,-0.057786888367050926
레딧 부정,LULU,2020-06-11,308.1199951171875,-0.016681761042169563,-0.053839586703453235,-0.042158868104079095,-0.06458001537259273,0.020349278302647322,-0.036135907864638606
레딧 부정,LULU,2022-09-02,314.1700134277344,0.12276784912036964,0.07501644321416312,0.07292221461422521,0.08232972668152194,-0.07024861183734621,-0.004905950403212955
레딧 부정,LULU,2024-04-05,356.8699951171875,-0.05811637436082151,-0.043495332601368286,-0.012329402742417561,0.03255609644247348,-0.0048196857237557955,0.00895263499790555
레딧 부정,LULU,2024-07-26,253.5,-0.06903353057199213,-0.047837479628645596,-0.058303742719119866,-0.03727293646739971,0.059368788137943884,0.026876681823051918
레딧 부정,LULU,2025-06-27,235.02000427246094,0.010850153201433788,0.0014666340144815493,-0.026082906864838273,-0.04218286433249108,-0.07841889030520244,-0.11424532061046755
레딧 부정,LUV,2022-12-29,33.380001068115234,0.05092872104678592,0.03882778191337244,0.10814860679557792,0.06887258587260425,0.0626123452879177,0.01788567674189112
레딧 부정,LUV,2024-04-26,27.030000686645508,-0.03255645748281499,-0.03851797072619245,0.012208653915021683,-0.012542490869406286,-0.007029246364447572,-0.048700816562441296
레딧 부정,LVS,2020-03-06,54.86000061035156,-0.10663511162474393,-0.012034207505814631,-0.21053589333867362,0.020285025022339753,-0.30878604179617586,-0.14315035824539302
레딧 부정,LYV,2020-03-09,47.2599983215332,-0.23169693899995358,-0.1063277105950926,-0.21011419473440995,-0.023117834074808274,-0.26978418224341494,-0.23561569134388038
레딧 부정,MAR,2020-03-19,66.80000305175781,0.23967056550029064,0.1536449608570405,-0.05688627063105822,-0.10395295219425216,0.2613772198624653,0.06957637501112823
레딧 부정,MCD,2023-10-27,255.75999450683594,0.047349080663308785,-0.011114955067256016,0.04703633991423306,-0.025842770852212427,0.10197060678446968,-0.004681821119719931
레딧 부정,META,2022-02-10,228.07000732421875,-0.08927083770996813,-0.061985140287688756,-0.07712549231286758,-0.05137545417608347,-0.17740169866505173,-0.11230332885465977
레딧 부정,META,2022-07-27,169.5800018310547,-0.00459959176126179,-0.038037661221624,0.0516570020771856,0.004404904317142577,-0.03726858860701687,-0.06876171800484798
레딧 부정,META,2022-10-14,126.76000213623047,0.025638942220217675,-0.02094552618189116,-0.21741878134688908,-0.305191014387417,-0.10839385659206224,-0.22270195245836966
레딧 부정,META,2023-02-01,153.1199951171875,0.19794931116211556,0.1983144375032584,0.15700110574404924,0.14926005587098534,0.13982500225214634,0.17144620629395746
레딧 부정,META,2023-03-07,184.50999450683594,0.051541976308891346,0.06796294250707313,0.09565882434959105,0.09405183746608903,0.1637310043535225,0.13761800387407774
레딧 부정,META,2023-07-27,311.7099914550781,0.0047480383269697946,0.012814501619547336,-0.019152421752138493,-0.0046106932846039506,-0.08007440293640766,-0.04559855612738273
레딧 부정,META,2023-09-29,300.2099914550781,0.050697850351128615,0.04587891728840909,0.048232941602461166,0.03882901882161227,-0.011591820951338039,0.02770830508679889
레딧 부정,META,2023-12-08,332.75,0.006521452825648089,-0.013317691292251244,0.062028593984785774,0.032802211254047586,0.07416977513382794,0.044443585840232336
레딧 부정,META,2024-01-11,369.6700134277344,0.03727648518613402,0.02451278938606638,0.06619417407922024,0.04297595760628847,0.2662914717129792,0.21412393568881583
레딧 부정,META,2024-02-26,481.739990234375,0.03414707630775693,0.021676478706268876,0.0038402585233074937,-0.0066145106362001105,0.044173203825042195,0.01693940560209306
레딧 부정,META,2024-04-01,491.3500061035156,0.056782321257581314,0.06337034527001184,0.01807266667855023,0.051989400722425305,-0.11952785235939356,-0.09635492412234481
레딧 부정,META,2024-04-29,432.6199951171875,0.07641809886673978,0.06365487533071423,0.08180392734471531,0.06053196789313908,0.10933387001156603,0.0706129350342426
레딧 부정,META,2024-11-05,572.4299926757812,0.02164459376162542,-0.013382303723127098,-0.019810223023613238,-0.04339263207176014,0.07223597147278404,0.01855128223718605
레딧 부정,META,2025-01-17,612.77001953125,0.07688036922498287,0.07388499124018888,0.13820846278705257,0.13789050964944338,0.16906828383214356,0.145791111325152
레딧 부정,META,2025-10-10,705.2999877929688,0.01647525211725709,-0.0009361514800616533,0.04687366812814697,0.009769169423585522,-0.11851689673479648,-0.14600449379921687
레딧 부정,META,2025-11-21,594.25,0.07845182182109811,0.046222652754195126,0.12208664332009889,0.08475909450994301,0.11316785864535128,0.07401943346585682
레딧 부정,META,2026-01-28,668.72998046875,0.0003888112888892348,0.013661338244650323,-5.978201742307121e-05,0.0049155724770234555,-0.017525714481814947,-0.008725284141034573
레딧 부정,MGM,2020-02-14,31.520000457763672,-0.05774110623072459,-0.012776673762300073,-0.20526653320874244,-0.1208174536761929,-0.6748096493927769,-0.38526581576491936
레딧 부정,MGM,2020-03-20,9.109999656677246,0.33809001534358396,0.2304851430148973,0.16136117699536467,0.07661467729683902,0.48518114630819675,0.25445565425393757
레딧 부정,MGM,2020-06-15,19.450000762939453,-0.08637533363890137,-0.09800212883886028,-0.13521855860933996,-0.1267834619121958,-0.16915171138688068,-0.20780999540143374
레딧 부정,MGM,2020-08-11,21.5,-0.02558135986328125,-0.04312951812553978,0.02744186756222744,-0.006572578770206894,0.07488374931867736,0.053880080423408305
레딧 부정,MGM,2023-09-15,41.08000183105469,-0.11051608357269593,-0.08130801394220522,-0.10516074286675792,-0.06932163714049089,-0.11295041376648784,-0.08617820263828524
레딧 부정,MRK,2023-03-03,106.87999725341797,0.007578641549435217,0.05280489323522952,-0.026010468289078936,0.009121554079756788,-0.004584560968950213,-0.017449827738592938
레딧 부정,MRNA,2020-07-21,80.86000061035156,0.0077912100997103995,0.019606219553295445,-0.029680948649061234,-0.045218894069912974,-0.17103638049297998,-0.21297356542042745
레딧 부정,MRNA,2023-02-27,138.27000427246094,0.041657585368160444,0.02471144087767918,0.06964626691590725,0.10074783152776356,0.0729008571605454,0.07601860215765543
레딧 부정,MRNA,2026-08-24,138.88999938964844,0.010439894554065798,0.005750755194011248,0.01036793468020969,0.007106442591348516,0.3144214728263586,0.3014412187758151
레딧 부정,MRVL,2024-03-06,81.37000274658203,-0.1688583633941344,-0.18106036575436002,-0.1945434594657136,-0.215592955235699,-0.12891735454199305,-0.13543036547719423
레딧 부정,MRVL,2025-06-10,68.83999633789062,0.016705426889250585,0.025908165556915552,0.10299250936163551,0.09629360057198832,0.06565956584708665,0.027953142835250633
레딧 부정,MSFT,2019-06-06,127.81999969482422,0.035205817869961686,0.018422113571590737,0.07142855011122062,0.032594287356147555,0.07228914008629661,0.02432564202589882
레딧 부정,MSFT,2019-10-25,140.72999572753906,0.0212463979530908,0.006193319527874719,0.03716344166210095,0.0128265842703561,0.06295744247377799,0.031923008912294826
레딧 부정,MSFT,2020-03-06,161.57000732421875,-0.016958627028256235,0.07764227709067306,-0.14990406710882553,0.08091685125218784,-0.04790496467350136,0.11773071887728148
레딧 부정,MSFT,2020-06-12,187.74000549316406,0.03946941614204924,0.02490703056039889,0.04575474638623778,0.059429522951634284,0.10296154929940338,0.06801856523774341
레딧 부정,MSFT,2020-07-15,208.0399932861328,0.017833141865009283,0.0022669490638957956,-0.0191309164390574,-0.029290894539601986,0.005527827304299793,-0.042910874085304807
레딧 부정,MSFT,2020-09-01,227.27000427246094,-0.07031289077273306,-0.033982779210474545,-0.0977691767632689,-0.058688069160419465,-0.07453690378382649,-0.024310042897502937
레딧 부정,MSFT,2022-01-18,302.6499938964844,-0.04678673037393988,0.0014508859697748289,0.02018838920324062,0.02794316609446279,-0.0072030157599370925,0.01555757998833962
레딧 부정,MSFT,2022-06-13,242.25999450683594,0.04738715118729275,0.04720046498937602,0.05869733675359656,0.04363068636297163,0.043176780942146165,0.032963483416104555
레딧 부정,MSFT,2022-11-04,221.38999938964844,0.1161750814924376,0.057293712280996,0.0895704498203358,0.03727872042849878,0.130132334965537,0.06838133228856935
레딧 부정,MSFT,2023-02-10,263.1000061035156,-0.01915624640061353,-0.017244672135927175,-0.04918282835886767,-0.023915704197785104,-0.03489170551732512,0.020691136160962187
레딧 부정,MSFT,2023-10-13,327.7300109863281,-0.0032343621977236614,0.02065902727758051,0.006346646637595876,0.05459695329858949,0.12797119896095155,0.10685883429916121
레딧 부정,MSFT,2023-11-21,373.07000732421875,0.015493067429228402,0.012536780072091691,-0.01144562534489435,-0.014732895157739123,-0.006567164765142963,-0.03963800800489026
레딧 부정,MSFT,2024-01-04,367.94000244140625,0.04536066296315289,0.025950443506054688,0.08351908132419439,0.05109741993046568,0.11762787001173947,0.05969684922134544
레딧 부정,MSFT,2024-02-05,405.6499938964844,0.023690412951399953,0.006575351734704249,-0.007050376912596024,-0.015597777332847063,-0.007395538136666491,-0.03709811705331012
레딧 부정,MSFT,2024-03-11,404.5199890136719,0.031642486547467596,0.028552229592300415,0.045337676347239286,0.028732253150119513,0.053792174321673825,0.0380669189545213
레딧 부정,MSFT,2024-07-31,418.3500061035156,-0.047615664245515554,0.010752964785482488,-0.00356166064351493,0.009255821954634036,-0.01852515808995192,-0.03212329586445417
레딧 부정,MSFT,2025-02-03,410.9200134277344,0.003163603013941252,-0.008680343359012355,-0.003114958477246299,-0.026066880211099264,-0.05429287293668261,-0.019312807867369775
레딧 부정,MSFT,2025-07-22,505.2699890136719,0.014447757573722297,0.00427057256729424,0.04449108689437686,0.045906369579186146,0.008906129589814737,-0.008506350870219004
레딧 부정,MSFT,2026-05-01,414.44000244140625,0.0016407505833788694,-0.02190739363117622,0.01804847732425552,-0.007650485929304063,0.11118614588556874,0.05860867786412749
레딧 부정,MSFT,2026-06-29,368.57000732421875,0.05499630629423691,0.045940946007251515,0.044387728318791675,0.029772320640190086,0.06723281408380788,0.06742176772542396
레딧 부정,MSFT,2026-07-31,464.7200012207031,0.07589513883849719,0.040782788009122495,0.06601823161299825,0.02678286434646271,0.10503104653976614,0.07515280147099612
레딧 부정,MU,2019-09-26,48.599998474121094,-0.10576130763430835,-0.08360647069065308,-0.10946501773363337,-0.09680505219280844,-0.030864198499897744,-0.042210983406253066
레딧 부정,MU,2024-06-27,132.22999572753906,-0.00476434730680575,-0.019900646161350677,0.009982661777730328,-0.014945491742607508,-0.17257802921245236,-0.16904563780547677
레딧 부정,NCLH,2020-03-12,9.649999618530273,-0.14715027279039583,-0.11651867356094281,0.6279793429193583,0.5752204393504647,0.35854924092462737,0.2372723414741491
레딧 부정,NCLH,2020-06-25,16.079999923706055,-0.006840774701440067,-0.022718454174037506,0.019900478628265272,-0.01341655417155252,-0.10572138167481582,-0.14974285071861326
레딧 부정,NEE,2025-10-16,85.05000305175781,-0.021164056286540167,-0.0379962112735569,-0.04009410393594215,-0.0691416972029324,-0.012463317459767809,-0.029719255831852087
레딧 부정,NFLX,2019-06-13,34.34299850463867,0.06341908099592453,0.04173250364079473,0.07742481764862119,0.07079447882423828,0.08682999121052304,0.048602185983879
레딧 부정,NFLX,2019-08-09,30.89299964904785,-0.01984264944699976,-0.010344024318229894,-0.05661478552375898,-0.033399679814181904,-0.047227515953894406,-0.06979118511244975
레딧 부정,NFLX,2020-01-22,32.599998474121094,0.05263814411926937,0.06688333417441084,0.13395707927105116,0.12936967952918055,0.18404908836922163,0.1671177914200308
레딧 부정,NFLX,2020-03-19,33.202999114990234,0.09324460903861431,0.007219004395364159,0.11459809073265093,0.06753140916945699,0.273860872864063,0.08206002801272594
레딧 부정,NFLX,2020-04-17,42.29600143432617,0.004799487140774605,0.017603049937949367,-0.018181411504681333,-0.004749908899444488,0.07383670271490517,0.07509268879759567
레딧 부정,NFLX,2020-06-01,42.59199905395508,-0.01509667909422796,-0.07286144793467586,-0.0009860963990284688,-0.0058952767620672475,0.05005634900539957,0.05362367475057084
레딧 부정,NFLX,2020-07-20,50.24100112915039,-0.013455195701687184,-0.010063465069367727,-0.0075436716807727455,-0.021326358902515774,-0.03992755864163944,-0.08183060511112505
레딧 부정,NFLX,2022-01-24,38.71500015258789,0.10329331095325056,0.08039860513281205,0.03861549595744562,0.021745694462553367,-0.025235727401133445,-0.0018863524029981704
레딧 부정,NFLX,2022-04-20,22.618999481201172,-0.1664529588400918,-0.10474981978620335,-0.09805917427208499,-0.06286771422577919,-0.21663202311856022,-0.09779051490195378
레딧 부정,NFLX,2022-09-26,22.406999588012695,0.06680946883229533,0.060496197694028364,0.026375668948896536,0.03815137802542801,0.26054364076232317,0.22057768414250245
레딧 부정,NFLX,2023-01-19,31.577999114990234,0.15545634727686686,0.1140041428091012,0.16185319539796117,0.08944689890192303,0.11061498918275148,0.06007983224934699
레딧 부정,NFLX,2023-03-24,32.8390007019043,0.05204176732728527,0.017575526901669303,0.032278617982802515,-0.002743454920703492,0.0019184422179492344,-0.040734760265468406
레딧 부정,NFLX,2024-04-01,61.430999755859375,0.022952578551802327,0.029540602564232854,-0.011655346748661533,0.02226138729521354,-0.08923830745698769,-0.06606537921993894
레딧 부정,NFLX,2026-04-21,92.58000183105469,-0.0033485113616005258,-0.014156921154306668,-0.0506589149778246,-0.07862448986062043,-0.03510477355499286,-0.07721641237334442
레딧 부정,NKE,2019-02-22,84.76000213623047,0.028315260327878455,0.023729752295613915,0.00047193150683333407,0.017237794327517153,-0.03032090172312163,-0.030714916718431517
레딧 부정,NKE,2020-03-25,79.01000213623047,0.0027844730382844407,0.005377768581294573,0.07961018536212672,-0.030767083709644316,0.10555620949750955,-0.02528375226988344
레딧 부정,NKE,2022-09-30,83.12000274658203,0.048604436742435864,0.03289802545351206,0.053296440793945354,0.052036537618350254,0.128849840358229,0.039707119626969156
레딧 부정,NKE,2023-12-22,108.04000091552734,-0.013791168559268208,-0.011679904940802843,-0.04905593305114553,-0.04954154687842749,-0.06738243907447616,-0.09216871776810343
레딧 부정,NKE,2024-10-03,82.0999984741211,0.0,-0.014634915028361783,0.015834385821183572,-0.009754653089561138,-0.06053594778408833,-0.061980080279670835
레딧 부정,NKE,2025-06-27,72.04000091552734,0.06232645484047694,0.0529429356535247,0.002915034450359011,-0.013184923017293793,0.09994443165936051,0.0641180013540954
레딧 부정,NKE,2026-08-19,41.04999923706055,-0.059926897203246066,-0.056052062368239675,-0.06845304776660854,-0.06338189021525586,-0.11425088218941515,-0.10585098882197463
레딧 부정,NOC,2020-01-09,372.3599853515625,0.030669282084518912,0.017597126532594487,0.024922198039387222,0.018432085818967714,-0.02938009548340481,-0.046370814645351754
레딧 부정,NOW,2023-02-07,92.6520004272461,-0.0041229955361800075,0.002018741446826011,-0.05055474340878596,-0.010452636425046347,-0.035163873632945375,0.004022977972345854
레딧 부정,NOW,2026-06-15,104.1500015258789,-0.07882860263264291,-0.05067656903714968,-0.046759507203386286,-0.03608160969519214,0.005568908521912608,0.005595430428562809
레딧 부정,NSC,2023-02-15,238.2899932861328,-0.06055643578139713,-0.028380951529190956,-0.0406227409816482,-0.0015628516183706642,-0.12946406359449025,-0.08629766627934121
레딧 부정,NVDA,2019-01-30,3.4347500801086426,0.11361815517090834,0.09433418805434735,0.1127447230693388,0.08505205532900262,0.12278908811689493,0.08130614222954313
레딧 부정,NVDA,2020-02-24,6.831999778747559,0.011526659260056471,0.05287029965051715,-0.10187348432153509,0.04758994981546305,-0.22171400071274316,0.086796675848552
레딧 부정,NVDA,2020-05-18,8.750249862670898,-0.0037142101698668384,-0.017544673126699495,0.00857116201733743,-0.035767775515766376,0.03637035598392302,-0.024510970982443592
레딧 부정,NVDA,2020-06-17,9.236000061035156,-5.4106251461072397e-05,0.024235206574274137,0.03183192615777042,0.03548980536922508,0.09730947371551335,0.0680147141200187
레딧 부정,NVDA,2020-09-18,12.189249992370605,0.056156017886992426,0.06196271060012559,0.07162049720080543,0.06197282594633413,0.13308854968819817,0.08276338726388865
레딧 부정,NVDA,2022-03-21,26.733999252319336,0.055547267594941996,0.029624117582704557,0.023415926368663964,-0.004509933203921124,-0.16967155775251908,-0.17113422314791193
레딧 부정,NVDA,2022-05-26,17.85099983215332,0.048680717571680576,0.035776987049780384,-0.04912883925904987,-0.010861809432373137,-0.05501094393510464,-0.013758565949323565
레딧 부정,NVDA,2022-09-02,13.647000312805176,0.06287094467424237,0.015119538768035845,-0.019418211859649537,-0.010010699792352806,-0.08316847679829309,-0.017825815364159836
레딧 부정,NVDA,2022-10-27,13.175999641418457,0.01859440590670114,0.04220091404227222,0.19535522378812398,0.1566426835760879,0.23482095480780774,0.1760021355548611
레딧 부정,NVDA,2023-02-10,21.264999389648438,0.0057842041929561105,0.007695778457642466,0.1051493122602023,0.13041643642128486,0.07999060721586826,0.13557344889415557
레딧 부정,NVDA,2023-03-16,25.541000366210938,0.0646019965887128,0.07202410669083203,0.07211929946142281,0.05295788688372083,0.04764884055070473,0.006372410498065806
레딧 부정,NVDA,2023-04-18,27.66699981689453,-0.05154156954242661,-0.03191383228226874,0.01962624322014661,0.027762201276950282,0.05587882810602007,0.06543917560311219
레딧 부정,NVDA,2023-05-18,31.67799949645996,0.19893933158502075,0.20986416275125397,0.24146095995428807,0.2207324762730718,0.3476861551040904,0.2994310685439592
레딧 부정,NVDA,2023-06-22,43.025001525878906,-0.05120285535289115,-0.05486823655868878,-0.012132554452418787,-0.016805936463610505,0.029843033968492527,-0.006055301830427462
레딧 부정,NVDA,2023-07-28,46.75,-0.04427806833848591,-0.022151622632382906,-0.1260962664762283,-0.10143107519536432,-0.01565772071879179,0.02143851430903121
레딧 부정,NVDA,2023-08-28,46.834999084472656,0.03657523827706499,0.021939814287034398,-0.04195580636275387,-0.04925091070259646,-0.10513504606877255,-0.06701054405751838
레딧 부정,NVDA,2023-10-17,43.9379997253418,-0.006258854012425541,0.022157238008692515,-0.07187402625940442,-0.031004393546116504,0.13013788839688,0.10098779827966364
레딧 부정,NVDA,2023-12-05,46.566001892089844,0.023429101897124882,0.007003346531936128,0.06524069226520712,0.025293276604770654,0.03075203256361636,0.007361772964364466
레딧 부정,NVDA,2024-01-11,54.821998596191406,0.08516658736486393,0.07240289156479629,0.11325744760827483,0.09003923113534307,0.3157674853516652,0.26359994932750186
레딧 부정,NVDA,2024-04-02,89.4520034790039,-0.04581235794355709,-0.04673746095008313,-0.02277201721876121,0.006736168895870809,-0.034096531470910074,-0.001600935532940495
레딧 부정,NVDA,2024-05-02,85.81700134277344,0.03414242235606291,0.004164036582041453,0.09953738400594725,0.05268867458413529,0.2775207886484299,0.23328579985194575
레딧 부정,NVDA,2024-05-31,109.63300323486328,0.10266066714697897,0.09006985858768268,0.20292248676514113,0.17370195028721125,0.13378270579228668,0.09970789701540861
레딧 부정,NVDA,2024-07-08,128.1999969482422,0.0018721177759539742,-0.009383464399248753,-0.03634942389738283,-0.03521485242069877,-0.2164586634990594,-0.1482047692215117
레딧 부정,NVDA,2024-08-07,98.91000366210938,0.19381253118170694,0.14543781912642162,0.29916080519999033,0.21825997586037293,0.0839146205141923,0.02424159037965623
레딧 부정,NVDA,2024-09-09,106.47000122070312,0.0968347651017869,0.06676566951704799,0.09195079180316257,0.04938200479554977,0.19958673575996855,0.16044027852138587
레딧 부정,NVDA,2024-10-10,134.80999755859375,0.015725800427123904,0.004929676895265578,0.041539991135165266,0.03614192936923599,0.10436916830373333,0.07055738918503884
레딧 부정,NVDA,2024-11-15,141.97999572753906,-0.0002112887744724068,-0.016873704080703766,-0.023594808744432094,-0.05411978507018966,-0.07029156238806178,-0.1062112858662414
레딧 부정,NVDA,2024-12-23,139.6699981689453,-0.03851940254416575,-0.024041295772208038,0.0031503003305979327,0.011894372344056103,0.02112119271795132,-0.0012097161710495907
레딧 부정,NVDA,2025-03-12,115.73999786376953,0.015379288164425242,0.0005994469888528364,-0.017107272888233438,-0.03449956773892249,-0.01218244391514911,0.006158136344220022
레딧 부정,NVDA,2025-04-16,104.48999786376953,0.018566393732111663,-0.021440512578581927,0.06814051959178768,0.0057237497503970225,0.29036275803968725,0.16708905994833922
레딧 부정,NVDA,2025-05-27,135.5,0.042214031149100606,0.03385743428301291,0.0624354739030788,0.042254483996825964,0.1388191701741237,0.11180408086755689
레딧 부정,NVDA,2025-06-26,155.02000427246094,0.027867319999791418,0.005852787753114708,0.0638626862574736,0.0446592605399736,0.1192103936151292,0.07797617610145968
레딧 부정,NVDA,2025-08-08,182.6999969482422,-0.012315271141670636,-0.022139825957550374,-0.02577992081966174,-0.03853927449721717,-0.07876299742755355,-0.09704672345156007
레딧 부정,NVDA,2025-11-10,199.0500030517578,-0.06254708242835283,-0.0394048843261714,-0.08289374401923322,-0.06424203304376974,-0.07073600409538072,-0.073083937266614
레딧 부정,NVDA,2026-02-26,184.88999938964844,-0.008383379614228081,0.0032080760304437073,-0.009465087380480464,0.02425026246130013,-0.07382764855614254,-0.009690173261745039
레딧 부정,NVDA,2026-05-19,220.61000061035156,-0.03630839256912677,-0.059109752673313976,-0.026562715172199658,-0.05451579097880899,-0.07234489220666052,-0.08219870995482892
레딧 부정,OMC,2020-03-23,48.29999923706055,0.1370600214586597,-0.03652148774955255,0.11180127559371655,-0.07617804253585359,0.06293997854134026,-0.1617292848913392
레딧 부정,ON,2023-05-23,82.54000091552734,0.01284222857809958,0.003762053256605169,0.08117272684669663,0.05108267017961654,0.07765926776854437,0.02351641566873175
레딧 부정,ORCL,2023-09-13,111.83999633789062,0.009209642725483969,0.026835216497768433,-0.06455645411052746,-0.018734363843400437,-0.019670931869450015,0.003150510468998391
레딧 부정,ORCL,2024-06-12,140.3800048828125,0.018022501006527802,0.007604267666332154,-0.0014247912813382113,-0.010679279793952445,0.03127225557025137,-0.003141083773095188
레딧 부정,ORCL,2024-09-10,155.88999938964844,0.07428316041050431,0.048262223679470306,0.06357049009500115,0.022552959405868434,0.11854510103209481,0.07412008261166414
레딧 부정,ORLY,2020-03-23,17.39466667175293,0.21949261032159106,0.045911101113378816,0.27790125128634746,0.08992193315677732,0.37321787777493287,0.14854861434225342
레딧 부정,OXY,2020-07-06,18.18000030517578,-0.11111113442548104,-0.10414065172506459,-0.13696373393808947,-0.15989393362633952,-0.1611661306926172,-0.1981950573728456
레딧 부정,OXY,2025-06-27,42.599998474121094,0.017605634433428774,0.008222115246476536,0.057981251389096045,0.04188129392144324,0.06924884668086406,0.03342241637559895
레딧 부정,OXY,2025-10-03,44.849998474121094,-0.06020060290080309,-0.03600789521587877,-0.08807128389360763,-0.08086875080838785,-0.08138233746624823,-0.10058404569539159
레딧 부정,PANW,2022-05-20,79.77999877929688,0.05874490433324375,-0.007035463096418448,0.07382802055365412,0.016953541215815715,0.043202188329952484,0.08057096736680547
레딧 부정,PANW,2024-03-07,143.2449951171875,0.0038046576670931476,0.0035326842223242227,0.003979247747905035,-0.010375591286852393,-0.06101427995599351,-0.06804599094520258
레딧 부정,PANW,2024-04-05,134.5050048828125,0.037396368883665376,0.0520174106431186,0.03234073593407549,0.07722623511896654,0.1011114111075313,0.11488373182919265
레딧 부정,PANW,2024-05-21,155.8300018310547,-0.01527308512383141,-0.005373939703340547,-0.05214015211787548,-0.058369446099061806,-0.0019893316752305212,-0.0314232655046468
레딧 부정,PANW,2024-08-20,184.0050048828125,-0.04842261582930263,-0.0535416158097477,-0.05940060131261826,-0.04552911423427508,-0.10396458995773428,-0.1087972589178895
레딧 부정,PCAR,2020-06-24,48.3466682434082,0.02385545474995676,0.0027104228409275954,0.02633750648681299,-0.007501188205031095,0.1867070692118986,0.12465308734983149
레딧 부정,PCG,2019-01-15,6.909999847412109,0.1562952167228382,0.14454181750310813,0.9782923846826928,0.9505221511537743,1.2011577965292326,1.1449258634097899
레딧 부정,PCG,2019-02-28,17.030000686645508,0.1197885452687284,0.1329577106433879,0.1456253342479945,0.13672619885432669,0.01291833848996915,0.005634002216648781
레딧 부정,PCG,2020-05-27,10.930000305175781,0.08234214029290454,0.05384415349992877,0.10155531799496997,0.05058835827791186,-0.10338518599178981,-0.10523013562064332
레딧 부정,PCG,2020-07-02,9.449999809265137,-0.03809520253368559,-0.05526198715708053,-0.024338576389263844,-0.054732804683963465,-0.010581950244841987,-0.05634942141842336
레딧 부정,PFE,2020-11-27,37.22999954223633,0.0835348011977104,0.06654139385699409,0.10448561475901585,0.09725385445949097,-0.011012620264659878,-0.03438545741415178
레딧 부정,PFE,2023-02-28,40.56999969482422,-0.0056692024640481176,-0.010741577163770444,-0.01651462100037404,-0.00508273620842592,-0.014296229251177794,-0.012630646941976909
레딧 부정,PLTR,2020-10-02,9.199999809265137,0.08152174082054753,0.04255094670258597,0.05543480863643335,0.015146010545811439,0.10108699178876024,0.12295371798408461
레딧 부정,PLTR,2022-08-26,7.940000057220459,-0.06801007027222417,-0.0357631298983212,0.008816142463087262,-0.005148486330188717,-0.05163726000722946,0.049519879582135884
레딧 부정,PLTR,2023-02-15,10.109999656677246,-0.1918891836066492,-0.15971369935444302,-0.2116716062470103,-0.17261171688373278,-0.2106824638907857,-0.16751606657563667
레딧 부정,PLTR,2023-06-08,15.1899995803833,0.09282428176675728,0.06143518972603279,-0.07636602234737111,-0.08587359936562178,0.07307437046349397,0.04853635480510987
레딧 부정,PLTR,2023-10-16,17.360000610351562,-0.0668202653587705,-0.031089559954386337,-0.1538018972404973,-0.10690250313381078,0.13536857093886367,0.12585110966201207
레딧 부정,PLTR,2024-03-11,25.350000381469727,-0.05325445211655877,-0.05634470907172595,-0.03313610019516655,-0.049741523392286324,-0.1001972732664741,-0.11592252863362662
레딧 부정,PLTR,2024-05-07,21.399999618530273,0.0018692016934760414,-0.010042414058631044,-0.007476628517019468,-0.03497396057474467,0.07289717260516104,0.03899925760116352
레딧 부정,PLTR,2024-08-07,26.31999969482422,0.17781156380849406,0.12943685175320874,0.23632223756926085,0.15542140822964345,0.1458966640240129,0.08622363388947685
레딧 부정,PLTR,2024-10-08,41.45000076293945,0.023642931826253433,0.012110495404587418,0.03594687180565126,0.018238295437908114,0.2335343818336113,0.22737559926975126
레딧 부정,PLTR,2024-12-12,73.19999694824219,0.013797843966368184,0.043963549770116184,0.08032793890647416,0.09574998821837055,-0.0995900763669072,-0.06295444017088814
레딧 부정,PLTR,2025-01-28,80.2300033569336,0.29415427504256164,0.29868678041186214,0.4037142968267027,0.40240751127482577,0.11317454595214649,0.12968357986577084
레딧 부정,PLTR,2025-05-12,118.45999908447266,0.06643595143851067,0.04609257410746159,0.04161742650074007,0.027620558087258384,0.12113792491158337,0.08667759593167745
레딧 부정,PLTR,2025-06-26,144.25,-0.06856152089877598,-0.0905760531454527,-0.014904637064016457,-0.03410806278151646,0.10086657228254992,0.0596323547688804
레딧 부정,PLTR,2025-08-11,182.67999267578125,-0.04735052684086927,-0.0589557681937819,-0.139643067273989,-0.1499430860955302,-0.11123271775849819,-0.133892855145191
레딧 부정,PLTR,2025-11-06,175.0500030517578,-0.01662384239575798,-0.01920470867412305,-0.1102828197544351,-0.08375782635365481,0.03833185568750985,0.015387240600714724
레딧 부정,PLTR,2026-01-06,179.7100067138672,-0.004173390306496105,-0.00700656990721471,-0.08001783064706147,-0.07075231964382056,-0.22352685953483242,-0.2154032488078691
레딧 부정,PSKY,2025-08-14,14.380000114440918,0.11474273707046767,0.12931754788703842,0.02155768174376238,0.015402211353833017,0.3066759920716373,0.287356725924387
레딧 부정,PYPL,2022-02-22,103.16999816894531,0.032373791088139425,0.03141933976444644,-0.08015892982302797,-0.04915116136361253,0.1424833269218908,0.09587860901251921
레딧 부정,PYPL,2022-04-28,92.08999633789062,-0.07232051577327048,-0.03959570784476352,-0.19328913161265304,-0.11037849038612335,-0.1267238422523823,-0.07413040093871048
레딧 부정,PYPL,2022-10-10,84.5199966430664,0.0016564957951219483,-0.017231395205532074,-0.0141977874574446,-0.06655600833056341,-0.0811641416637443,-0.1365222434401503
레딧 부정,PYPL,2023-08-09,62.02000045776367,-0.03772976677388862,-0.024022564639143762,-0.00419223047906192,0.0019098474137101418,-0.005965800212090255,-0.003946744919921197
레딧 부정,PYPL,2023-10-26,51.75,0.06396137919402922,0.0198212203975765,0.04888886530042269,-0.0027170228946482577,0.07748789027117309,-0.026135915970346923
레딧 부정,PYPL,2024-10-21,80.55999755859375,0.03761170396129998,0.04240924310346761,-0.030163857731107413,-0.006484459467487214,0.05101788399834839,0.043273217868378566
레딧 부정,PYPL,2024-12-24,88.25,-0.023456087193475583,0.004250504329468829,-0.055410757956356194,-0.02080241273590233,0.022549550864243928,0.02575925103880261
레딧 부정,PYPL,2026-02-05,39.900001525878906,-0.020551370011662073,-0.02593790588776368,0.04385964744550108,0.026431003598367697,0.17719296803130846,0.18492590134516207
레딧 부정,QCOM,2024-11-08,170.91000366210938,-0.06090927060472162,-0.0401131984693891,-0.08261664076663378,-0.07813647114687527,-0.05950499064438319,-0.07035436995177258
레딧 부정,RCL,2020-02-27,77.0,-0.14571430156757303,-0.1623523356738965,-0.6068831109381341,-0.44083824678653727,-0.4725973946707589,-0.3505510891121716
레딧 부정,RCL,2020-05-28,51.70000076293945,0.11586069198017102,0.08816823366068349,0.054351982923142694,0.06214158539081882,-0.060348140925392424,-0.074805033902139
레딧 부정,RCL,2022-01-07,81.0199966430664,0.03863249830287874,0.04157183432800626,-0.02826454432257486,0.02805505104795125,0.011602104176175576,0.052001998445982855
레딧 부정,RDDT,2024-03-21,50.439998626708984,-0.02220457895277783,-0.02387059790499979,-0.05709748873571441,-0.04987799535555082,-0.18953207412522688,-0.13775113212440282
레딧 부정,RDDT,2024-06-04,54.5,0.12935778416624855,0.11315763404742185,0.10477062540316795,0.06673058863352743,0.35082573846939513,0.30716479355246995
레딧 부정,RDDT,2024-11-08,134.8000030517578,-0.07433237422564198,-0.05353630209030946,0.0880563416057929,0.0925365112255514,0.24013348949820656,0.22928411019081718
레딧 부정,RDDT,2025-01-10,167.0800018310547,0.049377543150508796,0.01993685141942736,0.08229590525084807,0.04977164953510416,0.346241262932367,0.3042767402681139
레딧 부정,RDDT,2025-02-13,204.9499969482422,-0.1880946749245045,-0.17203842323778673,-0.2106367348707373,-0.18513366254187757,-0.37443274641157875,-0.2974806784255418
레딧 부정,RDDT,2025-03-19,109.91000366210938,0.09362199020361062,0.09104758581645789,-0.003730358006081347,0.0008717355687450912,-0.13219912587174731,-0.05907650604695014
레딧 부정,RDDT,2025-04-30,116.56999969482422,-0.09470705108029198,-0.1066269245765773,0.07506219458614716,0.01546315729817116,-0.06468217324583325,-0.1287172494759442
레딧 부정,RDDT,2025-07-03,157.02999877929688,-0.07285233732622631,-0.07010178296473679,-0.05597652266741082,-0.05955855826113232,0.201299120270509,0.20708806068193164
레딧 부정,RDDT,2026-02-12,131.07000732421875,0.14572358112012807,0.13374599086869488,0.11245891058748247,0.10553071682024084,0.009842017349872112,0.037701810030849825
레딧 부정,RDDT,2026-05-26,144.63999938964844,0.1693169634714251,0.15735306820576223,0.23140211118597742,0.24944130512414475,0.11117257950020076,0.13428777687869542
레딧 부정,REG,2022-08-22,63.56999969482422,-0.02202299091709592,0.003911449780646614,-0.03507943295488003,0.01957157951476385,-0.10539563937554897,-0.03460814854798766
레딧 부정,ROST,2022-05-20,71.87000274658203,0.21483225576676368,0.14905188833710148,0.13162653016487535,0.07475205082703695,0.044942195688070674,0.08231097472492366
레딧 부정,ROST,2026-05-12,217.6699981689453,-0.022924636078193283,-0.016896279510439816,0.07258695816910232,0.05595140936160625,0.06546607304576635,0.0827382832472151
레딧 부정,RTX,2020-08-20,60.9900016784668,-0.0014756542074283452,-0.031184734937104164,-0.002131514421012559,-0.023149652929932873,0.022298684345412267,0.0448539785110319
레딧 부정,RTX,2024-01-03,85.61000061035156,0.005490027068710157,-0.011084534829034043,-0.0016353158351865016,-0.018060541520676487,0.07662653325341218,0.03308890811191212
레딧 부정,SBUX,2020-03-09,70.83000183105469,-0.17280815137717942,-0.04743892297231844,-0.20160951891622314,-0.014613158256621461,-0.04291967862401613,-0.00875118772448158
레딧 부정,SBUX,2020-04-29,76.86000061035156,-0.05074162756841882,-0.020183352897718,-0.042154538616191006,-0.002558393566880035,0.021857927294233193,-0.01142882980838178
레딧 부정,SBUX,2020-06-12,76.37999725341797,-0.01283052844696464,-0.02739291402861499,-0.06297457098139014,-0.049299794415993636,-0.04883471932007888,-0.08377770338173884
레딧 부정,SBUX,2020-08-26,82.41000366210938,0.07207856507768629,0.04293334348391653,0.02997201166785346,0.06933096781340009,0.007644669644731872,0.07689692621750877
레딧 부정,SBUX,2023-02-02,109.1500015258789,-0.02840126826187994,-0.005151586247898465,-0.014750348949558512,0.0056441038190377935,-0.04214382418520135,-0.011936049400505966
레딧 부정,SBUX,2024-02-02,92.98999786376953,0.046349126648034256,0.032492535125951294,0.0024734203916270125,-0.007964535709113596,-0.00569952458836831,-0.04200979356345236
레딧 부정,SBUX,2024-05-02,74.93000030517578,0.010009342011816136,-0.01996904376220532,0.0046710059081225275,-0.042177703513689435,0.07059923787511235,0.02636424907862822
레딧 부정,SBUX,2024-10-31,97.69999694824219,-0.016171896120909635,-0.06360079667023033,0.0156602503222385,-0.027794238107980318,0.04872059657025507,-0.01091286620231502
레딧 부정,SCHW,2023-03-21,59.470001220703125,-0.09450147353663674,-0.08620386874305674,-0.15923997017518743,-0.18370666611167752,-0.06591561969361315,-0.10409468476220562
레딧 부정,SMCI,2024-02-12,77.3010025024414,0.018835477349628205,0.02725896956121321,0.10103358696217546,0.08915690214647021,0.5045083412480285,0.4729701202331025
레딧 부정,SMCI,2024-03-18,100.06800079345703,0.04208136968627829,0.02860784011280093,0.00922369302551762,-0.002436490406042102,-0.024363468048803738,-0.006171394502902161
레딧 부정,SMCI,2024-04-22,71.7020034790039,0.24173662299660847,0.22104504308659423,0.1580569528496376,0.12433805814389265,0.2606899780541332,0.19997598569085606
레딧 부정,SMCI,2024-08-28,44.3489990234375,-0.06514239334777472,-0.04957728026984154,-0.0030665353268722884,-0.004481615176010645,-0.09265141120319731,-0.11772753569917627
레딧 부정,SMCI,2024-10-02,42.0,0.12595240275065112,0.1113969242320525,0.1607142857142858,0.13708808104618964,-0.21261905488513766,-0.23221970302559636
레딧 부정,SMCI,2024-10-31,29.110000610351562,-0.12469945008604366,-0.17212835063536436,-0.3813122689362827,-0.4247667573665015,0.12126412591147795,0.06163066313890786
레딧 부정,SMCI,2024-12-12,37.93000030517578,-0.1763775502301993,-0.1462118444264513,-0.1568679334317732,-0.1414458841198768,-0.19509621827027768,-0.15846058207425862
레딧 부정,SMCI,2025-01-30,28.639999389648438,0.18156427631834826,0.17944866521270142,0.47625697207865314,0.46850541414574187,0.4476256972078654,0.4655749001464383
레딧 부정,SMCI,2025-03-05,38.900001525878906,0.09177376747528432,0.13326178336163452,0.030848249387442017,0.0581696103837096,-0.09794347619128874,-0.06614575708009107
레딧 부정,SNDK,2026-05-06,1409.97998046875,0.02641881481722619,0.014863031773110436,-0.012354729936809972,-0.0224660401004112,0.2480177577598861,0.2163210306924006
레딧 부정,SPG,2020-05-19,56.869998931884766,0.11113064556927288,0.07153754521559841,0.2815192302132614,0.21229981941563913,0.26024265016756964,0.1928042066319875
레딧 부정,SYY,2020-03-17,35.060001373291016,0.11180827197375987,0.14998077608285876,0.3014831511922451,0.2819024672979149,0.3148886670963007,0.21615446451499398
레딧 부정,TGT,2019-08-26,104.7699966430664,0.018516774874160813,0.009002919893692063,0.03875160177603165,0.003577973710710447,0.025579845290117698,-0.0017465266445610972
레딧 부정,TGT,2022-11-17,162.00999450683594,0.008456332463604666,-0.012064153885537943,0.013270842714476538,-0.01886697623230771,-0.0960434422947728,-0.06821774857409901
레딧 부정,TGT,2023-06-20,132.72000122070312,-0.0015823290531618017,0.0007278847374219133,-0.0012808782955224807,-0.014890861155474333,-0.00015072537881966053,-0.041369490722946156
레딧 부정,TJX,2020-03-20,37.369998931884766,0.2523414657400467,0.14473659341136003,0.09606637022204567,0.011319870523520015,0.27883334978508767,0.048107857730828485
레딧 부정,TMUS,2020-06-26,105.19999694824219,0.015019029247995475,-0.04163819685304282,-0.0064638814154180935,-0.05575569660164903,0.003992450670378567,-0.07322806047898833
레딧 부정,TMUS,2024-05-23,164.97000122070312,0.060556497661651054,0.05787573660448353,0.09001640294376134,0.07471108037803353,0.07868094581737872,0.046777440682550964
레딧 부정,TSLA,2019-01-11,23.150667190551758,-0.12958589812151755,-0.15846836067243963,-0.1465184640444661,-0.16497548225638226,-0.09911879737183993,-0.14406428983100072
레딧 부정,TSLA,2019-02-26,19.857332229614258,-0.07157715795880903,-0.07050305548608993,-0.04868052046300053,-0.049289080199858004,-0.10102054939981042,-0.10746472720938427
레딧 부정,TSLA,2019-04-01,19.278667449951172,-0.05525974877849027,-0.0656156320367638,-0.07884364734801841,-0.09332783320299265,-0.17459713873972127,-0.20325054400213804
레딧 부정,TSLA,2019-05-03,17.00200080871582,-0.060816394985609645,-0.04064840974464656,-0.17252871764409583,-0.14467440864362613,-0.29823950001935173,-0.23205580605659704
레딧 부정,TSLA,2019-06-07,13.633333206176758,0.05095356007091989,0.045356424999469125,0.0848899793264859,0.06281451873808486,0.12635697480327135,0.09447790780411003
레딧 부정,TSLA,2019-07-29,15.718000411987305,-0.03159866706452641,0.026916507853761207,-0.028672055571580257,0.01574506282024679,-0.08809437334595027,-0.04344502737433442
레딧 부정,TSLA,2019-10-21,16.899999618530273,0.2927416805457319,0.2817079872014716,0.2523471956952157,0.227746358590462,0.38063117892093046,0.3405298449734273
레딧 부정,TSLA,2019-11-19,23.968000411987305,-0.08511352138107697,-0.09200607402739802,-0.07368160536234891,-0.07217485310466643,0.09354133152317723,0.068984527618555
레딧 부정,TSLA,2019-12-19,26.93600082397461,0.06519151164738801,0.059083716407883013,0.11756259036290473,0.10902404002302224,0.3543212958980535,0.32191246419256214
레딧 부정,TSLA,2020-01-21,36.47999954223633,0.0360014150351986,0.049312532774469564,0.6210891901956004,0.6278504045539142,0.676571599348448,0.6553219500749285
레딧 부정,TSLA,2020-02-28,44.53266525268555,0.05312956490983223,0.049079130663230996,-0.1816943009366736,-0.09076065632254282,-0.22998840754358563,-0.0853856593340957
레딧 부정,TSLA,2020-04-17,50.259334564208984,-0.03812227883286323,-0.02531871603568847,-0.06973170695238162,-0.05630020434714478,0.06006178434106002,0.06131777042375053
레딧 부정,TSLA,2020-05-21,55.17333221435547,0.008941561150598742,-0.02307146884496758,0.07015466256176461,-0.012794303288933495,0.20940074912064,0.16273766740001494
레딧 부정,TSLA,2020-07-06,91.43866729736328,0.0914857336002548,0.09845621630067125,0.197888552645884,0.17495835295763396,0.08269294518528869,0.0456640185050603
레딧 부정,TSLA,2020-08-04,99.13333129882812,-0.07572964360003587,-0.0840311350096048,0.26905853064323026,0.24306320508633483,0.5973437392735688,0.5290530990516482
레딧 부정,TSLA,2020-09-10,123.77999877929688,0.14027570849573578,0.13443551680415045,0.04429905846194648,0.07541713385386095,0.146981168499291,0.11736068361814578
레딧 부정,TSLA,2020-10-14,153.76666259765625,-0.08380657742805275,-0.06886109471912538,-0.11983524873646112,-0.05870229250554393,-0.09575110357466499,-0.12087115914888358
레딧 부정,TSLA,2020-12-14,213.27667236328125,0.01567598892489963,0.006900741688248502,0.04088586493814961,0.022238391333477603,0.335370350496877,0.29387963385433613
레딧 부정,TSLA,2022-01-06,354.8999938964844,-0.0311261244489488,-0.023838857610640085,-0.11345918086828999,-0.04943389707385826,-0.13278852848604006,-0.09167216712776072
레딧 부정,TSLA,2022-02-17,292.1166687011719,-0.07586011356571543,-0.07743884976957893,-0.04343016809618894,-0.03224180915651309,0.033137419781011035,0.01606884453562274
레딧 부정,TSLA,2022-03-24,337.97332763671875,0.0628057980750738,0.06025296795899471,0.04274504704863613,0.04656311461503926,-0.00874822004368514,0.045525975209205205
레딧 부정,TSLA,2022-04-26,292.1400146484375,0.03745919185562818,0.036786279634552166,-0.08715006741988063,-0.04627044829919902,-0.28326602836105963,-0.22988945751440404
레딧 부정,TSLA,2022-05-24,209.3866729736328,0.17863276483317558,0.13877396896228755,0.1551196896453344,0.11112267035624845,0.12265983305355888,0.16284876016808014
레딧 부정,TSLA,2022-06-23,235.07000732421875,-0.045078824849333454,-0.04293631423243538,0.0667602346894769,0.03869586411957493,0.15813731520618424,0.11309155821186612
레딧 부정,TSLA,2022-07-25,268.4333190917969,0.10745071948993301,0.06902520337896334,0.08191986310176769,0.0378821893964445,0.08001991354501925,0.03507212061307441
레딧 부정,TSLA,2022-08-22,289.913330078125,-0.01756843244335715,0.008366008254385382,-0.05344120136254349,0.0012098111071003892,0.06490450405689341,0.13569199488445471
레딧 부정,TSLA,2022-09-26,276.010009765625,-0.12177100351425918,-0.12808427465252614,-0.1922031853004369,-0.18042747622390543,-0.2346292071820737,-0.2745951638018944
레딧 부정,TSLA,2022-11-04,207.47000122070312,-0.05542970035348138,-0.11431106956492298,-0.13148888330258823,-0.18378061269442525,-0.12059576866655086,-0.1823467713435185
레딧 부정,TSLA,2022-12-05,182.4499969482422,-0.08018629689631462,-0.07858469491246967,-0.17856948411074547,-0.12959426575300037,-0.37714441605671234,-0.3375288433012825
레딧 부정,TSLA,2023-01-20,133.4199981689453,0.3333832734071509,0.30862832829222975,0.42392443662736157,0.3823209178399489,0.5613101515322891,0.5325640548806505
레딧 부정,TSLA,2023-02-17,208.30999755859375,-0.003264330487018463,0.020135950784843537,-0.0696077968889679,-0.06275711556003627,-0.12030146345493975,-0.08710395030104412
레딧 부정,TSLA,2023-04-04,192.5800018310547,-0.06251951620337115,-0.061002337026056064,-0.06225986799856076,-0.07564475321395314,-0.16600893611346812,-0.16441835106268254
레딧 부정,TSLA,2023-05-26,193.1699981689453,0.1265206951031348,0.1096643137997837,0.2933167893523241,0.2605088298748328,0.295283993816861,0.25683338471135775
레딧 부정,TSLA,2023-07-05,282.4800109863281,-0.037135444434901355,-0.04365719674012747,0.031081840972180474,0.003843768191686303,-0.10043192180897242,-0.11622864043074843
레딧 부정,TSLA,2023-08-07,251.4499969482422,-0.0464903662091215,-0.04072167646891467,-0.08021474811589302,-0.05498789419042216,0.020043719814282657,0.023305243296283473
레딧 부정,TSLA,2023-09-05,256.489990234375,0.04284775691211462,0.050082197457588795,0.03902690220572769,0.053562560030602224,-0.03883189143551724,0.02271648915735691
레딧 부정,TSLA,2023-11-21,241.1999969482422,0.012189065002505384,0.009232777645368673,-0.007587072364048875,-0.010874342176893648,0.024626876105147133,-0.008443967134600161
레딧 부정,TSLA,2023-12-22,252.5399932861328,-0.016314228346872017,-0.014202964728406653,-0.06961268329625381,-0.07009829712353577,-0.17704123166116037,-0.20182751035478763
레딧 부정,TSLA,2024-02-26,199.39999389648438,-0.05646938240470256,-0.06893998000619062,-0.10847537756321268,-0.11893014672272029,-0.13425270728728878,-0.1614865055102379
레딧 부정,TSLA,2024-03-25,172.6300048828125,-0.03475641447193967,-0.032967175691642314,0.024619126917623912,0.02548491792157037,-0.1619070347938919,-0.13474112467175814
레딧 부정,TSLA,2024-04-24,162.1300048828125,0.11015851521907227,0.12017018400665047,0.07765370973121644,0.054345902814176617,0.11089863187591331,0.06258139784652839
레딧 부정,TSLA,2024-06-11,170.66000366210938,0.08320635558145684,0.06171463798206456,0.15065036272928634,0.13470847360741156,0.41234028833442093,0.37596824658430616
레딧 부정,TSLA,2024-07-16,256.55999755859375,-0.039678799394501585,-0.020063396742477146,-0.13228875414864683,-0.09181857402545279,-0.18993606248538408,-0.14953665747174016
레딧 부정,TSLA,2024-08-14,201.3800048828125,0.10869996453911468,0.07767468616267781,0.021700243376846062,-0.00505835486309647,0.141175846590754,0.11296430294851256
레딧 부정,TSLA,2024-09-25,257.0199890136719,-0.031125924376198544,-0.029055906971691803,-0.06213519043090676,-0.07459052145113432,-0.16874172037599955,-0.1826881320549536
레딧 부정,TSLA,2024-10-29,259.5199890136719,-0.03113435155023825,-0.022419555060202878,0.26575988031915987,0.23975303160769967,0.3032907880113609,0.2708380932196548
레딧 부정,TSLA,2024-12-04,357.92999267578125,0.18674041769513106,0.1870694687774992,0.22965388173404433,0.26483793991220417,0.14670469320851076,0.1725579032796033
레딧 부정,TSLA,2025-02-03,383.67999267578125,-0.08587881129704,-0.09772275766999361,-0.07706945342132054,-0.10002137515517351,-0.29097160722998094,-0.2559915421606681
레딧 부정,TSLA,2025-03-04,272.0400085449219,-0.15240407811934364,-0.11610410416874184,-0.17177624437036298,-0.14431730074011806,-0.013159891844557792,0.014385812575819834
레딧 부정,TSLA,2025-04-03,267.2799987792969,-0.05567197302742988,-0.03308953434376494,-0.09693955320429437,-0.07776675866645744,0.07456597114188934,0.018557033420833147
레딧 부정,TSLA,2025-05-07,276.2200012207031,0.2587067958123015,0.2115892670034698,0.21142565215551534,0.17273731571613093,0.030700206172081357,-0.02614727131349004
레딧 부정,TSLA,2025-07-07,293.94000244140625,0.07811114943313968,0.07145714909230727,0.11754095225557437,0.10450681719252475,0.052119504650520065,0.03521870172766106
레딧 부정,TSLA,2025-08-06,319.9100036621094,0.06086087023795428,0.04172312127166866,0.012472227153575544,0.004049148345905307,0.0582038539090326,0.032381348356085526
레딧 부정,TSLA,2025-10-21,442.6000061035156,0.04055576466769173,0.01706365239515062,0.0037505730664655346,-0.0021336384312820034,-0.09342522714255153,-0.07672609367650207
레딧 부정,TSLA,2025-12-17,467.260009765625,0.03882203431010134,0.010552776373576878,-0.06247057704777215,-0.08000104780753337,-0.06369047028131603,-0.09386614498158108
레딧 부정,TSLA,2026-05-12,433.45001220703125,-0.06768952827126673,-0.06166117170351326,0.01594179939999818,-0.00069374940749789,-0.11964474428107852,-0.10237253407962976
레딧 부정,TTWO,2020-02-07,112.5999984741211,0.007371241938741724,-0.008884007001824346,0.003730001550948936,0.03317009312205299,0.011367662492385078,0.18587097101296235
레딧 부정,TTWO,2023-12-07,154.2100067138672,0.06277149506738722,0.03269926398493195,0.040075172859878494,0.008497142452055906,0.028078505828093236,-0.007645900528338023
레딧 부정,TTWO,2025-10-07,260.5,-0.01067178034279026,-0.00037465172801798285,-0.0008445344364803598,-0.004087574438261021,-0.030978914872240915,-0.04012524910503534
레딧 부정,TTWO,2026-06-29,247.14999389648438,0.04305083921181052,0.03399547892482513,-0.040906335666696436,-0.055521743345298025,0.0019016841283030494,0.0020906377699191347
레딧 부정,UAL,2020-02-27,64.94000244140625,-0.20557440386399328,-0.22221243797031676,-0.4290113884040726,-0.2629665242524758,-0.4525716368868876,-0.3305253313283003
레딧 부정,UAL,2022-09-26,31.899999618530273,0.028526701117329578,0.022213429979062616,0.07210035021671723,0.0838760592932487,0.3128527137595236,0.2728867571397029
레딧 부정,UBER,2019-05-10,41.56999969482422,0.008178978953185423,0.01602351112168865,-0.0014433816149025391,0.017022453898850487,0.02501806406452367,0.02199829627987837
레딧 부정,UBER,2019-08-09,40.04999923706055,-0.1203495577189424,-0.11085093259017254,-0.16529335975015214,-0.14207825404057506,-0.19500618495310018,-0.21756985411165553
레딧 부정,UBER,2019-09-09,32.2400016784668,0.06792799356991641,0.06135525254092755,0.023573147703674247,0.023539682755188807,-0.058002504400686106,-0.04083273436321555
레딧 부정,UBER,2019-10-23,33.04999923706055,0.02118005383051602,0.006974339223802861,-0.18487137198331594,-0.20894767284747173,-0.1518910337760575,-0.18820550607678643
레딧 부정,UBER,2020-02-10,40.0099983215332,0.004248987522478487,-0.0018763212961243614,-0.10297423405957506,-0.03715016551228589,-0.27593100403198545,-0.1377094782150512
레딧 부정,UBER,2020-03-20,21.329999923706055,0.2789498726779953,0.17134500034930866,0.06985465431071969,-0.014891845387805969,0.32161278175755603,0.09088728970329685
레딧 부정,UBER,2020-07-07,32.81999969482422,-0.05758681923286224,-0.0739677697983342,-0.008226705066248119,-0.04401614680892263,-0.004265673094156486,-0.056149154650123045
레딧 부정,UBER,2020-08-17,29.479999542236328,0.05291727942722613,0.03809081761393607,0.14077345964450072,0.10703668425183221,0.2710312687427092,0.2643430685085282
레딧 부정,UBER,2022-02-11,35.290000915527344,-0.017285366804373425,-0.0031411071903072463,0.020969051985598952,0.029664476420433794,-0.17058657697894575,-0.1173240970484144
레딧 부정,UBER,2024-04-09,75.13999938964844,-0.013441604264500584,0.016963556950603476,-0.05775880187841098,-0.03143589262219204,-0.06268298007361339,-0.058485197116985965
레딧 부정,UBER,2025-07-18,90.58999633789062,0.007727173042658908,-0.007442141207082198,-0.04062250606629114,-0.03128497742111147,0.022187903935147357,-0.0030837505466301263
레딧 부정,UHS,2020-09-29,102.52999877929688,0.07909880724575946,0.07139655494801178,0.06729739206114349,0.013862936404690052,0.08641373954781129,0.06881285442142371
레딧 부정,ULTA,2020-03-20,148.05999755859375,0.17823855075510697,0.07063367842642032,0.05862493636159405,-0.026121563336931608,0.4053087312923698,0.1745832392381106
레딧 부정,ULTA,2020-08-28,237.02000427246094,0.014724454356026317,0.03757224816868243,-0.012150893725838663,0.022420375546228555,-0.047590914589344946,-0.0008398598839420846
레딧 부정,ULTA,2023-03-09,519.9299926757812,-0.011713049653032992,-0.023333204473081737,-0.008058781952244631,-0.012170580601696068,0.0019618401431327204,-0.04306320070051051
레딧 부정,UNH,2019-04-18,221.75,0.068771138669673,0.057082238673618946,0.0459977314464135,0.03217106460437047,0.08852313363162345,0.10293590804071495
레딧 부정,UNH,2024-02-29,493.6000061035156,-0.030024325650252814,-0.04327029314393771,-0.009319299122032332,-0.022840842611894896,0.002228537459306512,-0.027274732002422253
레딧 부정,UNH,2024-12-05,578.969970703125,-0.10917657933231872,-0.10533595005425622,-0.15496480861376172,-0.12107432882485447,-0.11278648478722608,-0.09415992577032417
레딧 부정,UNH,2025-05-27,295.0,0.021084749900688537,0.012728153034600842,0.029796639135328373,0.00961564922907554,0.02379657292770121,-0.00321851637886561
레딧 부정,UNH,2025-07-30,266.0400085449219,-0.07615399607162476,-0.07350608664061309,0.021688425907179232,0.0052492613978813996,0.14223423215497744,0.12305259345642328
레딧 부정,UNH,2026-01-29,292.2900085449219,-0.08122077408713246,-0.05756221920557303,-0.02709642203358842,-0.0086969653734843,0.003352767594173134,0.014951505487988848
레딧 부정,UPS,2023-07-27,186.52000427246094,-0.026914026149859605,-0.018847562857282063,-0.032918717826530663,-0.01837698935899612,-0.10465367695331429,-0.07017783014428935
레딧 부정,URI,2020-04-30,128.5,-0.12272370928456344,-0.11308442876732794,-0.09680935752067121,-0.0778407209287223,0.08085602637858713,0.03321076400443346
레딧 부정,VZ,2023-11-16,36.18000030517578,0.033996670311259525,0.02273581101062394,0.06633503332324664,0.04663400295933151,0.032891061820658596,-0.00953164461797873
레딧 부정,WBD,2023-01-27,14.90999984741211,0.03420524708927841,0.017763683422950205,-0.04627763832627152,-0.052095070567813595,0.06908113638579039,0.08867781808807673
레딧 부정,WDAY,2022-09-02,158.5399932861328,0.0707077531764202,0.022956347270213673,-0.022328708439793066,-0.012921196372496335,-0.02705937597960051,0.038283285454532745
레딧 부정,WFC,2019-07-16,45.29999923706055,0.04194263924676833,0.04110869435045106,0.07174393056812978,0.06860828961398369,0.014569533300833992,0.03868725635029924
레딧 부정,WFC,2020-09-24,23.31999969482422,0.010291585517105739,-0.03156315496178719,0.084905641858811,0.02221631023810966,-0.003001702218707769,-0.06825668012152841
레딧 부정,WFC,2022-07-18,41.189998626708984,0.05608160840755971,0.02042250464556017,0.057052740159465376,-0.01840209917961322,0.11070651918726115,-0.012110529236091905
레딧 부정,WM,2020-02-13,124.2300033569336,0.0026563164512845017,0.013277531066475667,-0.10802548044518623,0.013021182132671782,-0.15221768615571685,0.048755406839690374
레딧 부정,WMT,2020-02-21,39.526668548583984,-0.09192110660830166,0.019689784583101888,-0.011384737936776412,0.09662779158400114,-0.03887671100407564,0.2750251856192334
레딧 부정,WMT,2020-07-13,43.17333221435547,0.015055625603593636,-0.015054941975482405,0.01304822652799209,-0.013568483484350136,0.018221129335382003,-0.0476218741821266
레딧 부정,WMT,2020-08-19,44.13666534423828,-0.012914425917286199,-0.043575980349076726,0.11532362295359389,0.05462320912970964,0.032323834359449855,0.03644569363399064
레딧 부정,WMT,2020-09-21,45.689998626708984,0.0013132277324241493,-0.020768312450920146,0.034507941191376235,-0.004608823334947054,0.042897854193065355,-0.0031002755704352403
레딧 부정,WMT,2020-12-23,47.7400016784668,0.006493455125569758,-0.010673336051241211,0.02380949527178111,-0.013435117097613913,0.020807119276406105,-0.024952891032004265
레딧 부정,WMT,2022-07-26,40.65999984741211,0.08771927355629527,0.04379391791476328,0.056484727372517085,0.004142660068803483,0.09854077978004039,0.04364044809881529
레딧 부정,WMT,2023-07-03,52.733333587646484,-0.02243996861338482,-0.019443017207911417,-0.022945620960251878,-0.046380114067889444,0.0057522113971144595,-0.022842399110259537
레딧 부정,WYNN,2020-02-10,127.87999725341797,0.04363473240769156,0.03750942358908871,-0.10939942261685975,-0.04357535406957058,-0.29488582964029386,-0.1566643038233596
레딧 부정,WYNN,2020-03-10,90.16999816894531,-0.3969169105867434,-0.27341642962964985,-0.2618387611155889,-0.10488009866620684,-0.32516358312317317,-0.24441326254683304
레딧 부정,WYNN,2020-12-10,112.87999725341797,0.017097806096175727,0.0020731855770432794,0.013377056812293064,0.007187247018525023,-0.04296596910108652,-0.07557849356536883
레딧 부정,XOM,2020-02-05,62.72999954223633,-0.023274335965675186,-0.03697387414042941,-0.04575161729361066,-0.05803914669174148,-0.20117964329630955,-0.10984996945649284
레딧 부정,XOM,2020-09-25,34.63999938964844,-0.047921474499453165,-0.0634661013384521,0.0028869021530133487,-0.05223430525613049,-0.013856799962293498,-0.06572303432833648
레딧 부정,XOM,2022-11-18,112.08000183105469,-0.020253428224266568,-0.01995043320480494,-0.046663126976185354,-0.05565233882772913,-0.06165242281602801,-0.021226167696533405
레딧 부정,XYZ,2025-07-21,78.08000183105469,0.03189034074508923,0.018896745859240616,-0.025102446702211845,-0.02891936434198006,-0.017289939068420468,-0.04039849674512208
레딧 언급 전체,AAPL,2019-01-03,35.54750061035156,0.08165131451584173,0.021580073511644704,0.09613895445693132,0.019360836338374154,0.17110908934037483,0.06525760850808382
레딧 언급 전체,AAPL,2019-02-01,41.630001068115234,0.02336055302571105,0.021842358306700893,0.023420572882662194,-0.003647477271665922,0.056029315347535524,0.021444421537543557
레딧 언급 전체,AAPL,2019-03-12,45.227500915527344,0.031065142907653165,0.02065330790895037,0.03250229122213533,0.02667022231174032,0.10275825527377513,0.07477869393899872
레딧 언급 전체,AAPL,2019-04-10,50.154998779296875,0.012511264214510875,0.00848752552178178,0.023228012040312107,0.010185661849181571,0.0004984852255489614,0.006152530924321442
레딧 언급 전체,AAPL,2019-05-23,44.915000915527344,-0.02554823691600905,-0.0011985336549311665,0.05838801080124534,0.03885877367792334,0.10642321455779835,0.064387399941638
레딧 언급 전체,AAPL,2019-06-21,49.69499969482422,-0.0043263940820645885,-0.0009250335378468977,0.00623807979061719,-0.0033537818563853516,0.04245901244207717,0.029193727079885434
레딧 언급 전체,AAPL,2019-07-31,53.2599983215332,-0.06571536068909223,-0.03390958558896584,-0.04830075859189675,-0.0028110665215832498,-0.035251571270701776,-0.006539006170877104
레딧 언급 전체,AAPL,2019-09-03,51.42499923706055,0.05347593662224415,0.028057986231311727,0.07292173175760563,0.037907548861221496,0.0918327645595518,0.08323401624844173
레딧 언급 전체,AAPL,2019-10-28,62.26250076293945,0.03392891726440217,0.02050983553665442,0.05280067855506343,0.0361504361752516,0.06954423550771938,0.03634275931414788
레딧 언급 전체,AAPL,2019-12-02,66.04000091552734,0.010448250027870865,0.0032605009292772102,0.05943360641959705,0.034212245291022514,0.11163684821906661,0.0788426939938649
레딧 언급 전체,AAPL,2020-01-10,77.5824966430664,0.027068039756146467,0.007909828722839185,-0.0044467967162207245,0.002338354224974526,0.03615506623975695,0.008615225718959563
레딧 언급 전체,AAPL,2020-02-11,79.90249633789062,0.0125465722268161,0.0033597128264992726,-0.08435278211168173,-0.013482385781874218,-0.13823095241278027,0.043419177755254834
레딧 언급 전체,AAPL,2020-03-11,68.85749816894531,-0.10441852837969745,0.020818339917747286,-0.1085937958780272,-0.008105410043986017,-0.03398317394787309,-0.03278042358381117
레딧 언급 전체,AAPL,2020-04-15,71.10749816894531,-0.02928659700723224,-0.03411089240894016,0.011602216346813021,-0.044021275683194805,0.081636964520726,0.06781209339859862
레딧 언급 전체,AAPL,2020-06-08,83.36499786376953,0.028579136998450716,0.0785482700556529,0.07620105653823983,0.11512437527185859,0.1176453307491101,0.14679141079845193
레딧 언급 전체,AAPL,2020-07-08,95.34249877929688,0.024988853085750717,0.007055987126238339,0.02024281228084268,-0.013535392928785361,0.15439076392131956,0.1040080925164395
레딧 언급 전체,AAPL,2020-08-05,110.0625,0.026780257910100858,0.010731306282821373,0.05128900981775275,0.035872353105833366,0.19386706549900623,0.11681419752100841
레딧 언급 전체,AAPL,2020-09-02,131.39999389648438,-0.13630134600176746,-0.06973719518811616,-0.1602739614674915,-0.09916125494488626,-0.11118716635912962,-0.05342926041264706
레딧 언급 전체,AAPL,2020-10-07,115.08000183105469,0.053093504632728994,0.032052353368859254,0.015554404649342768,0.009773206256790568,-0.0011296913516160023,-0.009287922070088439
레딧 언급 전체,AAPL,2020-11-06,118.69000244140625,0.00480242381918905,-0.01787293132807677,-0.011374219190719792,-0.026138849234375705,0.042632045281924436,-0.011428933921308504
레딧 언급 전체,AAPL,2020-12-07,123.75,-0.015919201783459624,-0.003916728891385501,0.03620198567708344,0.03953453599958545,0.023030290699968425,0.010946540126042903
레딧 언급 전체,AAPL,2022-01-04,179.6999969482422,-0.025709489124355223,-0.009376146034939747,-0.07495827183894055,-0.02093253955444141,-0.02148024861382347,0.02081894980686705
레딧 언급 전체,AAPL,2022-02-14,168.8800048828125,-0.02700140589028277,-0.005476231807243881,-0.03363339513468,-0.013042127644437684,-0.08165566169003191,-0.052385979426117224
레딧 언급 전체,AAPL,2022-03-28,175.60000610351562,0.01617309931194688,0.014220994458553626,-0.05609342688581165,-0.021020736868187617,-0.10706151707463651,-0.019741657368074095
레딧 언급 전체,AAPL,2022-04-29,157.64999389648438,-0.0023469402569749054,-0.0007449896207870621,-0.06685692162508772,-0.04190546827727981,-0.05080872069107367,-0.05872136575327036
레딧 언급 전체,AAPL,2022-06-02,151.2100067138672,-0.05667619167847582,-0.018462502689136295,-0.139871755943344,-0.0183067472674876,-0.08121164931447467,0.005398051793280012
레딧 언급 전체,AAPL,2022-07-19,151.0,0.003973550354408051,0.007491470164445513,0.059668837793615426,0.019415927840895186,0.1458940316509727,0.05047499822587209
레딧 언급 전체,AAPL,2022-08-16,173.02999877929688,-0.03352021668309568,0.006856803588331073,-0.08160431842340721,-0.008320585918458856,-0.10240999448485999,-0.02072508616187796
레딧 언급 전체,AAPL,2022-09-16,150.6999969482422,-0.0017916674049679449,0.04388211997720548,-0.08294625250916965,-0.009339018712827496,-0.08175177382160781,-0.009311705213253973
레딧 언급 전체,AAPL,2022-10-21,147.27000427246094,0.057513417362526686,0.01815895923522115,-0.060365309511373755,-0.06586905663677023,0.0272967264008126,-0.030786550571743287
레딧 언급 전체,AAPL,2022-11-30,148.02999877929688,-0.04789567247420812,-0.012279529238012343,-0.032560914038890054,-0.012250869572514311,-0.12443422496009293,-0.064975849101917
레딧 언급 전체,AAPL,2022-12-29,129.61000061035156,7.711215792660653e-05,-0.012023826975486873,0.03973454110201624,0.00045852017904257636,0.1033099245937279,0.058583256047701315
레딧 언급 전체,AAPL,2023-02-02,150.82000732421875,0.00033144006458840636,0.023581122078569883,0.019161909887961848,0.03955636265655815,0.0013923315533774794,0.031600106338072864
레딧 언급 전체,AAPL,2023-03-13,150.47000122070312,0.04605564311531185,0.02430972968019618,0.05190401738043704,0.0230219193269543,0.06865157006214861,0.005437908044497508
레딧 언급 전체,AAPL,2023-04-18,166.47000122070312,-0.016219120132416998,0.003408617127740876,0.012434625159192025,0.020570583215995697,0.0336397312575929,0.04320007875468501
레딧 언급 전체,AAPL,2023-06-01,180.08999633789062,0.0026653950585211472,-0.014664265535257126,0.03287244316357274,-0.016390271782342536,0.07707260350414136,0.02619784393261737
레딧 언급 전체,AAPL,2023-07-20,193.1300048828125,0.0004659883788913355,-0.00021957392730298508,-0.010148639073749743,-0.002762208024188806,-0.09905247449468146,-0.06391163591659632
레딧 언급 전체,AAPL,2023-09-08,178.17999267578125,-0.017790988322204493,-0.012965180391017794,-0.019025701700509767,0.014867223327090118,-0.003872416718933791,0.031995739284857994
레딧 언급 전체,AAPL,2023-10-12,180.7100067138672,-0.029052071301799876,-0.012379998882685372,-0.07647615965230459,-0.027797435096491685,0.009407320486318982,0.008992265663966714
레딧 언급 전체,AAPL,2023-11-09,182.41000366210938,0.040019751686865224,0.0022408129380451225,0.0414450819955996,-0.008020139367633794,0.0729126845279513,0.012152920348416085
레딧 언급 전체,AAPL,2023-12-19,196.94000244140625,-0.019244483080828045,-0.022761485525049308,-0.07631765305663896,-0.06039650568721189,-0.027317989317143243,-0.043302313292433836
레딧 언급 전체,AAPL,2024-01-22,193.88999938964844,-0.01114035622728815,-0.02731571378068043,-0.032028504478909925,-0.05085149621779639,-0.06359276842471828,-0.091124048231355
레딧 언급 전체,AAPL,2024-02-23,182.52000427246094,-0.015669518646746372,-0.025514885235956797,-0.06459570605379816,-0.07221605669016051,-0.05610346950177614,-0.08241048084090252
레딧 언급 전체,AAPL,2024-03-22,172.27999877929688,-0.013060134757038266,-0.014882722834450357,-0.022231262237012217,-0.01745381904797494,-0.03738102209796479,0.0038499977328099177
레딧 언급 전체,AAPL,2024-04-30,170.3300018310547,0.07086239614675494,0.040661983121698775,0.10039329924793594,0.05792153475526307,0.11718423789413124,0.06913458637072356
레딧 언급 전체,AAPL,2024-06-06,194.47999572753906,0.10160433052100748,0.08703424962139583,0.06689639063881736,0.048473398240186816,0.17143157306208545,0.13286490043262034
레딧 언급 전체,AAPL,2024-07-08,227.82000732421875,0.02888239118920488,0.017626809014002154,-0.01694320290692586,-0.015808631430241804,-0.08142394195150138,-0.013170047673953689
레딧 언급 전체,AAPL,2024-08-06,207.22999572753906,0.06775085091147393,0.02965843937591761,0.09303671850983264,0.023037702740401622,0.06572412612450096,0.010567587876155526
레딧 언급 전체,AAPL,2024-11-08,226.9600067138672,-0.00863591230122851,0.012160159834104012,0.01282159110520742,0.01730176072496592,0.08719594950965281,0.07634657020226343
레딧 언급 전체,AAPL,2024-12-23,255.27000427246094,-0.01899951432734337,-0.004521407555385659,-0.049242006948854944,-0.04049793493539677,-0.12727702021145437,-0.14960792910045528
레딧 언급 전체,AAPL,2025-01-31,236.0,-0.03546608100503179,-0.03372139358987403,0.03644070382845599,0.02334707984302531,0.008601689742783414,0.038594025612808225
레딧 언급 전체,AAPL,2025-04-07,181.4600067138672,0.11605861776364823,0.04718199716397464,0.1007384443015118,0.05539565732386165,0.09396003065211933,-0.01393477561166212
레딧 언급 전체,AAPL,2025-06-10,202.6699981689453,-0.03468692378156868,-0.025484185113903712,-0.005476886664923519,-0.012175795454570704,0.04805844762994882,0.010352024618112798
레딧 언급 전체,AAPL,2025-07-22,214.39999389648438,-0.014598832617199853,-0.02477601762362791,-0.053544757716186275,-0.05212947503137699,0.07537315355480678,0.05796067309477304
레딧 언급 전체,AAPL,2025-10-31,270.3699951171875,-0.007027384439093787,0.009232221600206314,0.007545247556178136,0.02239732056892252,0.04708366762669258,0.049708037966180174
레딧 언급 전체,AAPL,2026-05-01,280.1400146484375,0.04704787601414795,0.02349973179959286,0.07171412610619954,0.04601516285263996,0.09341751103639484,0.040840043014953586
레딧 언급 전체,AAPL,2026-06-10,291.5799865722656,0.01498739912206748,-0.006420633980605661,-0.05634814950411293,-0.06857537364254451,0.08141855355380967,0.04072542006154234
레딧 언급 전체,AAPL,2026-08-03,303.4200134277344,0.015951473613138534,-0.004321266145828728,0.007151746141073501,-0.012645791491849634,0.04426205286876983,0.031881986224471026
레딧 언급 전체,ABBV,2020-01-28,83.7699966430664,0.007043141827963728,0.0004048757050598706,0.14599503219564558,0.12039010472121903,0.055389843678918416,0.10246994389240793
레딧 언급 전체,ABBV,2020-06-08,94.58999633789062,-0.015963575063921098,0.03400555799328109,0.02833280905945257,0.06725612779307133,0.05032246876537538,0.07946854881471721
레딧 언급 전체,ABBV,2020-07-16,99.91999816894531,-0.018915126343905797,-0.0256796229066234,-0.0388310380756578,-0.048712838710705864,-0.052441933144451336,-0.10244342196918066
레딧 언급 전체,ABBV,2022-02-03,140.72999572753906,0.014069573271085156,0.00797910935812074,0.030128655026558482,0.05149007109136394,0.06985008263686798,0.10216085845095646
레딧 언급 전체,ABBV,2025-04-22,173.77999877929688,0.1135343299926963,0.062192447917364335,0.07693632875534528,0.017097565753033672,0.06370127403601744,-0.06071783565755773
레딧 언급 전체,ABNB,2020-12-10,144.7100067138672,0.016170245520874538,0.00114562500174209,0.07000199816211272,0.06381218836834468,0.0236334600944883,-0.00897906436979401
레딧 언급 전체,ABNB,2022-05-04,156.17999267578125,-0.2563067808115589,-0.1716799273057502,-0.30829809293460786,-0.22159690331379944,-0.22358811741041784,-0.19638916393873573
레딧 언급 전체,ABNB,2022-10-19,116.87000274658203,-0.013348208704768827,-0.05003745975950935,-0.19217933222072692,-0.20946561476397652,-0.10644307477583315,-0.1795774362603142
레딧 언급 전체,ABNB,2023-02-15,137.00999450683594,-0.08386247955944737,-0.05168699530724119,-0.10678051120342191,-0.06772062184014438,-0.12422448963909138,-0.08105809232394234
레딧 언급 전체,ABNB,2023-05-10,113.19000244140625,-0.04293665964772275,-0.048701477009057026,-0.06608360451980444,-0.061820531394927936,0.020408141256022416,-0.019025063391224117
레딧 언급 전체,ABNB,2024-02-14,148.1999969482422,0.04763831109294414,0.029727099939855117,0.06255063740452327,0.0434761260854688,0.12307696267722767,0.09022299103396225
레딧 언급 전체,ABNB,2024-05-09,147.0500030517578,0.0009520529530295807,-0.015427245759256136,-0.04087051778917428,-0.05200156966207714,-0.002652154923867389,-0.029258893701908706
레딧 언급 전체,ABNB,2024-07-12,146.77999877929688,0.008243675731913536,0.02788688398889705,-0.045510237984301316,-0.017741906292407017,-0.21596945913528265,-0.16775431159541399
레딧 언급 전체,ABNB,2024-11-08,134.61000061035156,-0.015674917173942093,0.005121154961390428,0.020280779400940974,0.024760949020699474,0.01976081754734671,0.008911438239957326
레딧 언급 전체,ABNB,2025-06-03,132.89999389648438,0.04258844185138155,0.03086204161071815,0.003536502951754894,0.0011207563756836514,0.01873593384137795,-0.02213035187735457
레딧 언급 전체,ABNB,2025-07-31,132.41000366210938,-0.09349750427017911,-0.09376643052248945,-0.058681399120634636,-0.07904273751010338,-0.014726960911641496,-0.04136910330659538
레딧 언급 전체,ABT,2020-03-30,79.33999633789062,0.04272759233067913,0.030459327358549615,0.12351907617970981,0.038902163644268795,0.15276031391488543,0.06072890687663257
레딧 언급 전체,ABT,2020-08-28,110.79000091552734,-0.059842920828866664,-0.03699512701621055,-0.046033021319402456,-0.011461752047335239,-0.05731562795962697,-0.010564573254224108
레딧 언급 전체,ADBE,2019-06-19,291.2099914550781,-0.008550497261214707,0.0002872709755532554,0.04975797938646043,0.030171579733852205,0.06479858408326056,0.04510982047942469
레딧 언급 전체,ADBE,2019-12-13,317.94000244140625,0.030414489639246867,0.019668228504110763,0.032710554873953024,0.020861383182093185,0.08394666363608971,0.05202303874954972
레딧 언급 전체,ADBE,2020-03-13,335.5,-0.11970194832223358,0.030751056172457547,-0.08843521140904431,-0.02939760290292115,-0.04426231327426411,-0.06780306838147099
레딧 언급 전체,ADBE,2020-06-12,406.5400085449219,0.052811533353255946,0.038249147771605596,0.05013037943241083,0.06380515599780734,0.08837996733551767,0.05343698327385771
레딧 언급 전체,ADBE,2020-08-27,510.32000732421875,-0.00493811627034435,0.003502075608508348,-0.07636385142929447,-0.03539698218528986,-0.059844819146036454,-0.0035764060277440057
레딧 언급 전체,ADBE,2020-12-11,475.9100036621094,0.05681748300487488,0.04895506155035867,0.04841253255369682,0.03238734601155757,-0.008951292750403184,-0.042994431260555466
레딧 언급 전체,ADBE,2022-06-13,371.6499938964844,-0.023301503576834248,-0.023488189774750978,-0.016198006491421113,-0.03126465688204605,0.0007803270541761886,-0.00943297047186542
레딧 언급 전체,ADBE,2022-08-26,381.0199890136719,-0.03380393348542199,-0.0015569931115190228,0.04026034533673828,0.0262957165434623,-0.2731090246156609,-0.17195188502629555
레딧 언급 전체,ADBE,2022-10-07,288.7699890136719,-0.0028742134011243703,0.011348900633369352,0.060948182889885905,0.029249404728590278,-0.010458112437469747,-0.04783509978334555
레딧 언급 전체,ADBE,2023-06-16,495.17999267578125,-0.03164502431829097,-0.013395378913444889,-0.020134095416150966,-0.02998713590683766,0.07482125356633129,0.04130281895853871
레딧 언급 전체,ADBE,2023-09-15,528.8900146484375,-0.030233110460600843,-0.0010250408301101244,-0.0359054249957359,-6.631926946887301e-05,0.03756923853137106,0.06434144965957367
레딧 언급 전체,ADBE,2024-03-15,492.4599914550781,0.014336185032480575,-0.007985050869907084,0.01955489796106802,-0.004629608437160426,-0.0454046739624373,-0.03485218684529945
레딧 언급 전체,ADBE,2024-06-14,525.3099975585938,-0.0021701750466120995,-0.0020964084002013106,0.06605625700691298,0.06133980205202083,0.07848695181962762,0.03780757000211632
레딧 언급 전체,ADBE,2024-12-13,465.69000244140625,-0.03976892120633846,-0.01815392462625065,-0.042710847439633604,-0.01624645478138853,-0.1039532809558229,-0.08503602990052928
레딧 언급 전체,ADBE,2025-09-12,349.3599853515625,0.04734374066416791,0.03777583126295614,0.03151479913919042,0.024806604314287828,-0.03391909801579829,-0.02724144815861229
레딧 언급 전체,ADBE,2026-06-12,204.02000427246094,-0.04470154977448748,-0.04826072018020022,0.011812510307086743,0.012823632652890549,0.08214878029535577,0.06855927292785502
레딧 언급 전체,ADI,2023-02-08,177.75999450683594,0.10362285518768366,0.09551371811392739,0.04438568650689856,0.0687129490975642,0.03262828100242077,0.07911554904485685
레딧 언급 전체,ADM,2024-03-25,62.5099983215332,0.003039552815678137,0.00482879159597549,0.02223649402765826,0.02310228503160472,-0.011518115906873017,0.015647794215260746
레딧 언급 전체,ADM,2025-10-15,63.380001068115234,-0.023193455284472142,-0.02714733917939194,-0.04512465386799036,-0.07852969665279463,-0.08882929904126391,-0.11620579293082034
레딧 언급 전체,ADP,2024-09-06,269.55999755859375,0.02949255185871258,-0.010573376413116842,0.02541180503619289,-0.026201962460473238,0.057872111013521854,-0.002495044219049003
레딧 언급 전체,ADSK,2026-06-01,248.16000366210938,-0.09316573998546673,-0.06769574778484166,-0.19970985181832057,-0.19481892840628356,-0.2165538551745655,-0.20103725903324854
레딧 언급 전체,AES,2025-05-27,10.069999694824219,0.01986104955318413,0.011504452687096434,0.12115196663370953,0.1009709767274567,0.04270112395304171,0.01568603464647489
레딧 언급 전체,AFL,2026-07-15,121.01000213623047,0.021237911325139525,0.0310417353841711,0.06330051977101347,0.09688509823172686,-0.0023138482303443064,-0.025736951704021904
레딧 언급 전체,AIG,2022-07-05,51.130001068115234,-0.00019562167067321834,0.002762816145046032,0.011930385245619624,-0.015061964186889654,-0.008214394188708396,-0.07654617418505716
레딧 언급 전체,ALGN,2019-08-01,202.35000610351562,-0.06953302149653007,-0.06539517983374232,-0.13827531575173002,-0.10371418914756203,-0.11069932532551707,-0.10303411777669114
레딧 언급 전체,ALL,2022-01-05,121.0199966430664,0.02288881465292647,0.017252399555488962,-0.012642528687299648,0.03353793302609964,0.005371025813163843,0.05187172727830469
레딧 언급 전체,AMAT,2020-02-13,67.37000274658203,-0.04601463525504901,-0.03539342063985784,-0.13730152052230038,-0.01625485794444237,-0.24461930659145914,-0.04364621359605192
레딧 언급 전체,AMAT,2020-08-13,65.06999969482422,-0.019671104737974843,-0.023975983355782104,-0.04671893237720659,-0.08086078571107747,-0.1547564122030448,-0.1465327114516345
레딧 언급 전체,AMAT,2022-05-20,106.45999908447266,0.1222994963782591,0.0565191289485969,0.08021793151389311,0.023343452176054713,-0.10604922987618182,-0.06868045083932883
레딧 언급 전체,AMAT,2024-02-16,199.57000732421875,0.01994285504571436,0.006970181141160436,0.049706858770764084,0.02410181026864322,0.005812438546618948,-0.020913703722684973
레딧 언급 전체,AMAT,2025-03-04,152.8699951171875,-0.038463987779393416,-0.002164013828791611,0.004186559888078811,0.03164550351832374,-0.04716420282182299,-0.01961849840144536
레딧 언급 전체,AMAT,2026-05-15,436.6199951171875,-0.010214812663082662,-0.01896791666875186,0.04935646225904722,0.023151400412614098,0.341624377829177,0.32043840634527965
레딧 언급 전체,AMCR,2020-05-13,45.54999923706055,0.03732164196297716,-0.017117229627921615,0.09769485922008148,0.021807094113528436,0.008781592372749225,-0.05872543474378733
레딧 언급 전체,AMD,2019-01-04,19.0,0.06684212935598266,0.04073169862332193,0.09315791882966695,0.037410892008259644,0.26999995582982117,0.19246125733639619
레딧 언급 전체,AMD,2019-02-04,24.1299991607666,-0.04848736498077755,-0.0435601831158231,-0.007459527728447268,-0.029117178976794333,-0.026108544661324617,-0.052068236455769745
레딧 언급 전체,AMD,2019-03-20,25.700000762939453,-0.03151756222743285,-0.024769226305353165,0.12918286366791887,0.11188566655936594,0.06964976478755469,0.04159071752568222
레딧 언급 전체,AMD,2019-04-17,27.489999771118164,0.006184069760253319,-0.0027983986325199606,0.02910153332375387,0.023124748401345263,0.018915986252935557,0.024961935211985198
레딧 언급 전체,AMD,2019-05-20,26.68000030517578,0.08883054365726517,0.10221324535539444,0.10832081546445083,0.12036523624524942,0.14130436336735386,0.11154566878666072
레딧 언급 전체,AMD,2019-06-18,30.450000762939453,-0.05221675247125357,-0.04660805149624614,0.025944137549586355,0.012161651696581899,0.10344819810367589,0.08518555634800928
레딧 언급 전체,AMD,2019-07-18,33.0,0.020302974816524655,0.01638766015498394,-0.0951514966560133,-0.0817994556505498,-0.1009090885971532,-0.053457382567135614
레딧 언급 전체,AMD,2019-08-15,29.670000076293945,0.07516007874964847,0.04807421322919492,0.059993282172847495,0.032134533373207486,0.03437817509743257,-0.023376972606469426
레딧 언급 전체,AMD,2019-09-24,29.520000457763672,-0.025745264806795065,-0.01685620905184837,-0.043699217328029505,-0.018891036508668524,0.06741191532044177,0.05679909651401349
레딧 언급 전체,AMD,2019-10-22,31.510000228881836,0.0482386080410695,0.034192316772274856,0.14725487982523333,0.12043307202034326,0.310377677423221,0.2671684787737061
레딧 언급 전체,AMD,2019-11-19,41.290000915527344,-0.0557035404713595,-0.06259609311768055,-0.038750357310277206,-0.03724360505259472,0.0244610874095037,-9.57164951185252e-05
레딧 언급 전체,AMD,2019-12-26,46.630001068115234,0.04224742356596067,0.04388859150827229,0.03302588602947942,0.02444847538746875,0.05640139809510569,0.05466733742018093
레딧 언급 전체,AMD,2020-01-27,49.2599983215332,-0.025172511287469668,-0.02708903406084673,0.06090134190460583,0.02634185913557574,-0.03430772806117266,-0.0007682965201660785
레딧 언급 전체,AMD,2020-02-25,47.56999969482422,-0.017237748582820345,0.02245521129044359,-0.046037389967594766,0.03146134965103553,-0.028379198713091025,0.1939141048428682
레딧 언급 전체,AMD,2020-04-06,47.52000045776367,0.15593433872119178,0.0844625262908143,0.11363631437632704,0.08275198436890219,0.09827437129543082,0.01774119048470424
레딧 언급 전체,AMD,2020-05-05,52.189998626708984,0.030082386206861322,0.028405140383340965,0.0628473401092513,0.04265097150800967,0.010346827548123105,-0.08046693258557025
레딧 언급 전체,AMD,2020-06-10,57.439998626708984,-0.05031336105054529,-0.027303968141797252,-0.08791781611764093,-0.04117799272544853,-0.0031337101232464804,0.011349033190820923
레딧 언급 전체,AMD,2020-07-09,57.2599983215332,-0.04086622810304741,-0.06125557717917185,0.040342323454492846,0.013050554133909431,0.5143206710829484,0.45086249505521536
레딧 언급 전체,AMD,2020-08-06,86.70999908447266,-0.05616425784802148,-0.06364189999921277,-0.04543884768777251,-0.05725355879857941,-0.048091318336688116,-0.08117249119098491
레딧 언급 전체,AMD,2020-09-03,82.54000091552734,-0.07511515033761507,-0.04231160475342599,-0.09219772868841802,-0.049521275615631355,-0.008965324152671816,0.024475186055196496
레딧 언급 전체,AMD,2020-10-02,81.80000305175781,0.015892363983663005,-0.023078430134298555,0.0167481059422534,-0.023540692148368514,-0.07958437522442818,-0.05771764902910381
레딧 언급 전체,AMD,2020-10-30,75.29000091552734,0.14065607928165935,0.06832192573508689,0.08155132574028379,-0.015098385574500162,0.23070796301451169,0.12193112684074325
레딧 언급 전체,AMD,2020-11-30,92.66000366210938,0.015216878663813604,-0.00419978936552079,0.0228792902374384,0.01569814313185436,-0.022015981382499605,-0.04797851234385808
레딧 언급 전체,AMD,2020-12-30,92.29000091552734,0.031097656497034,0.011984196307793571,-0.01625311501917681,-0.03364605942777954,-0.07205549311854087,-0.06689410985404343
레딧 언급 전체,AMD,2022-01-05,136.14999389648438,0.009695243359484573,0.004058828262047065,-0.10473738630996854,-0.05855692459656925,-0.1180315298261988,-0.07153082836105795
레딧 언급 전체,AMD,2022-02-03,120.08000183105469,0.04738503268860028,0.041294568775635865,-0.06420718659981506,-0.0428457705350096,-0.09718519312952956,-0.06487441731544108
레딧 언급 전체,AMD,2022-03-15,109.33000183105469,0.04984905201651735,-0.005105501734898876,0.12713803432801796,0.04411958335661059,-0.13015643573227875,-0.1585957785656823
레딧 언급 전체,AMD,2022-04-13,97.73999786376953,-0.08072436629930724,-0.06888163766942546,-0.0828729143764757,-0.047908667945396055,-0.1092694959955045,0.00570648357050163
레딧 언급 전체,AMD,2022-05-12,87.05999755859375,0.11038365357044455,0.11772423803721965,0.1342752443053834,0.10121717900037908,0.08913395765957577,0.09560795615228712
레딧 언급 전체,AMD,2022-06-21,83.79000091552734,-0.03592316628883907,-0.05080035311610298,-0.10072803853904977,-0.12253728085660531,0.06731112696053532,0.014787647863940823
레딧 언급 전체,AMD,2022-07-29,94.47000122070312,0.08298926893813241,0.07939692198454229,0.06732296526061399,0.030647278405832035,-0.03482587988795682,-0.018611911504935907
레딧 언급 전체,AMD,2022-09-02,80.23999786376953,0.05483551399576525,0.007084108089558727,-0.04324528057184707,-0.033837768504550336,-0.17609668032902626,-0.110754018894893
레딧 언급 전체,AMD,2022-10-07,58.439998626708984,-0.04277891955420787,-0.02855580551971415,0.006502414049365912,-0.025196364111929714,0.0641683793313117,0.026791391985435897
레딧 언급 전체,AMD,2022-11-08,63.849998474121094,0.19608464481851784,0.1529171311159654,0.1785434894019522,0.1316848666362862,0.09851215451597439,0.06929748524343671
레딧 언급 전체,AMD,2023-01-05,62.33000183105469,0.1358896353582828,0.0895509081032817,0.124177725595914,0.08068571287084514,0.38119675611814263,0.29429180383715114
레딧 언급 전체,AMD,2023-03-09,84.02999877929688,0.14958943088692744,0.1379692760668787,0.19338331829184363,0.1892715196423922,0.10044034944679403,0.055415308603150804
레딧 언급 전체,AMD,2023-05-03,81.62000274658203,0.1886791641541481,0.17684146693367708,0.2711344830767566,0.2534637263324966,0.4637343445287512,0.4299124272645838
레딧 언급 전체,AMD,2023-06-05,117.93000030517578,0.09548038757815802,0.07979323797922011,0.0084796065243129,-0.015121391902792158,-0.03374886243224162,-0.07128105290336906
레딧 언급 전체,AMD,2023-08-02,109.3499984741211,0.010242366366809641,0.019972899402377453,-0.019753050414774598,0.00355130637234069,-0.025240074757601927,-0.027195076364396775
레딧 언급 전체,AMD,2023-10-18,102.16999816894531,-0.05980229734611764,-0.030374799348476866,0.057453292079692186,0.07500283286890719,0.15493786938195564,0.10968089811810677
레딧 언급 전체,AMD,2023-12-08,128.9199981689453,0.07935150382280498,0.05951235970490565,0.08284213532623941,0.05361575259550122,0.1577722357026079,0.1280460464090123
레딧 언급 전체,AMD,2024-01-17,160.1699981689453,0.11312977039604366,0.0853925626073897,0.04695014271354947,0.024527486832013112,0.1156895735226997,0.060045798926953164
레딧 언급 전체,AMD,2024-02-15,176.75999450683594,-0.001357718046125611,-0.012990944922651848,0.14641324783369813,0.1248201209847466,0.08090067603619877,0.06532334360354164
레딧 언급 전체,AMD,2024-03-20,179.72999572753906,-0.0007789428196541825,-0.005947253883191395,-0.07733819744566184,-0.06310139022426253,-0.13715013899990536,-0.09687963438568115
레딧 언급 전체,AMD,2024-04-18,155.0800018310547,-0.008511783006404539,-0.016459415349490802,-0.057518687539498625,-0.06854929669791243,0.04862002319516945,-0.009776065188264571
레딧 언급 전체,AMD,2024-05-20,166.3300018310547,0.031744115440219156,0.03221576016185723,-0.03811697389584778,-0.03496641939664391,-0.0703420719018939,-0.10511170696333605
레딧 언급 전체,AMD,2024-06-21,161.22999572753906,0.006078341575994628,0.006611002238421815,0.10829254590673476,0.0885132593222957,-0.033244438084643835,-0.05186671217801109
레딧 언급 전체,AMD,2024-07-22,155.8699951171875,-0.10341948817710578,-0.08558839791638617,-0.1350483637158182,-0.06785280274812078,-0.0037851822440043703,-0.01272768782261624
레딧 언급 전체,AMD,2024-08-20,156.39999389648438,-0.03772374761337505,-0.04284274759382012,-0.09929667126186481,-0.08542518418352163,-0.05185422587496569,-0.056686894835120905
레딧 언급 전체,AMD,2024-10-07,170.97000122070312,-0.033339164224980844,-0.062433950921724324,-0.07644620243844313,-0.10432576818372397,-0.1769900818318043,-0.18053007797276555
레딧 언급 전체,AMD,2024-11-07,149.82000732421875,-0.07328801528200957,-0.06949356955207264,-0.08229876670858705,-0.07904159760612284,-0.07495668426998381,-0.09543990736408636
레딧 언급 전체,AMD,2024-12-09,130.8699951171875,-0.03194003844837223,-0.03542946323027307,-0.04791011597006589,-0.03138899677416174,-0.06899976401168939,-0.043879034658319105
레딧 언급 전체,AMD,2025-01-08,121.83999633789062,-0.027905400514420586,-0.0315526624691278,0.008207485473216591,-0.023141614214468698,-0.11720288253862976,-0.13633811720544764
레딧 언급 전체,AMD,2025-02-07,107.55999755859375,0.05150614579095181,0.03664190092941744,0.005113453553754477,0.011039177945546541,-0.10161770689165006,-0.034720223437391784
레딧 언급 전체,AMD,2025-03-13,98.11000061035156,0.09203953443196822,0.06652357969640832,0.08704516218937108,0.05864569415224885,-0.09591278772366585,-0.047238516474621184
레딧 언급 전체,AMD,2025-04-16,88.29000091552734,0.06999660483737657,0.029989698526682984,0.09468796606254548,0.03227119622115482,0.30241246654632814,0.1791387684549801
레딧 언급 전체,AMD,2025-05-15,114.98999786376953,-0.03722061795641962,-0.02473883283476952,-0.03704665263045592,-0.03523449383155197,0.010174848422259908,-0.0009012241041992386
레딧 언급 전체,AMD,2025-06-17,127.0999984741211,0.12824544152675288,0.11219609613804127,0.08985055810732434,0.05149268187284184,0.262077148606501,0.21101703909807945
레딧 언급 전체,AMD,2025-07-17,160.41000366210938,0.010660129767717574,0.0005015330126958428,0.09912096211889887,0.09268818840409554,0.1280468350926458,0.10112174310598365
레딧 언급 전체,AMD,2025-08-14,180.9499969482422,-0.09527488546632146,-0.08070007464975071,-0.0683613999768441,-0.07451687036677346,-0.12368051948862357,-0.1429997856358739
레딧 언급 전체,AMD,2025-09-22,159.7899932861328,0.009825442081391023,0.014564261067091189,0.274860850323009,0.2677077726672077,0.5054759851439987,0.498787782939744
레딧 언급 전체,AMD,2025-10-21,238.02999877929688,0.08393904587149836,0.06044693359895725,0.050497854615400684,0.044613643117653146,-0.03251693287761037,-0.015817799411560918
레딧 언급 전체,AMD,2026-01-20,231.9199981689453,0.0867109381214386,0.06027867522582775,0.04393757555130362,0.026301264111135092,-0.13711626122294407,-0.149970773926711
레딧 언급 전체,AMD,2026-04-23,305.3299865722656,0.16100614359564114,0.14659445503388513,0.337765726978158,0.3051169804409737,0.4724724596661307,0.4240993099652326
레딧 언급 전체,AMD,2026-05-27,495.5400085449219,0.09480568708120618,0.08976881882567578,-0.08705657243521392,-0.05370365747102812,0.07472655717149834,0.09626006156418976
레딧 언급 전체,AMD,2026-06-26,521.5800170898438,0.05841859293830365,0.02784198782561398,0.024559985311682686,-0.0031221405694878968,-0.051056413225711084,-0.06491124903470002
레딧 언급 전체,AMD,2026-08-05,482.04998779296875,0.0018255469455388251,-0.001681919095978479,-0.032423970046747796,-0.03147568481365004,-0.05184107637631086,-0.04582644249568113
레딧 언급 전체,AMGN,2024-05-06,299.4800109863281,0.029951919632835278,0.021550414011568098,0.05028715442140563,0.02417261032649809,0.026345611865292717,0.0034638975639820213
레딧 언급 전체,AMT,2022-06-10,251.00999450683594,-0.059121137256096246,0.0022949817565121045,0.03314605891202116,0.03625019306535715,0.017847938665271457,0.0408597434410769
레딧 언급 전체,AMZN,2019-01-10,82.81099700927734,0.02234010180203927,0.006579956192831249,0.008664385584091328,-0.017988865985522073,-0.04105727523246061,-0.08582703774516254
레딧 언급 전체,AMZN,2019-02-11,79.55000305175781,0.02299176217236054,-0.003724707847518438,0.028535468962703536,-0.0036129766954373643,0.05160270986876281,0.018826140224134313
레딧 언급 전체,AMZN,2019-04-24,95.0875015258789,0.005137319471097079,0.006574589470563441,0.008423766112193753,0.02450702939910898,-0.022121733481854644,0.00046323676551807136
레딧 언급 전체,AMZN,2019-07-10,100.87049865722656,-0.012580459195458693,-0.009666976191321286,-0.00822839028361666,-0.01770569254633858,-0.11103841695422034,-0.07540670785938686
레딧 언급 전체,AMZN,2019-08-22,90.23300170898438,-0.010118271551075364,-0.010870772685724783,0.015986360046740478,-0.003475956024195259,-0.00581828727777578,-0.02606734229334362
레딧 언급 전체,AMZN,2019-10-25,88.06649780273438,0.017095045573735534,0.0020419671485194524,0.013938341436909418,-0.01039851595483543,-0.008862560785483753,-0.03989699434696692
레딧 언급 전체,AMZN,2019-12-02,89.08000183105469,-0.01801189699050021,-0.025199646089093863,-0.0069544139403801,-0.03217577506895464,0.03718002236060047,0.004385868135398763
레딧 언급 전체,AMZN,2020-01-15,93.10099792480469,0.01211585672757054,0.0013598959943452726,0.00465084872211885,0.006204856345236709,0.15459019937336382,0.12756318742539596
레딧 언급 전체,AMZN,2020-02-13,107.49349975585938,-0.025071280597851353,-0.014450065982660187,-0.12378422682376267,-0.0027375642459046556,-0.1697172368310107,0.03125585616439652
레딧 언급 전체,AMZN,2020-03-18,91.5,0.030513659201033105,0.0022220205088130385,0.0424590397402238,0.016834065171538848,0.31595082100623295,0.15303412890825108
레딧 언급 전체,AMZN,2020-04-16,120.40950012207031,-0.0036292523390423215,-0.0035575234575940806,0.02732755158717537,-0.013446381175089561,-0.00803095160823697,-0.029062821865560973
레딧 언급 전체,AMZN,2020-05-18,121.31300354003906,-0.001813500731852824,-0.01564396368868548,0.019021003930761005,-0.0253179336023428,0.07790179298596067,0.01702046601959406
레딧 언급 전체,AMZN,2020-06-22,135.6909942626953,-0.012322093145515245,0.007509224087573374,0.10549707089398042,0.09532385696125467,0.15641060674298823,0.11008385742020699
레딧 언급 전체,AMZN,2020-07-21,156.9145050048828,-0.0439603098113307,-0.032145300357745654,0.00017202232419966101,-0.015365923096652079,0.05550787962404802,0.01357069469660055
레딧 언급 전체,AMZN,2020-08-18,165.62449645996094,0.010264163723227693,-0.0059181544663078345,0.05634128641495173,0.015117595028182773,-0.07075944640530396,-0.07129096267035051
레딧 언급 전체,AMZN,2020-09-18,147.74549865722656,0.047453233097678016,0.05325992581081118,0.05756183044536667,0.04791415919089537,0.10754980377787104,0.057224641353561534
레딧 언급 전체,AMZN,2020-10-19,160.36050415039062,-5.3000241879042065e-05,0.007607579982024215,-0.06321073371936281,-0.028679587783935423,-0.023743442290539152,-0.08385863474552968
레딧 언급 전체,AMZN,2020-11-23,154.91949462890625,0.03927525834242451,0.015328529300806748,0.025464886350608174,-0.010091601862013189,0.03489883188920029,0.007539130067784283
레딧 언급 전체,AMZN,2020-12-23,159.2635040283203,0.022497260596965107,0.005330469420154138,-0.000806898744746487,-0.03805151111414151,0.03413520852181651,-0.011624801786593864
레딧 언급 전체,AMZN,2022-01-06,163.25399780273438,-0.012495824381573817,-0.005208557543265102,-0.12625107322973872,-0.06222578943530699,-0.0343912065167874,0.006725154841491943
레딧 언급 전체,AMZN,2022-02-04,157.63949584960938,-0.027569188917847987,-0.009204980030438459,-0.03195896026952505,0.00028976009384018564,-0.12805479243082651,-0.06282185564689624
레딧 언급 전체,AMZN,2022-03-10,146.8175048828125,0.07098263615494438,0.03434167550969436,0.1146457348247194,0.05586511387364368,0.07469814480236203,0.01996001980007578
레딧 언급 전체,AMZN,2022-04-14,151.7064971923828,-0.048491602040868664,-0.021652250363900616,-0.18077667028054145,-0.12186712908146324,-0.2547781248827603,-0.17238700900484372
레딧 언급 전체,AMZN,2022-05-17,115.36849975585938,-0.097673986448506,-0.062334075552777146,0.05474196479468407,0.05163168611401314,-0.0667296671379578,0.004586934044568447
레딧 언급 전체,AMZN,2022-07-06,114.33000183105469,-0.034374182123981245,-0.022841205143591448,0.07382134765014259,0.04376266790148797,0.2203271410651204,0.13891810725681975
레딧 언급 전체,AMZN,2022-08-26,130.75,-0.024780098384470595,0.007466841989432371,0.04359462293110661,0.02962999413783063,-0.11931165180972159,-0.018154512220356245
레딧 언급 전체,AMZN,2022-10-27,110.95999908447266,-0.19520544530849648,-0.1715989371729254,-0.12914565563528357,-0.16785819584731965,-0.15816506459235513,-0.21698388384530176
레딧 언급 전체,AMZN,2022-11-30,96.54000091552734,-0.08369589552961265,-0.04807975229341688,-0.05137765731753685,-0.03106761285116111,-0.12802983730201722,-0.0685714614438413
레딧 언급 전체,AMZN,2022-12-30,84.0,0.04000000726608999,0.02580134926390576,0.1434524172828311,0.1033405101843321,0.22773806254069018,0.1648506876717004
레딧 언급 전체,AMZN,2023-01-31,103.12999725341797,-0.009890397267828921,-0.03131824419674245,-0.033258997348243446,-0.04841350309420134,-0.10627362917057981,-0.07739146907747751
레딧 언급 전체,AMZN,2023-04-28,105.44999694824219,0.0019915288757217375,0.00992552702704308,0.04561408560636715,0.05604852508972913,0.13902327251185143,0.12918989571788986
레딧 언급 전체,AMZN,2023-06-26,127.33000183105469,0.022696924119132378,-0.005928159400314437,0.01138770853208726,-0.014154635597600773,0.014136519483806342,-0.04149114569371615
레딧 언급 전체,AMZN,2023-07-28,132.2100067138672,0.05566901321077977,0.07779545891688278,0.04689506567880608,0.07156025695967005,0.007941817862857858,0.04503805289068086
레딧 언급 전체,AMZN,2023-10-13,129.7899932861328,-0.0355959269294539,-0.01170253745414973,-0.015794710905361553,0.03245559575563206,0.10609449868838361,0.08498213402659327
레딧 언급 전체,AMZN,2023-12-26,153.41000366210938,-0.03220130580458602,-0.017778967026935488,0.002085861793827304,0.0001726826205139531,0.028290178178012493,0.0022626263191414253
레딧 언급 전체,AMZN,2024-01-26,159.1199951171875,0.07975114901216784,0.06551261802334274,0.09634239757086815,0.06804997755217346,0.09810206818354428,0.059982237994039345
레딧 언급 전체,AMZN,2024-02-28,173.16000366210938,0.0020211991067493607,-0.004872472459350963,0.0196349839719272,0.0004551934488810083,0.03851927713030445,0.005117521474431452
레딧 언급 전체,AMZN,2024-04-30,175.0,0.0786285400390625,0.04842812701400634,0.06897147042410712,0.026499705931434248,0.04011431012834832,-0.007935341395059359
레딧 언급 전체,AMZN,2024-06-27,197.85000610351562,0.010866787112250531,-0.004269511742294396,-0.016982565108406456,-0.04191071862874429,-0.07758405676007141,-0.07405166535309582
레딧 언급 전체,AMZN,2024-08-02,167.89999389648438,-0.005717638415579596,-0.00588646148968508,0.05455630729657335,0.014379966212573425,0.0631328558001667,0.005373488467500298
레딧 언급 전체,AMZN,2024-09-09,175.39999389648438,0.05410493627932955,0.024035840694590638,0.10535924532149332,0.06279045831388053,0.030786826357932284,-0.008359630880650393
레딧 언급 전체,AMZN,2024-10-10,186.64999389648438,0.00471473298467151,-0.006081390547186816,-0.0014464989150849705,-0.0068445606810142445,0.12536838960868657,0.09155661048999209
레딧 언급 전체,AMZN,2024-11-08,208.17999267578125,-0.026755655016783342,-0.00595958288145082,-0.053127091688482064,-0.048646922068723564,0.0860313396686605,0.07518196036127112
레딧 언급 전체,AMZN,2024-12-09,226.08999633789062,0.03025342318847346,0.02676399840657262,-0.004555702578532217,0.011965416617371938,-0.01751511132389927,0.007605618029471017
레딧 언급 전체,AMZN,2025-01-21,230.7100067138672,0.032248220563074526,0.029810559062307007,0.04919591918179411,0.051301811764167815,-0.017684546453656025,-0.0340679393444695
레딧 언급 전체,AMZN,2025-04-07,175.25999450683594,0.0391418511090047,-0.02973476949066889,-0.011868092526806318,-0.05721087950445647,0.05563163474605548,-0.05226317151772597
레딧 언급 전체,AMZN,2025-05-13,211.3699951171875,-0.03453653764301545,-0.04477774215435815,-0.03146139021670269,-0.032977908471345296,0.00865781271386279,-0.016084805089318976
레딧 언급 전체,AMZN,2025-08-01,214.75,0.03697323604845759,0.012106700146173432,0.07580907464166176,0.04087368127844493,0.06635622817229336,0.02883126807899128
레딧 언급 전체,AMZN,2025-09-26,219.77999877929688,-0.0012285206750414224,-0.012394720799930092,-0.015515532264306242,-0.002218884088697748,0.020156556370804823,-0.003157928693141354
레딧 언급 전체,AMZN,2025-10-27,226.97000122070312,0.11909062269869408,0.12186332044836334,0.0944177316849153,0.09996321625546556,-0.0030400600858934146,0.021053702684691533
레딧 언급 전체,AMZN,2025-12-19,227.35000610351562,0.02076094609187762,0.010093806633469926,0.059731630559457516,0.0432459780221075,0.01741803980104173,0.010350646261912955
레딧 언급 전체,AMZN,2026-02-06,210.32000732421875,-0.0548212896375182,-0.0419777647180255,-0.024011044484098854,-0.012094244323464176,0.015072261594488268,0.032954708777098274
레딧 언급 전체,AMZN,2026-07-31,271.5799865722656,0.010678343609427987,-0.024434007219946707,-0.03288163015430834,-0.07211699742084388,-0.018963083257661162,-0.04884132832643118
레딧 언급 전체,AMZN,2026-08-31,259.7699890136719,-0.010778719295481798,-0.009357735216662277,-0.043692463813166715,-0.031098795475688612,-0.05042919274265012,-0.04671369097445677
레딧 언급 전체,ANET,2019-05-06,17.08187484741211,-0.1076067612777476,-0.06676248263044271,-0.10376495870507474,-0.07347332939244244,-0.06805455713612885,-0.02608335217227531
레딧 언급 전체,ANET,2024-02-13,66.37750244140625,-0.04150504262415067,-0.04784005915563838,0.028850150202891056,0.004198224352059521,0.057248243495116036,0.012943708347429528
레딧 언급 전체,ANET,2025-01-28,106.54000091552734,0.054251912236040534,0.05878441760534103,0.09667726050171388,0.09537047494983697,-0.09536327740568507,-0.07885424349206072
레딧 언급 전체,APO,2020-04-13,36.130001068115234,0.03155270844025759,0.010040727750269873,0.14530860350937358,0.1039896454467426,0.24771659281343994,0.18662685866930095
레딧 언급 전체,APP,2023-02-09,16.110000610351562,-0.031657368687753706,-0.0345805612302168,-0.11793919926879048,-0.0916305413518107,-0.23587833933992242,-0.1838505497447157
레딧 언급 전체,APP,2024-11-08,290.010009765625,0.0037239630905789856,0.024520035225911507,0.14930514925316585,0.15378531887292435,0.1811316748058096,0.17028229549842022
레딧 언급 전체,APP,2024-12-09,342.5400085449219,0.004145451260389121,0.0006560264784882808,0.006656153215450988,0.023177272411355143,-0.03894434520089407,-0.013823615847523785
레딧 언급 전체,APP,2025-02-14,510.1300048828125,-0.19540115602233554,-0.17491568778499222,-0.33871759530125134,-0.29618849548719983,-0.39848665405594896,-0.3286982549398926
레딧 언급 전체,APP,2025-08-08,455.9800109863281,-0.037940299780083064,-0.0477648545959628,-0.031361064007201955,-0.044120417684757385,0.19970166421121016,0.18141793818720364
레딧 언급 전체,APP,2025-09-08,547.0399780273438,0.08427178720526607,0.06565372741070075,0.17633084572812474,0.148573175319465,0.0730477178592217,0.037938417022783444
레딧 언급 전체,ATO,2023-01-12,116.37999725341797,-0.029042767942827896,-0.026322124564368332,-0.0036947956291788486,-0.02566174798812937,-0.0011170068438384195,-0.029029182701232337
레딧 언급 전체,ATO,2024-12-09,141.0500030517578,-0.004253853885387349,-0.007743278667288189,-0.013115959329946025,0.0034051598659581295,-0.010847208409739961,0.014273520943630325
레딧 언급 전체,AVGO,2019-06-14,26.593000411987305,0.03030871821052794,0.013922110748903371,0.08246526725580994,0.06953575709847648,0.08427026612580302,0.044548251860212496
레딧 언급 전체,AVGO,2022-06-10,54.12699890136719,-0.07874068966333803,-0.017324570650729676,-0.0656973382606948,-0.0625932041073588,-0.11066561947550047,-0.08765381469969502
레딧 언급 전체,AVGO,2023-05-30,80.33399963378906,-0.01660566683932385,-0.03528815110880423,0.05947668359238545,0.020255370646520277,0.05551820032369892,0.016939442992994103
레딧 언급 전체,AVGO,2023-07-03,87.64399719238281,0.006400947659204181,0.009397899064677584,0.03079509394155866,0.007360600833921094,0.04970109701929215,0.021106486511918154
레딧 언급 전체,AVGO,2023-12-13,108.96900177001953,0.018987053295278278,0.023747925206808573,0.030026847004978263,0.016870625025368735,0.016509245220732494,0.003374297982090102
레딧 언급 전체,AVGO,2024-03-07,140.7010040283203,-0.10287067070195677,-0.10314264414672569,-0.04194000616637206,-0.056294845201129484,-0.04803100667922422,-0.05506271766843329
레딧 언급 전체,AVGO,2024-06-13,167.8990020751953,-0.01212631080729476,-0.015923891252011546,-0.04375254295729081,-0.04701543991786494,0.020970917338585915,-0.014202862107402403
레딧 언급 전체,AVGO,2024-07-15,171.4199981689453,-0.06043635935721525,-0.04818411188359861,-0.12367283382740579,-0.09380796702366823,-0.13300666955606288,-0.08267986904459068
레딧 언급 전체,AVGO,2024-09-06,137.0,0.22401461636062958,0.18394868808880016,0.24890515404026003,0.1972913865435939,0.28934306123830966,0.2289759060057388
레딧 언급 전체,AVGO,2024-12-13,224.8000030517578,-0.01783812149104702,0.0037768750890407876,0.0479537305736375,0.07441812323188257,0.014234861676160282,0.03315211273145391
레딧 언급 전체,AVGO,2025-01-31,221.27000427246094,0.016269674041736515,0.01801436145689428,0.053192881034064055,0.040099257048633374,-0.1532065282266215,-0.1232141923565967
레딧 언급 전체,AVGO,2025-03-10,184.4499969482422,0.05448632809995613,0.04276631111054252,0.03686637660214176,0.012784176758338983,-0.16432636519424249,-0.06407303740210302
레딧 언급 전체,AVGO,2025-06-06,246.92999267578125,0.00716804084137701,0.010739851430080938,0.02770020572454568,0.026014439891967056,0.10071678554594121,0.0653327155644512
레딧 언급 전체,AVGO,2025-09-08,345.6499938964844,0.05334877120503778,0.03473071141047246,-0.01984662367335943,-0.04760429408201916,-0.02939390667298003,-0.06450320750941829
레딧 언급 전체,AVGO,2026-02-06,332.9200134277344,-0.023278864854672565,-0.010435339935179866,-0.007749660536415237,0.00416713962421944,0.03853774496813345,0.05642019215074345
레딧 언급 전체,AVGO,2026-06-04,418.9100036621094,-0.07958749145743127,-0.05405549869016435,-0.018046829850097312,-0.004376016269205141,-0.10744553572879068,-0.09977141857957228
레딧 언급 전체,AVGO,2026-09-03,357.1600036621094,0.013523313144645943,0.025008504084662486,0.001259888242914231,0.016107826888359544,-0.005655697706798302,-0.001090119192702077
레딧 언급 전체,AXON,2024-07-17,317.7799987792969,-0.014695743739925438,0.013512001984550603,-0.05591915501898348,-0.044912574676503225,0.16612124346310853,0.18980422975173294
레딧 언급 전체,AXP,2020-07-23,96.66999816894531,-0.020895796848326764,-0.023992155612440502,-0.007758353307189103,-0.04296393733622195,0.0005172551226331201,-0.046918983821996774
레딧 언급 전체,BA,2019-03-12,375.4100036621094,-0.0052742627181300294,-0.015686097716832825,-0.013398680723021306,-0.01923074963341631,-0.016968101688949244,-0.04494766302372566
레딧 언급 전체,BA,2020-01-09,336.3399963378906,-0.0129035986952043,-0.025975754247128724,-0.039513613277115556,-0.046003725497535064,0.0012190154800901798,-0.015771703681856764
레딧 언급 전체,BA,2020-03-10,231.00999450683594,-0.4626206556358541,-0.33912017467876054,-0.4472966393607808,-0.29033797691139873,-0.3871260759375278,-0.30637575536118766
레딧 언급 전체,BA,2020-06-02,153.30999755859375,0.4137369313460977,0.3724813401794351,0.29000070068408257,0.27416064259686945,0.1956167632296919,0.19470791230947415
레딧 언급 전체,BA,2020-07-22,179.7899932861328,-0.0766449707652318,-0.07132162036336631,-0.03064683637907961,-0.046708759634547126,-0.05851265035050912,-0.09023885147485866
레딧 언급 전체,BA,2020-08-31,171.82000732421875,-0.06250730436123209,-0.01641642171818669,-0.04848097704556753,-0.022315152434932872,-0.04784076865502773,0.0006548442956572087
레딧 언급 전체,BA,2020-11-27,216.5,0.07487301022571446,0.05787960288499816,0.06387991607877463,0.056648155779249754,-0.001893781349235013,-0.02526661849872691
레딧 언급 전체,BA,2022-04-28,154.22000122070312,-0.024315912140562168,0.008408895787944792,-0.20153029169398284,-0.11861965046745315,-0.17176758950909288,-0.11917414819542105
레딧 언급 전체,BA,2023-12-12,248.6300048828125,0.05984798532190805,0.036706442350284973,0.05417689319940289,0.027436958920364463,-0.10445240200571781,-0.13084757511258416
레딧 언급 전체,BA,2024-01-29,205.19000244140625,0.007017897676654394,0.004412408214807373,0.020176418638284455,0.0004112748481026607,-0.01847072713011022,-0.050347300119130245
레딧 언급 전체,BA,2024-05-07,176.7100067138672,0.02291883673303552,0.011007220980928434,0.04566799705065261,0.01817066499292741,0.0743591131821133,0.040461198178115776
레딧 언급 전체,BA,2024-09-16,155.5500030517578,0.004821600676860438,-0.007313208023305817,-0.022565153948965744,-0.04196672879993213,-0.042172918224958056,-0.08033648059410325
레딧 언급 전체,BAC,2019-01-17,28.989999771118164,0.02035185088810132,0.009627758190142277,-0.02104175975052225,-0.04804208806749555,0.00413938738119457,-0.050659837331174185
레딧 언급 전체,BAC,2019-04-16,29.8799991607666,0.00468545183832858,-0.0024485683508539413,0.012717572917946729,0.007031076241424072,-0.05321279417326674,-0.0356362638481067
레딧 언급 전체,BAC,2020-01-15,34.66999816894531,-0.015863838076380254,-0.02661979880960552,-0.03432358493098775,-0.03276957730786989,0.006922460084862969,-0.02010455186310489
레딧 언급 전체,BAC,2020-03-11,22.670000076293945,-0.08292894373355209,0.04230792456389265,-0.06925450769918484,0.03123387813485634,0.03440673506927583,0.03560948543333775
레딧 언급 전체,BAC,2020-07-13,24.190000534057617,-0.0252170565061679,-0.05532762408524394,-0.002067017085790601,-0.028683727098132827,0.09797432325592537,0.032131319738416764
레딧 언급 전체,BAC,2020-10-15,24.149999618530273,0.029813715613919545,0.03813030453028643,-0.025258745864943144,0.025158488706774507,0.10517602300823237,0.08874439292167668
레딧 언급 전체,BAC,2022-01-19,46.439998626708984,-0.01162784489230173,0.029036228416359,0.009689939195662411,-0.0027063111718319544,0.026701156656659286,0.03810125382651952
레딧 언급 전체,BAC,2023-03-20,27.75,0.02666665841867255,0.019682353882160886,0.03027027576893304,-0.013438827699099098,0.10126124201594178,0.04927261569297592
레딧 언급 전체,BAC,2023-07-17,29.399999618530273,0.11054428399720861,0.10309149388001937,0.08843538827228392,0.07301969254101515,0.05204084035705825,0.058096228096619074
레딧 언급 전체,BBY,2019-08-28,69.0,-0.046956490779268556,-0.07786788343037321,-0.016521730284760006,-0.059444618815796435,-0.029565230659816533,-0.05763814748053775
레딧 언급 전체,BBY,2020-03-20,51.650001525878906,0.2094869191708142,0.10188204684212754,0.035430744671721026,-0.04931575502680463,0.3512100455710443,0.12048455351678511
레딧 언급 전체,BBY,2020-08-21,114.0,-0.024298216167249143,-0.056995209294142146,-0.06745616176672153,-0.07655830692370125,-0.07043858578330597,-0.033588081009023996
레딧 언급 전체,BBY,2020-12-08,102.98999786376953,0.0,0.0015668937753030576,0.01106903013199756,0.018984374668492232,0.04582970500636896,0.021705674555899668
레딧 언급 전체,BBY,2022-08-09,76.33999633789062,0.11278492302046494,0.06817569527950829,0.032748233166460805,0.030317213389720266,-0.04060778913847607,-0.007618832962785871
레딧 언급 전체,BE,2020-07-02,10.350000381469727,0.3256038416764322,0.30843705705303726,0.6415458111032013,0.6111515828085017,0.1748791690078526,0.12911169783427123
레딧 언급 전체,BIIB,2019-03-22,216.7100067138672,0.09076645083084034,0.07919971498006828,0.11540765876980408,0.08203252063473254,0.0558349428723095,0.016372135303206914
레딧 언급 전체,BIIB,2019-10-23,278.82000732421875,0.07556849139494504,0.061362776788231876,0.036510983460178004,0.012434682596022206,0.023599406066345363,-0.012715066234383565
레딧 언급 전체,BIIB,2019-12-04,289.5199890136719,0.009360396779126257,-0.00014330210312052394,0.02448879734364673,-0.0016140894021943186,0.004593869647393944,-0.030563173014410028
레딧 언급 전체,BIIB,2020-02-06,337.239990234375,-0.008866060731104297,-0.018088129330867564,-0.001571577495683485,-7.448191046155461e-05,-0.05719955695034151,0.05214836307456383
레딧 언급 전체,BKNG,2020-03-20,47.097198486328125,0.06600823181261228,-0.04159664051607437,0.04522564264058193,-0.039520857057943726,0.19890779773741785,-0.03181769431684134
레딧 언급 전체,BKNG,2022-03-07,72.6864013671875,0.10059102657331387,0.1063845862095214,0.18943289663059848,0.1299235091082085,0.30696802150317315,0.2178709236089973
레딧 언급 전체,BLK,2022-02-15,781.1900024414062,-0.06234080320387103,-0.008204973645329239,-0.05523627322317015,-0.036832347325950976,-0.0641073451187697,-0.04061483033970403
레딧 언급 전체,BMY,2019-12-23,63.209999084472656,0.015503929301184494,0.0135115747515695,0.010283207329432997,0.00022775943063035875,0.057902289433958254,0.025214412091022487
레딧 언급 전체,BMY,2020-03-10,57.93000030517578,-0.06628690026512574,0.0572135806919678,-0.1500086066102191,0.006950055839162972,-0.017780058240477015,0.06297026233586311
레딧 언급 전체,BMY,2022-04-18,76.75,-0.009120481410321624,0.012479151963451396,-0.02175893379733307,0.03187485429067316,0.002084738268526065,0.08857469140968632
레딧 언급 전체,BMY,2023-03-03,69.30000305175781,-0.051803806770454264,-0.006577555084659958,-0.03997119986260489,-0.0048391774937691645,0.00014422087151233498,-0.01272104589813039
레딧 언급 전체,BMY,2024-11-12,59.02000045776367,-0.013385308529312745,-0.0023281191321895545,-0.004744133804222006,-0.01102659292068986,-0.04015586095396262,-0.057847261735793354
레딧 언급 전체,BRO,2020-02-24,47.310001373291016,-0.0395265840689184,0.0018170563215422764,-0.10822241805033095,0.04124101608666719,-0.3307968943478864,-0.022286217786591234
레딧 언급 전체,CARR,2023-03-06,48.380001068115234,-0.07503102496844671,-0.027783971264918605,-0.070070262811189,-0.043541692202875404,-0.05560153745385288,-0.07162253027599352
레딧 언급 전체,CBOE,2022-11-14,118.62000274658203,0.04560778879994354,0.046949150375785065,0.03903217961737382,0.03875374301456924,0.036671711122907125,0.019335190095961963
레딧 언급 전체,CBOE,2023-01-30,122.6500015258789,0.029351801299093427,0.006285847783416454,0.04834896234326225,0.017794054965967643,0.028699523842433017,0.0395085470628066
레딧 언급 전체,CCL,2020-02-25,35.84000015258789,-0.11188616662414519,-0.07219320675088126,-0.32979909722379663,-0.25230035760516634,-0.6183035645386851,-0.39601026098272585
레딧 언급 전체,CCL,2020-03-24,13.680000305175781,-0.03728071765384966,-0.09732598382700552,-0.17397661267159859,-0.2643735344814574,-0.14912280090236552,-0.2969739755247929
레딧 언급 전체,CCL,2020-04-30,15.899999618530273,-0.14905660015218003,-0.13941731963494453,-0.22830183948785165,-0.20933320289590274,-0.010062883726465133,-0.05770814610061881
레딧 언급 전체,CCL,2020-06-08,24.90999984741211,-0.21959049967327748,-0.1696213666160753,-0.3083099298362161,-0.2693866111025973,-0.41509434829089775,-0.3859482682415559
레딧 언급 전체,CCL,2020-07-10,16.15999984741211,-0.04269799423876841,-0.055702197552585986,-0.08415839539101477,-0.09451769065490456,-0.1200494801176607,-0.17351467480931826
레딧 언급 전체,CCL,2020-09-08,18.290000915527344,-0.12903228497643393,-0.14992007991398337,-0.21213782798782133,-0.20340458547788987,-0.16949158993820979,-0.17465350364071364
레딧 언급 전체,CCL,2020-10-19,14.149999618530273,-0.008480557511954645,-0.0008199772880513878,-0.042402787559773114,-0.007871641624345727,0.24169612498188697,0.18158093252689644
레딧 언급 전체,CCL,2020-11-18,17.59000015258789,0.17396244681056405,0.15605516909452066,0.30073899728763975,0.2715203947902316,0.22967589386770615,0.18487969001185967
레딧 언급 전체,CCL,2022-03-25,18.389999389648438,0.09026644385570282,0.08975834563155893,-0.002718827554104797,0.00859132970489096,0.02664490415339449,0.08005892378134283
레딧 언급 전체,CCL,2022-05-13,14.279999732971191,-0.08053218767749915,-0.05043660791758464,-0.021708646480337324,-0.05541373585546916,-0.30602240667198044,-0.23950841399173228
레딧 언급 전체,CCL,2022-06-14,9.520000457763672,0.01050414107006259,0.009113231026353308,-0.06827736774681636,-0.08558285175249358,-0.08508407359961145,-0.09588999169329404
레딧 언급 전체,CCL,2022-08-10,10.34000015258789,0.021276621255537087,0.005419091750148652,-0.028046417560298242,-0.012998495101208762,-0.025145089462765946,0.02154646463979537
레딧 언급 전체,CCL,2022-09-23,8.949999809265137,-0.21452509948315113,-0.185254766084738,-0.24469269576030483,-0.2306690417558961,-0.08379888446741546,-0.10102947592700573
레딧 언급 전체,CCL,2022-11-16,9.630000114440918,0.010384156449328996,-0.007241336041626134,0.03530634979723768,0.005138206397268474,-0.1038421586828876,-0.08912473007102106
레딧 언급 전체,CCL,2023-06-09,13.09000015258789,0.20702826635270943,0.18479054201141598,0.11535524914285888,0.11177300079025088,0.4438502214068918,0.4146341299044154
레딧 언급 전체,CCL,2024-03-27,17.190000534057617,-0.12390925237150885,-0.10460391010061643,-0.1291448631796399,-0.11926283041966013,-0.11692845645347894,-0.07931163339663916
레딧 언급 전체,CCL,2024-04-26,15.079999923706055,-0.04244034128386576,-0.048401854527243215,-0.04310342319753335,-0.06785456798196132,0.003315662532349384,-0.03835590766564434
레딧 언급 전체,CCL,2024-05-31,15.079999923706055,0.10742711189850374,0.09483630333920745,0.017241394575414404,-0.011979141902515478,0.17440312825414495,0.14032831947726687
레딧 언급 전체,CCL,2024-08-05,14.399999618530273,0.01388894223872672,-0.016823521518036788,0.08333338852282068,0.0017106352849656226,0.13472226287847788,0.06765354766036502
레딧 언급 전체,CCL,2024-10-10,20.389999389648438,0.05002454577225257,0.039228422240394245,0.025502720614482444,0.02010465884855317,0.16135365443893068,0.1275418753202362
레딧 언급 전체,CEG,2025-01-13,279.239990234375,0.15900310115609217,0.1217476055356026,-0.001575714284465235,-0.0413596876930884,0.12297664209581138,0.0818338940136647
레딧 언급 전체,CHD,2022-06-27,91.88999938964844,0.03351835729146435,0.05058005456955772,0.030471248997235634,0.05044090812062041,0.025356424491577156,0.019437542553744303
레딧 언급 전체,CHTR,2020-11-30,651.989990234375,0.04412647427441008,0.024709806245075683,-0.00355834807124078,-0.01073949517682482,0.01992360378064295,-0.006038927180715525
레딧 언급 전체,CHTR,2026-05-20,144.61000061035156,0.018325108120459177,0.0003150230129549403,-0.10759973371772413,-0.1289690785480362,-0.12710045761594635,-0.13450685253584516
레딧 언급 전체,CHTR,2026-08-14,154.27000427246094,-0.026576819796248152,-0.012897174557086832,-0.0042134513338408786,0.004790401395283639,-0.07078497353029933,-0.050870990690490836
레딧 언급 전체,CI,2019-09-03,154.99000549316406,0.06452028934498655,0.03910233895405413,0.04200267292153281,0.006988490025148675,-0.029421334639438634,-0.038020082950548706
레딧 언급 전체,CLX,2020-02-25,167.85000610351562,0.00011908854897235699,0.03981204842223629,0.04259751943097845,0.12009625904960874,0.0028001263247692254,0.22509342988072845
레딧 언급 전체,CLX,2020-04-27,189.0500030517578,0.05405977813131857,0.0661830340683991,0.08865376480447562,0.0696674821401404,0.04274002486444051,0.0008309522607747866
레딧 언급 전체,CLX,2020-10-05,209.11000061035156,0.030175493951394516,-0.007115483638629572,0.016211560325922747,0.009589238877462325,0.03309262181984218,0.061230122655177355
레딧 언급 전체,CLX,2020-11-11,202.58999633789062,0.011797223124789813,0.012890711878411953,-0.009082365226078526,-0.025876572781709406,-0.009822746780921876,-0.0380280827493521
레딧 언급 전체,CLX,2023-02-03,154.77000427246094,-0.027524776429711628,-0.017072496825496497,-0.0073657644128609645,0.004978109147341758,-0.017703724349199423,0.0014062665958093357
레딧 언급 전체,CLX,2026-05-11,88.9000015258789,0.04409446683534868,0.044973627378616876,0.082452212657397,0.06718095707926008,0.10776154855594622,0.11080496805702988
레딧 언급 전체,CME,2019-02-28,181.91000366210938,-0.051728896007215086,-0.03855973063255558,-0.07410263710052312,-0.08300177249419094,-0.10527188593126424,-0.11255622220458461
레딧 언급 전체,CME,2020-03-10,207.00999450683594,-0.1980097160623876,-0.07450923510529406,-0.2644799838308871,-0.10752132138150505,-0.14588666127057415,-0.06513634069423402
레딧 언급 전체,CMG,2019-02-08,11.655400276184082,0.03967255278841764,0.014161428207714266,0.023834411495148755,-0.009625816079531502,0.05853076359319709,0.02906353549125451
레딧 언급 전체,CMG,2022-04-28,30.016399383544922,-0.08725895865589628,-0.05453415072738932,-0.1463866149828833,-0.06347597375635361,-0.10654842990872981,-0.053954988595057984
레딧 언급 전체,CMG,2024-03-21,58.09960174560547,0.0006161336405947626,-0.0010498853116271967,0.0001514070945451973,0.007370900474708786,-0.012347819783799063,0.039433122217024996
레딧 언급 전체,CMG,2024-06-20,64.28839874267578,-0.02921831826582355,-0.028066572593405836,-0.023929647848804914,-0.03789676786422991,-0.16719031796344086,-0.17082832570452866
레딧 언급 전체,CMG,2024-07-25,50.81999969482422,0.05194804024993549,0.04340429691207026,0.06887052382954773,0.08328323740754395,0.051751300352390395,0.018672422829791424
레딧 언급 전체,CMG,2025-10-31,31.690000534057617,-0.03471127683597053,-0.018451670796670427,-0.003786709915149178,0.011065363097595204,0.08046705905443785,0.08309142939392544
레딧 언급 전체,COF,2019-07-31,92.41999816894531,-0.04836616867847032,-0.016560393578343935,-0.09705692921899667,-0.051567237148683165,-0.08472194315283699,-0.056009378053012315
레딧 언급 전체,COF,2025-09-17,225.61000061035156,-0.005629202025730917,-0.008541885862451304,-0.05376536877796523,-0.06782832523030013,-0.04658479002882332,-0.05567182285890071
레딧 언급 전체,COIN,2022-04-14,147.2899932861328,-0.10706761988261015,-0.0802282682056421,-0.23477490513889399,-0.17586536393981578,-0.5392083247995374,-0.4568172089216208
레딧 언급 전체,COIN,2022-05-13,67.87000274658203,-0.025342583631908666,0.0047529961280058375,0.10976862600196924,0.0760635366268374,-0.23368209493475445,-0.1671681022545063
레딧 언급 전체,COIN,2022-07-15,53.790000915527344,0.31660157072763484,0.29074019579241317,0.170477747032316,0.10073510166316213,0.6822828838742061,0.573306692228287
레딧 언급 전체,COIN,2022-11-04,58.81999969482422,-0.023121397779796937,-0.08200276699123854,-0.23053385657334857,-0.2828255859651856,-0.2179530731271373,-0.27970407580410495
레딧 언급 전체,COIN,2022-12-05,46.0,-0.07391307664954139,-0.07231147466569643,-0.2354348224142323,-0.1864596040564872,-0.18043476602305542,-0.1408191932676256
레딧 언급 전체,COIN,2023-01-06,33.2599983215332,0.5027060151677234,0.47585584564527617,0.6825015606883842,0.6501628193340683,1.2426337974166262,1.1865886501465803
레딧 언급 전체,COIN,2023-02-06,74.58999633789062,-0.24386641245578755,-0.25118652103322814,-0.16785088158941808,-0.14164491671065926,-0.17026407791617992,-0.1420572654882285
레딧 언급 전체,COIN,2023-05-05,58.2400016784668,-0.015453322457778418,-0.012932883971446762,-0.025068730375908177,-0.039585343718353205,0.008070010172744002,-0.02699772859921623
레딧 언급 전체,COIN,2023-06-07,53.2599983215332,0.012016583261643676,-0.012904305701016305,0.07942177037627474,0.05607158339305429,0.4780323639040813,0.4498996705658638
레딧 언급 전체,COIN,2023-07-13,107.0,-0.053644839848313364,-0.059472749652156764,-0.13373829494012845,-0.14025576244545146,-0.22065421131169682,-0.21253517510672704
레딧 언급 전체,COIN,2023-10-31,77.12000274658203,0.1549532744119595,0.1101661392564548,0.19411298052595138,0.12110963789528961,0.6574169494630784,0.5703534102910461
레딧 언급 전체,COIN,2023-12-26,172.0500030517578,-0.1151409311665883,-0.10071859238893777,-0.12066265270207388,-0.12257583187538723,-0.2966579483301316,-0.32268550018900266
레딧 언급 전체,COIN,2024-02-09,141.99000549316406,0.26987809411187436,0.27325000632305796,0.3658708003271629,0.35631378135134306,0.7900555555734663,0.7699438510108936
레딧 언급 전체,COIN,2024-03-11,254.1699981689453,-0.05724516330242291,-0.06033542025759009,0.10048390238865457,0.0838784791915348,-0.0441436884822467,-0.059868943849399225
레딧 언급 전체,COIN,2024-04-12,245.75,-0.141363196309925,-0.11064967520990387,-0.03837229979972023,-0.0333023256254108,-0.1824211671660415,-0.2019768501113185
레딧 언급 전체,COIN,2024-05-23,218.86000061035156,0.03225805327106368,0.029577292213896156,0.11559902668921573,0.10029370412348793,-0.029927821591388626,-0.061831326726216385
레딧 언급 전체,COIN,2024-07-10,219.55999755859375,0.1345418513089507,0.1423448956074993,0.11614137494784238,0.15193205868141668,-0.18514298755918024,-0.10914349774401133
레딧 언급 전체,COIN,2024-10-15,196.33999633789062,0.07324032367844846,0.0671345976298352,0.1187735955952971,0.11534127620894585,0.6253947786247629,0.5958663467159411
레딧 언급 전체,COIN,2024-11-12,319.1300048828125,0.017046352139166165,0.028103541536289356,-0.0809701248473308,-0.08725258396379865,-0.016670345134649156,-0.03436174591647989
레딧 언급 전체,COIN,2024-12-26,274.4100036621094,-0.013702159962997729,0.0019129899174116227,-0.08458148902780704,-0.051405563068988025,0.027003402074341265,0.021715224780689102
레딧 언급 전체,COIN,2025-02-14,274.30999755859375,-0.17221388449133845,-0.15172841625399514,-0.24993619688961233,-0.20740709707556082,-0.31114429515641495,-0.24135589604035856
레딧 언급 전체,COIN,2025-05-14,263.4100036621094,-0.016779975575279105,-0.008730074644830332,-0.055313037172682766,-0.059499563194345684,-0.08488667969890007,-0.11238880261785522
레딧 언급 전체,COIN,2025-06-25,355.3699951171875,-0.002588803001932871,-0.024544952028569322,0.09452119424661598,0.06372001431937324,0.11630136943951808,0.07133499044931657
레딧 언급 전체,COIN,2025-07-28,379.489990234375,-0.16158522855574953,-0.1525262598787417,-0.15776435916059728,-0.15616292177663604,-0.1936546210059117,-0.20233670760829525
레딧 언급 전체,COIN,2025-09-19,342.4599914550781,-0.08722185324560949,-0.08438924084808841,0.10967703818190588,0.10137507997144524,-0.01880512352419128,-0.019844753520749103
레딧 언급 전체,COIN,2026-02-13,164.32000732421875,-0.024829610815464864,-0.025768392844709442,0.12731254403895087,0.1205211910755295,0.23734176157288833,0.2559995843864197
레딧 언급 전체,COO,2022-09-20,70.88249969482422,-0.06955172752655847,-0.0156320950119454,-0.013966745925042767,0.0019670070379050886,-0.08838570051312544,-0.05464363074133949
레딧 언급 전체,COST,2019-08-28,294.489990234375,0.00842137617089933,-0.02249001648020532,-0.015620142410533333,-0.05854303094156976,-0.02115515187389483,-0.049228068694616045
레딧 언급 전체,COST,2019-10-04,291.6700134277344,0.020331170167585677,0.013774375074119494,0.03836517779912474,0.026066910287234624,0.015154053233694453,-0.024900332023479965
레딧 언급 전체,COST,2020-03-06,311.3399963378906,-0.029132162365593572,0.06546874175333572,-0.06719336788149843,0.16362755047951494,-0.07287853378395137,0.09275714976683147
레딧 언급 전체,COST,2020-05-27,306.010009765625,0.0020587721404767834,-0.026439214652498988,0.004313508592910464,-0.04665345112414765,-0.026110324816082775,-0.027955274444936284
레딧 언급 전체,COST,2023-08-11,562.9600219726562,-0.032009412441235896,-0.011477618383566202,-0.05142463243764295,-0.03867922067151919,-0.007425025779156047,-0.013708024430329036
레딧 언급 전체,COST,2024-03-04,759.1799926757812,-0.05940616984251601,-0.057415170353981804,-0.036407722694348665,-0.0375008274609645,-0.06306805414359795,-0.07583408814386217
레딧 언급 전체,COST,2024-09-27,885.6199951171875,-0.0028341837124994385,-0.0054765093692039635,0.0038504484976495945,-0.010341104519108857,0.006323226233387436,-0.00692332688803865
레딧 언급 전체,COST,2025-08-25,941.5800170898438,-0.002931253547792334,0.0004929550101070435,0.04000720302729399,0.027773095994841235,0.0021452860717423583,-0.030136458158004586
레딧 언급 전체,CRL,2025-08-15,156.67999267578125,0.03293339228568248,0.030027145999949267,0.04231558075530417,0.03981342772556751,-0.028337933304636298,-0.05548882637444641
레딧 언급 전체,CRM,2019-08-22,148.24000549316406,0.05187524890486994,0.05112274777022052,0.019090675432990256,-0.00037164063794548063,0.04695083106563347,0.02670177605006563
레딧 언급 전체,CRM,2019-12-03,161.57000732421875,-0.03199859623302381,-0.04485600583818905,0.0003713409412264834,-0.03199829215968486,0.0335458186745583,-0.015945403836698846
레딧 언급 전체,CRM,2020-02-21,189.5,-0.10079158893675788,0.010819302254645669,-0.13414247054852413,-0.026129941027746573,-0.2646437672637698,0.049258129359539216
레딧 언급 전체,CRM,2020-05-14,167.0,0.049461044951113475,0.014685441836193691,0.04664666638402881,-0.021255239152089267,0.048562877906296764,-0.01895296639997479
레딧 언급 전체,CRM,2020-08-26,272.32000732421875,0.01604727893527369,-0.013097942658496065,-0.09004114135201202,-0.05068218520646539,-0.12768068205530148,-0.05842842548252458
레딧 언급 전체,CRM,2020-11-27,247.6300048828125,-0.08791343473406343,-0.10490684207477974,-0.10180513757126275,-0.10903689787078763,-0.0928401447314261,-0.116212981880918
레딧 언급 전체,CRM,2020-12-28,224.63999938964844,-0.013888867190458454,-0.011631762036467208,-0.04059826897243024,-0.05833203404702836,0.0006232166578918896,-0.005395511755352356
레딧 언급 전체,CRM,2022-03-04,203.00999450683594,-0.02517117752140763,0.0028270771643931214,0.07777946392875834,0.04920280381302211,0.045515027551281007,-0.0024984841577393446
레딧 언급 전체,CRM,2022-06-03,184.91000366210938,-0.03493595038628472,0.01558292796971772,-0.11708403399761447,-0.00825171007449943,-0.0687361768544037,0.0008794915213533594
레딧 언급 전체,CRM,2023-01-06,140.50999450683594,0.06405238311757344,0.03720221359512621,0.10931607153115563,0.07697733017683972,0.2031172846109064,0.14707213734086055
레딧 언급 전체,CRM,2023-03-02,186.58999633789062,-0.04217801206735616,-0.02646699414835718,0.003805170308173844,0.00807859786772347,0.053647086993335646,0.03884098688377269
레딧 언급 전체,CRM,2023-06-20,216.97000122070312,-0.03756276835798211,-0.0352525545673984,-0.01451810793548447,-0.028128090795436322,0.08019539013960286,0.03897662479547637
레딧 언급 전체,CRM,2024-02-21,283.54998779296875,0.05720332187968924,0.039001720009095076,0.07131018194741223,0.04608943264544485,0.07945688502637815,0.03265575589867775
레딧 언급 전체,CRM,2024-05-30,218.00999450683594,0.11352690529618781,0.09046958122905835,0.0505481608647782,0.012584808821050508,0.1793037593762885,0.13795363986598996
레딧 언급 전체,CRM,2025-12-04,247.4600067138672,0.060171336723777946,0.05318706144300234,0.04198658008468481,0.05355899314711232,0.035561314204331396,0.030695731739049492
레딧 언급 전체,CRM,2026-06-02,200.83999633789062,-0.12691690250527077,-0.0972685234038071,-0.1948316587209633,-0.18266689425517657,-0.1872634997815723,-0.16908216372902984
레딧 언급 전체,CRM,2026-08-31,257.5400085449219,-0.03269400150798585,-0.03127301742916633,-0.007338722473125281,0.005254945864352822,-0.12514564695568975,-0.1214301451874964
레딧 언급 전체,CRWD,2019-06-13,16.889999389648438,0.10790410270818662,0.08621752535305682,-0.06335107954355534,-0.06998141836793825,0.08792188656097233,0.04969408133432829
레딧 언급 전체,CRWD,2019-09-03,20.940000534057617,-0.14457975527096323,-0.16999770566189565,-0.15186247488407212,-0.18687665778045626,-0.3088586686579362,-0.3174574169690463
레딧 언급 전체,CRWD,2020-06-02,23.0625,0.017886195402481375,-0.023369395764181178,0.09528456276994413,0.07944450468273101,0.08715448146913118,0.08624563054891343
레딧 언급 전체,CRWD,2020-09-02,35.51750183105469,-0.08953333261731122,-0.02296918180365992,-0.09495322585842092,-0.033840519335815666,0.005630940745593671,0.06338884669207623
레딧 언급 전체,CRWD,2020-10-13,38.20000076293945,-0.06649216923554568,-0.04721361582433714,-0.12643983598399866,-0.09242388906138166,-0.19175394284405245,-0.20292123387190375
레딧 언급 전체,CRWD,2020-12-01,36.875,0.2032542083222988,0.191915963038904,0.1859660520391948,0.17621246635706034,0.42569486973649373,0.40938428179076225
레딧 언급 전체,CRWD,2022-11-30,29.412500381469727,-0.037824092817014265,-0.0022079495808184912,0.024819363630038005,0.04512940809641375,-0.11117723469113205,-0.05171885883295613
레딧 언급 전체,CRWD,2024-03-04,78.45249938964844,0.01134443639874494,0.013335435887279146,0.023103151768280705,0.022010047001664867,0.01829129179768474,0.005525257797420524
레딧 언급 전체,CRWD,2024-06-05,85.54499816894531,0.13206500499350993,0.11955260920687305,0.11678070848086874,0.09371972229508607,0.13881583089811644,0.10146562913517787
레딧 언급 전체,CRWD,2024-07-22,65.97750091552734,-0.01932479266699294,-0.001493702406273334,-0.1586146793584452,-0.09141911839074779,0.010874900827412493,0.0019323952488006224
레딧 언급 전체,CRWD,2024-08-29,67.9175033569336,-0.09305412003010982,-0.06083420237810999,-0.04615897200688868,-0.0527140617171491,0.05223238201665836,0.028734583698642346
레딧 언급 전체,CSCO,2019-08-15,46.25,0.041729736328125044,0.014643870807671489,0.022054063951646885,-0.0058046848479931246,0.0817297033361486,0.023974555632246597
레딧 언급 전체,CSCO,2020-02-13,47.31999969482422,-0.021555377522017194,-0.010934162906826028,-0.15617074043338897,-0.035124077855530955,-0.20456467387159694,-0.003591580876189715
레딧 언급 전체,CSCO,2020-05-11,43.31999969482422,0.040166244014879116,0.0316192354678706,0.03508773011245614,0.012592049523513893,0.10918743249209806,0.012469454560741111
레딧 언급 전체,CSCO,2020-08-13,42.720001220703125,-0.009597374431099315,-0.013902253048906577,-0.01006554992717068,-0.044207403261041556,-0.06647940242126116,-0.058255701669850835
레딧 언급 전체,CSCO,2020-11-13,41.400001525878906,-0.010386480418533073,-0.002651156531246479,0.03913040754049524,0.028072068005216222,0.06859903497376973,0.05028013676996057
레딧 언급 전체,CSCO,2025-02-14,64.87000274658203,-0.025127192833379608,-0.00464172459603629,-0.021427518814448376,0.02110158099960313,-0.06135352533406968,0.008434873781986707
레딧 언급 전체,CSCO,2026-05-15,118.20999908447266,0.018610985489176723,0.009857881483507525,0.026393729555420187,0.00018866770898706697,0.01658065391804997,-0.004605317565847367
레딧 언급 전체,CVNA,2020-02-26,20.312000274658203,-0.18816465399069882,-0.19253057807276142,-0.44279245339006046,-0.32356287185414556,-0.38450178781066013,-0.17676500863291633
레딧 언급 전체,CVNA,2020-04-14,16.81599998474121,0.01784010688230042,0.05572022836761459,-0.013320702366162673,-0.02015675149753704,0.1146526818630722,0.10450431583151532
레딧 언급 전체,CVNA,2020-08-07,38.400001525878906,0.024374921148025086,0.017590125846657534,0.0531249223897885,0.03844935806954952,-0.02604166563186383,-0.04995295422578594
레딧 언급 전체,CVNA,2022-07-05,5.515999794006348,-0.19978241494343396,-0.1968239771277147,-0.17150102568402703,-0.1984933751165363,0.23459031854556023,0.16625853854921147
레딧 언급 전체,CVNA,2022-08-05,9.395999908447266,0.10898256468969048,0.07601764621296403,-0.09961684540447935,-0.12058575101344149,-0.327799058505423,-0.2764531061421319
레딧 언급 전체,CVNA,2022-11-07,1.4780000448226929,0.31799722269786734,0.27807096286690225,-0.04600817059477935,-0.08453951329909859,-0.09201626053374945,-0.12854731440741352
레딧 언급 전체,CVNA,2022-12-08,0.9919999837875366,0.10282258040288172,0.11950435285006134,-0.16733872106455816,-0.1281705669252149,-0.10483868351122794,-0.08368987195928002
레딧 언급 전체,CVNA,2023-01-12,1.6059999465942383,-0.1917808086992202,-0.18906016532076064,-0.032378535676387266,-0.054345488035337786,0.34993776770131824,0.3220255918439243
레딧 언급 전체,CVNA,2023-02-10,2.1679999828338623,0.04889296468336801,0.05080453894805437,-0.17619924931138486,-0.1509321251503023,-0.30996307041343074,-0.25438022873514343
레딧 언급 전체,CVNA,2023-03-23,1.6699999570846558,0.05748507653129509,0.030702772643228293,0.07904197130767954,0.03829626724442603,-0.025149662983908527,-0.07355111306752393
레딧 언급 전체,CVNA,2023-05-05,1.7920000553131104,0.17187491060966642,0.17439534909599808,0.19866067835139423,0.1841440650089492,0.6741070911829965,0.6390393524110363
레딧 언급 전체,CVNA,2023-06-09,3.813999891281128,0.32773997746463035,0.3055022531233369,0.0964867014751134,0.09290445312250539,0.8652333629741686,0.8360172714716922
레딧 언급 전체,CVNA,2023-07-11,7.113999843597412,0.11892046853374039,0.09240957215245915,0.24008992744152335,0.2107539168710717,0.23727863920297287,0.22306264529076292
레딧 언급 전체,CVNA,2023-08-10,7.892000198364258,-0.0562595328156037,-0.03468568374699854,-0.04308161987354753,-0.022853347487654108,0.19006588473108477,0.19094053352845297
레딧 언급 전체,CVNA,2023-09-08,9.392000198364258,0.11158425893150703,0.11641006686269373,-0.10583479704872734,-0.07194187202112745,-0.19825382764367916,-0.16238567163988737
레딧 언급 전체,CVNA,2023-12-20,11.09000015258789,-0.009738485135236008,-0.02774128806517373,-0.15473404268126778,-0.15400795817522417,-0.1280432873540207,-0.16048253504679133
레딧 언급 전체,CVNA,2024-02-23,13.845999717712402,0.19832438193176283,0.1884790153425524,0.2321247879355719,0.22450443729920955,0.24136935402029258,0.2150623426811662
레딧 언급 전체,CVNA,2024-04-03,16.479999542236328,-0.0228155012820207,-0.01263091049467413,-0.1606796017622606,-0.1243691989461897,0.05691746064299408,0.09361288049722927
레딧 언급 전체,CVNA,2024-05-03,24.333999633789062,-0.038382511272905595,-0.05706079199606162,-0.034273019081951905,-0.069791029132238,-0.18665241576595248,-0.21894324674665666
레딧 언급 전체,CVNA,2024-10-24,40.04399871826172,0.2351913740817395,0.2534911734130123,0.20582361511452385,0.17756245325903142,0.24053541798486355,0.2156234766150309
레딧 언급 전체,CVNA,2024-12-05,51.145999908447266,-0.0311265603723615,-0.027285931094299,-0.1280647411094753,-0.09417426132056805,-0.2615258177497164,-0.24289925873281448
레딧 언급 전체,CVNA,2025-01-06,37.77000045776367,0.03357155748825469,0.055692598932414406,0.23934341556697447,0.2207327978525493,0.35546726304008835,0.3405855350611233
레딧 언급 전체,CVNA,2025-02-20,49.54399871826172,-0.09894236545422874,-0.05744359929673171,-0.2457209773398784,-0.1840053532879592,-0.2514936098583409,-0.17794923702611487
레딧 언급 전체,CVNA,2025-06-16,58.0099983215332,0.11349773554539744,0.10669472786151801,0.16621276305284427,0.141373657855711,0.2136528420218804,0.17791251831922938
레딧 언급 전체,CVNA,2025-07-23,68.5999984741211,-0.02743434688989277,-0.027828538074734732,0.03466469978053821,0.036919461809263976,-0.012798810081344203,-0.018948134822028284
레딧 언급 전체,CVNA,2025-09-12,72.35399627685547,0.08325735115093114,0.07368944174971936,0.020786763821226684,0.014078568996324092,-0.08991896838990077,-0.08324131853271477
레딧 언급 전체,CVNA,2025-12-08,89.59600067138672,-0.00013394613049388937,0.004108150315462411,-0.03212195109697458,-0.033877304429128285,0.0062502517344236175,-0.0024533045233963158
레딧 언급 전체,CVNA,2026-01-29,85.48799896240234,-0.10235354793891305,-0.07869499305735361,-0.19488110886818066,-0.17648165220807654,-0.2182294410492095,-0.20663070315539378
레딧 언급 전체,CVS,2019-04-30,54.380001068115234,0.017837392183771117,0.03855025717747551,-0.02592864692381991,0.010191329656050185,-0.034203761931188015,0.01936402457487718
레딧 언급 전체,CVS,2020-02-13,72.0,-0.006805525885687946,0.0038156887295032194,-0.178055551317003,-0.057008888739145,-0.17166667514377165,0.02930641785163557
레딧 언급 전체,CVS,2020-05-06,60.40999984741211,0.012249655360634826,0.02157241313190794,0.046515500420273526,0.0019069070138311162,0.10130771308298447,0.0059339739394048685
레딧 언급 전체,CVS,2020-07-31,62.939998626708984,0.0320940658061355,0.007440082646134272,0.0433746361900591,0.011768585499586148,0.004289807175958504,-0.06939633262599498
레딧 언급 전체,CVS,2020-12-04,74.5,-0.039194606294567946,-0.029596071072283014,-0.06644291205694208,-0.06463133055990988,-0.054228200208420674,-0.058229769613115545
레딧 언급 전체,CVS,2023-06-22,69.41000366210938,-0.009364666353327666,-0.01303004755912529,-0.0034577939850344297,-0.008131175996226148,0.08125629004580048,0.045357954246880494
레딧 언급 전체,CVS,2023-11-27,68.73999786376953,-0.0037822885498367542,-0.008644969859586626,0.07302886861314284,0.05650453516281462,0.1492581096171106,0.10267744072429741
레딧 언급 전체,CVS,2024-02-05,72.44000244140625,0.0669519369224767,0.04983687570578099,0.05342345371009305,0.04487605328984201,0.01753170348239097,-0.01217087543425266
레딧 언급 전체,CVS,2024-05-02,55.150001525878906,0.009610131724985926,-0.020368254049035528,0.04297368751245911,-0.0038750219093528493,0.0806889723503279,0.03645398355384377
레딧 언급 전체,CVS,2024-11-12,54.029998779296875,0.03220436272031768,0.04326155211744087,0.09217100971219261,0.08588855059572476,-0.04201370551637851,-0.05970510629820924
레딧 언급 전체,CVS,2025-02-13,66.37000274658203,-0.04354381625356396,-0.0274875645668462,-0.0097936040226001,0.015709468306259633,-0.010396299726562641,0.06655576825947429
레딧 언급 전체,CVX,2022-11-14,186.5500030517578,-0.028464205155335764,-0.027122843579494238,-0.029589944691287062,-0.02986838129409164,-0.06979364277388178,-0.08713016380082694
레딧 언급 전체,CVX,2023-01-27,179.4499969482422,-0.055725829869388344,-0.07216739353571655,-0.04168289693365934,-0.04750032917520142,-0.09267199725180231,-0.07307531554951596
레딧 언급 전체,CVX,2024-01-02,149.47999572753906,-0.025287656457970265,-0.02789002819649089,-0.04254750329230739,-0.04178587131047906,-0.013714230066572908,-0.03535817615444414
레딧 언급 전체,DAL,2019-01-16,47.5,0.00042106226870886054,-0.00942634633905337,0.04063158537212175,0.0063378413584394,0.06273683246813322,0.011391927370453692
레딧 언급 전체,DAL,2020-02-28,46.130001068115234,-0.005202724320608865,-0.009253158567210096,-0.16843703181993308,-0.0775033872058023,-0.3594190645383418,-0.2148163163288519
레딧 언급 전체,DAL,2020-04-06,22.31999969482422,0.099462421642323,0.027990609211945516,0.03494626780063892,0.0040619377932140655,-0.027329776823115992,-0.10786295763384257
레딧 언급 전체,DAL,2020-06-04,32.380001068115234,-0.1599752975387192,-0.12544934524635265,-0.04910438851571175,-0.05045335256855921,-0.14391604697473193,-0.1467103226546439
레딧 언급 전체,DAL,2020-07-13,26.81999969482422,-0.022371379131130853,-0.052481946710206895,-0.04921699141849567,-0.0758337014308379,0.09395974968075738,0.028116746163248774
레딧 언급 전체,DAL,2020-08-24,29.799999237060547,0.03523493863393634,0.01660090188878738,0.09194636740323192,0.12026207250191523,0.014093962652576675,0.050895622341724955
레딧 언급 전체,DAL,2022-09-26,28.020000457763672,0.008565302184057044,0.0022520310457900816,0.049964296775818484,0.061740005852349955,0.18736616396254746,0.14740020734272674
레딧 언급 전체,DAL,2022-10-31,33.93000030517578,-0.01679928351598836,-0.0005905385675164521,0.022399007211835187,-0.0006713531083113455,0.020041270234590902,-0.003313950321113257
레딧 언급 전체,DAL,2023-06-28,46.709999084472656,0.013273448056823733,0.005780176203877607,0.021408692348538816,-0.008770694136200463,-0.020552325054353893,-0.057445872215161065
레딧 언급 전체,DAL,2024-07-09,46.88999938964844,-0.018554040162278795,-0.03481825862908661,-0.06995092390683577,-0.06628071052757212,-0.1849007950906334,-0.12432366136662909
레딧 언급 전체,DAL,2025-07-11,56.650001525878906,-0.006354820841215858,-0.012704876971010304,-0.031597543994939414,-0.0532132403714114,-0.05313331077061734,-0.07487731780176721
레딧 언급 전체,DASH,2020-12-10,186.0,-0.1709139423985635,-0.18593856291769595,-0.14806448003297212,-0.15425428982674017,-0.10215053763440862,-0.13476306209869093
레딧 언급 전체,DASH,2022-06-21,63.06999969482422,0.06944660337103836,0.05456941654377445,0.09973047321963957,0.07792123090208403,0.22356109945055547,0.17103762035396097
레딧 언급 전체,DASH,2023-02-17,61.810001373291016,-0.12328106418510365,-0.09988078291324165,-0.09480667335632442,-0.0879559920273928,-0.04028476982921991,-0.007087256675324283
레딧 언급 전체,DASH,2024-02-16,116.01000213623047,0.03344536834730594,0.020472694442752015,0.14128085043052718,0.11567580192840632,0.11697266998486033,0.09024652771555641
레딧 언급 전체,DASH,2024-05-02,114.30999755859375,0.016271547984227253,-0.013706837789794202,0.01618411462713354,-0.030664594794678424,-0.0367421663716625,-0.08097715516814663
레딧 언급 전체,DASH,2025-10-03,271.2200012207031,-0.01917267230892672,0.0050200353759976,-0.030086290190188603,-0.022883757104968816,-0.06212670904681572,-0.08132841727595908
레딧 언급 전체,DDOG,2020-05-18,67.41000366210938,0.053256136224014705,0.03942567326718205,0.05043752724783612,0.0060985897147323165,0.21628828674660716,0.15540695978024055
레딧 언급 전체,DDOG,2023-11-08,99.98999786376953,0.09450949874518244,0.06608184253985083,0.12141213770389792,0.08077179690647807,0.15011503607271504,0.10213330711598978
레딧 언급 전체,DECK,2025-07-25,116.8499984741211,-0.11553273578338863,-0.09139208993158554,-0.1298245474286851,-0.12995014324238785,-0.06632434832009348,-0.07921090033275924
레딧 언급 전체,DELL,2020-05-20,22.63558006286621,0.020600101301337048,0.0002585773936563118,0.1016570124801528,0.053059723450016305,0.06180030390401137,0.011788494825059948
레딧 언급 전체,DELL,2020-06-25,26.153066635131836,0.041666633240320605,0.025788953767723166,0.035465085792546036,0.0021480529927282443,0.17829452558862147,0.13427305654482402
레딧 언급 전체,DELL,2023-06-02,47.27000045776367,0.0071927258154289575,0.002565738512615212,0.050772111020520594,0.023804505708242774,0.15527819085058558,0.11819183214054219
레딧 언급 전체,DELL,2023-12-01,71.93000030517578,-0.04490481500388899,-0.04730082042512962,-0.004309711626282908,-0.026592395862282237,0.03976088694866542,0.010246646885872623
레딧 언급 전체,DELL,2024-03-01,124.58999633789062,-0.06693953433686906,-0.06473621091086446,-0.14118305526060204,-0.13529441500041384,-0.039730292108025256,-0.057883744388016134
레딧 언급 전체,DELL,2024-05-28,166.0800018310547,-0.1825626625116602,-0.17988248864423673,-0.20736995461043184,-0.2208465116428383,-0.16763003390505093,-0.19726332183728723
레딧 언급 전체,DELL,2024-08-07,87.88999938964844,0.17135052523811378,0.12297581318282846,0.2709067894406887,0.1900059601010713,0.2192513870324424,0.15957835689790634
레딧 언급 전체,DELL,2026-05-29,420.9100036621094,-0.06300631674927148,-0.0379825313689216,-0.06020288450600142,-0.04073114586247162,-0.014967613636487243,0.005495559042792197
레딧 언급 전체,DG,2022-05-27,228.3800048828125,0.017908732158882668,0.026264945468855938,0.01116554750174914,0.1081168763531547,0.06655572564700529,0.1499011358844965
레딧 언급 전체,DGX,2020-03-09,109.83999633789062,-0.21349233184699978,-0.0881231034421388,-0.3159140395589398,-0.12891767889933814,-0.28359427289728356,-0.249425781997749
레딧 언급 전체,DGX,2023-05-31,132.64999389648438,0.016961930671145264,-0.003858893936663499,0.027139135086013955,-0.01912145194261683,0.0640030598100847,0.015516811270871234
레딧 언급 전체,DIS,2019-03-11,114.75,-0.014204769092967084,-0.028175405843259393,-0.06065358679278998,-0.06280847150136148,0.001830057381025263,-0.03534134763537011
레딧 언급 전체,DIS,2019-04-11,116.5999984741211,0.13593480858954665,0.12965467392295982,0.19999999999999996,0.1819575574712795,0.14957114099690538,0.1499527563288625
레딧 언급 전체,DIS,2019-05-10,134.0399932861328,0.007460459937992603,0.01530499210649583,-0.009325574922490865,0.009140260591262162,0.022605298342695423,0.019585530558050124
레딧 언급 전체,DIS,2019-08-06,141.8699951171875,-0.03425671937422081,-0.05076123709997182,-0.04750821503030034,-0.055465159582255064,-0.02805382296835568,-0.04973561941249571
레딧 언급 전체,DIS,2019-09-20,132.27000427246094,-0.017464258592109982,-0.00780888480037456,-0.01512058619035217,-0.0019450709299771995,-0.010433241386836656,-0.009393957627072624
레딧 언급 전체,DIS,2019-11-05,131.4499969482422,0.05424119473825395,0.047824879627236916,0.12879428168595863,0.11283494899545299,0.1280334897054538,0.1136049560331931
레딧 언급 전체,DIS,2020-01-22,144.00999450683594,-0.055204480601968364,-0.0409592905468269,-0.018332056734597812,-0.022919456476468425,-0.025276019224316104,-0.042207316173506926
레딧 언급 전체,DIS,2020-02-24,133.00999450683594,-0.09796249671473134,-0.05661885632427066,-0.21547249993489692,-0.06600906579789878,-0.3552364056986491,-0.046725729137353955
레딧 언급 전체,DIS,2020-03-23,85.76000213623047,0.16371269316463732,-0.009868816043574924,0.16114738048713018,-0.026831937642439962,0.17234139938358117,-0.05232786404909828
레딧 언급 전체,DIS,2020-04-21,100.54000091552734,0.05639544576600097,0.00991873156930323,0.0051720373814527765,-0.042989380304413016,0.13755720812728578,0.06822673609623608
레딧 언급 전체,DIS,2020-05-19,114.37000274658203,0.06260379348402889,0.02301069313035442,0.06828711524908271,-0.0009322955485395745,0.028678837986605643,-0.038759605548976506
레딧 언급 전체,DIS,2020-06-22,115.91999816894531,-0.0379572256330285,-0.018125908399939883,-0.019755011660626765,-0.02992822559335251,0.02329196532337452,-0.023034783999406727
레딧 언급 전체,DIS,2020-08-04,117.29000091552734,0.11254160179556494,0.10424011038599601,0.09915591408166091,0.07316058852476548,0.13863076144010766,0.07034012121818711
레딧 언급 전체,DIS,2020-09-17,130.22000122070312,-0.05936110646959991,-0.022617429503038466,-0.05306407308657579,-0.05663723953523159,-0.021962836611438052,-0.05668176166281336
레딧 언급 전체,DIS,2020-12-01,149.44000244140625,0.02864024832290135,0.017302003039506575,0.16394539346722903,0.15419180778509456,0.21232598507203604,0.19601539712630456
레딧 언급 전체,DIS,2022-02-10,152.16000366210938,0.005191859011038691,0.03247755643331807,-0.017284469108273415,0.0084655690285107,-0.13413514176453611,-0.06903677195414415
레딧 언급 전체,DIS,2022-04-04,138.5800018310547,-0.057223321040491326,-0.020270661635244713,-0.04820326054486579,-0.02245899705469967,-0.1806176825557514,-0.09213260376788723
레딧 언급 전체,DIS,2022-05-12,104.30999755859375,-0.011216548713732788,-0.003875964246957686,0.012462880665178533,-0.020595184639825792,-0.047071193055649,-0.040597194562937644
레딧 언급 전체,DIS,2022-06-21,93.29000091552734,0.028191630695763248,0.013314443868499337,0.029906751936401577,0.008097509618846033,0.10783575366992348,0.05531227457332899
레딧 언급 전체,DIS,2022-08-12,121.56999969482422,-0.011762772960150492,-0.00014958779462281857,-0.061692852009765264,-0.010674335892861597,-0.042609198965033124,-0.004842857002249179
레딧 언급 전체,DIS,2022-09-13,111.76000213623047,-0.03749107338329172,-0.014570672402040241,-0.14235865567285677,-0.06675448177498888,-0.1669649544151195,-0.07701324919985875
레딧 언급 전체,DIS,2022-10-31,106.54000091552734,-0.05734935759195281,-0.0411406126434809,-0.11507416961589001,-0.13814452993603654,-0.11122581539600918,-0.13458103595171333
레딧 언급 전체,DIS,2022-12-05,95.93000030517578,-0.01323878493720676,-0.011637182953361802,-0.10580633267579875,-0.056831114318053655,-0.04117582545268761,-0.0015602526972577913
레딧 언급 전체,DIS,2023-02-07,111.62999725341797,-0.03556385997480649,-0.02942212299180047,-0.08913372026386512,-0.04903161328012551,-0.11045412975930735,-0.07126727815401612
레딧 언급 전체,DIS,2023-05-17,92.7699966430664,-0.03988355160211943,-0.029913138725161437,-0.04505767442526032,-0.060928387436193554,0.0018325515197972209,-0.06408271084809725
레딧 언급 전체,DIS,2023-07-25,85.62999725341797,0.03970572970844266,0.03742220489870518,0.02919537638896985,0.043884473537977864,0.001868546855558817,0.039831853662686045
레딧 언급 전체,DIS,2023-09-18,85.0199966430664,-0.04716531010546643,-0.021468234229149785,-0.039402477139409475,-0.0026150481003619497,0.008115766509648736,0.025224610037704487
레딧 언급 전체,DIS,2023-11-24,96.05999755859375,-0.03622731434504112,-0.0445735001838925,-0.03372889804409196,-0.044491086810700464,-0.05246721885926653,-0.09277033020452663
레딧 언급 전체,DIS,2024-01-23,93.7699966430664,0.03380618440679273,0.021369543976457406,0.05886748928308827,0.040057882571260084,0.14823506477012027,0.12276378135505173
레딧 언급 전체,DIS,2024-05-08,105.44000244140625,-0.025322512675619357,-0.04966564923285599,-0.022951496038561392,-0.04739128526257963,-0.04011763333640128,-0.07389626521377246
레딧 언급 전체,DIS,2024-07-01,98.04000091552734,-0.010097897332972616,-0.029315229552614452,0.004385967984091188,-0.031408137591927954,-0.0433496527979621,-0.037224984350777035
레딧 언급 전체,DIS,2024-08-07,85.95999908447266,0.003955374254378974,-0.044419337800906344,0.055374618275098264,-0.025526211064519133,0.03129365367678516,-0.028379376457750904
레딧 언급 전체,DIS,2024-11-15,115.08000183105469,0.004953073390292495,-0.011709341915938865,0.018074398661448443,-0.012450577664309126,-0.02580814366916062,-0.06172786714734024
레딧 언급 전체,DIS,2025-01-07,111.38999938964844,-0.028817659592975664,-0.03586797027988786,-0.0031420996143179947,-0.03902201559208429,0.006284199228635989,-0.02376863921769501
레딧 언급 전체,DLTR,2020-05-29,97.87000274658203,-0.050781660173977006,-0.10013756399948459,-0.10319817942243137,-0.10283666566555438,-0.05364258559994117,-0.039611238897518275
레딧 언급 전체,DLTR,2022-05-27,165.0,-0.021515170010653395,-0.013158956700680124,-0.060545487837357914,0.036405841014047646,-0.06927268288352273,0.014072727353968473
레딧 언급 전체,DLTR,2022-08-24,165.97999572753906,-0.18255213779795576,-0.13785462492110512,-0.14712615253365502,-0.11499907512043184,-0.16056148079574062,-0.065195583035489
레딧 언급 전체,DLTR,2023-05-26,142.4499969482422,-0.085714227565161,-0.1025706088685121,-0.05777462901967878,-0.09058258849717005,0.029694600338082022,-0.00875600876742122
레딧 언급 전체,DLTR,2024-09-05,68.47000122070312,-0.008470889743161125,-0.02571956017596322,0.07901264694411947,0.04013053838213976,0.008909020001114376,-0.02422360578443805
레딧 언급 전체,DPZ,2020-02-21,371.9599914550781,-0.08737498856493298,0.024235902626470573,-0.09557476236597384,0.012437767154803714,-0.19359603425720473,0.1203058623661043
레딧 언급 전체,DPZ,2020-04-23,369.6400146484375,-0.02085819085357743,-0.06170678252107975,-0.0066821802911470884,-0.03749774040759679,0.015149808906007145,-0.04146485022669122
레딧 언급 전체,DPZ,2024-10-07,410.0,0.04409752822503821,0.015002741528294727,0.05192685010956555,0.024047284364284716,0.04873173411299536,0.04519173797203413
레딧 언급 전체,DUK,2024-11-06,113.62999725341797,-0.020417141167839215,-0.030822569975868075,0.0009680596058296853,0.0018816662101510673,0.003344230326478126,-0.02308375373192817
레딧 언급 전체,DXCM,2020-02-14,70.97750091552734,0.03571548730254426,0.08067991977096878,0.006410507910051599,0.09085958744260114,-0.28745024676016107,0.002093586867696451
레딧 언급 전체,DXCM,2020-05-04,88.12750244140625,0.19531353345601188,0.16382221757234317,0.17568293370437038,0.1353754527276787,0.06592717820928451,-0.020506431181653184
레딧 언급 전체,EBAY,2020-07-29,54.529998779296875,0.03906108776448236,0.017561363541567454,0.017605041640573083,-0.02028868224367497,0.0742711010896897,0.005219635341053408
레딧 언급 전체,ELV,2025-07-24,280.42999267578125,0.009449752043991122,0.013138106577810782,0.010876220055652697,0.014296640232523972,0.10401887882748428,0.10223771664272929
레딧 언급 전체,EOG,2020-06-10,55.630001068115234,-0.05662415001613863,-0.03361475710739059,-0.12007909719427412,-0.07333927380208172,-0.20294806217428418,-0.18846531886021678
레딧 언급 전체,EQIX,2025-07-22,800.5499877929688,0.013215935608233309,0.0030387506018052513,-0.026993923778749873,-0.02557864109394059,-0.03383919334631014,-0.05125167380634388
레딧 언급 전체,ETN,2023-12-06,226.9199981689453,0.04349548385699853,0.00888384277957166,0.030980075956385855,0.001294088380306757,0.0349903159945153,0.006051967460105168
레딧 언급 전체,ETN,2025-02-18,313.1199951171875,-0.08166200729100348,-0.05345222417846496,-0.10826518403526753,-0.051633014358149265,-0.07179350031714427,0.01074255343539654
레딧 언급 전체,EXPE,2020-02-28,98.62000274658203,-0.0686473746087537,-0.07269780885535493,-0.29395664860867987,-0.2030230039945491,-0.39129996849064785,-0.24669722028115793
레딧 언급 전체,F,2019-04-26,10.40999984741211,0.0,-0.0021130674123213122,-0.002881818771462208,0.015215715369564342,-0.055715651508894126,-0.019486467942767316
레딧 언급 전체,F,2020-03-18,4.5,0.19777774810791016,0.1694861094156901,-0.0222222010294596,-0.04784717559814455,0.09777779049343538,-0.0651389016045465
레딧 언급 전체,F,2022-01-05,23.65999984741211,0.03423497342207216,0.02859855832463465,-0.08495351825210118,-0.03877305653870189,-0.15934067971585508,-0.11283997825071423
레딧 언급 전체,F,2022-04-29,14.15999984741211,0.0035310869543547785,0.005133037590542622,-0.04661015921781464,-0.021658705870006734,-0.03742936007644482,-0.045342005138641506
레딧 언급 전체,F,2023-01-30,12.890000343322754,0.019394879235166584,-0.003671074280510389,0.015515888591014715,-0.01503901878627989,-0.06361525420154934,-0.05280623098117576
레딧 언급 전체,F,2023-07-28,13.260000228881836,-0.027903459967759225,-0.0057770142616562214,-0.08446454496430478,-0.059799353683440803,-0.10180998176223766,-0.06471374673441466
레딧 언급 전체,F,2024-04-16,12.09000015258789,0.0703059898318914,0.06609572406356179,0.004962734920192613,0.008040978116678144,0.028949497384455514,-0.010313285491639457
레딧 언급 전체,FANG,2020-09-24,29.989999771118164,-0.03000999084358169,-0.07186473132247462,0.03767926231208185,-0.025010069308619487,-0.027342437515252005,-0.09259741541807265
레딧 언급 전체,FANG,2022-01-25,126.9800033569336,0.02543710246923081,-0.017097505062718454,-0.0205544222818691,-0.05846268102108787,0.020318114139656673,0.049134807993076346
레딧 언급 전체,FANG,2022-04-25,125.81999969482422,0.013352410660074865,0.046093766660068036,0.029168699787326613,0.09997217145998416,0.08178350771328646,0.15550406410161655
레딧 언급 전체,FCX,2020-12-09,24.459999084472656,-0.0028618028390955397,-0.01191184309800708,0.016353292757595783,0.014390634426604931,0.2735077998553348,0.23422743070619756
레딧 언급 전체,FCX,2026-08-10,70.51000213623047,-0.030208549401220752,-0.029742789504355938,0.1033895999810428,0.11575659509305103,0.08665438129680658,0.09580021917667447
레딧 언급 전체,FDX,2019-06-26,128.8638153076172,0.009379744918396993,-0.01929786907705444,0.01675835759854194,-0.013675065132688236,0.09973737803602245,0.06692848644912197
레딧 언급 전체,FDX,2019-09-19,122.844482421875,-0.04781898201605417,-0.03426781038649673,-0.07044933531542952,-0.035043550740065044,-0.011479198920446576,-0.005500761716893954
레딧 언급 전체,FDX,2019-12-18,118.34004974365234,0.038335789536593445,0.027853590025023633,0.04303417682355448,0.034210348304099636,0.08933679417412099,0.050662192306818454
레딧 언급 전체,FDX,2020-06-09,116.59146118164062,-0.0632387018452446,-0.03883015768465781,-0.03884169718429853,-0.011596394901982499,0.09586008942881086,0.11023091067119084
레딧 언급 전체,FDX,2020-09-02,183.65028381347656,-0.015225281776181765,0.05133886903746954,0.07094906364022724,0.1320617701628325,0.11482601143846582,0.17258391738494838
레딧 언급 전체,FDX,2022-09-16,129.7501983642578,-0.07259967854866856,-0.02692589116649513,-0.07794059935961395,-0.004333365563271796,-0.025214243067022468,0.04722582554133137
레딧 언급 전체,FDX,2023-06-20,186.6639862060547,0.06522768224957454,0.06753789604015825,0.07196197302572482,0.05835199016577297,0.12350526775022508,0.08228650240609858
레딧 언급 전체,FDX,2023-12-21,199.3231201171875,0.02267952451381161,0.0171580832526268,0.004972578704171449,0.0009531290586906049,0.014109029889365576,-0.01161547366576765
레딧 언급 전체,FDX,2024-03-22,229.10556030273438,-0.01473692847697805,-0.01655951655439014,-0.03077518494921827,-0.025997741760180992,-0.04983821813637901,-0.008607198305604302
레딧 언급 전체,FDX,2024-06-27,238.0902557373047,-0.004975171248624455,-0.020111470103169382,0.012014753372692422,-0.012913400147645415,0.015805317312807654,0.019337708719783242
레딧 언급 전체,FDX,2024-09-23,208.533447265625,0.057536969371997815,0.050357326810220426,0.00660764230764288,0.00989023604311523,0.03871861949791189,0.014213164775966458
레딧 언급 전체,FE,2020-07-23,27.399999618530273,0.0536496803346298,0.05055332157051606,0.06496352961412866,0.029757945585095813,0.03503653303600962,-0.012399705908620273
레딧 언급 전체,FIS,2024-05-20,77.72000122070312,-0.033324806055139766,-0.03285316133350169,-0.021230075913063362,-0.01807952141385949,-0.00862066596013944,-0.04339030102158159
레딧 언급 전체,FOX,2019-03-13,39.20000076293945,-0.040816384124437,-0.04156278157169491,-0.07653061075540246,-0.07052363533987516,-0.0834183774010332,-0.10812162719664442
레딧 언급 전체,FSLR,2020-02-12,56.119998931884766,0.05702068467291732,0.05841361100211917,-0.21151103274773564,-0.09323113803527527,-0.3485388084617491,-0.08385381864708763
레딧 언급 전체,FSLR,2022-11-21,165.38999938964844,-0.0216458180317205,-0.02326779186374206,-0.0478868020930715,-0.04596072750253832,-0.05320758863433794,-0.01760104025915399
레딧 언급 전체,FSLR,2024-05-23,249.80999755859375,0.08786682847584104,0.08518606741867352,0.07017332753139782,0.054868004965670014,0.045914900655698476,0.014011395520870717
레딧 언급 전체,FSLR,2025-06-12,167.8300018310547,-0.13603051648677456,-0.12034526480457997,-0.09348747107326205,-0.11197189864184387,-0.04164932024609358,-0.07653130377999628
레딧 언급 전체,FTNT,2022-11-03,45.93000030517578,0.18419331653083648,0.12036756506191959,0.1787502510324932,0.11613743774633711,0.16721097875347346,0.07044810726339379
레딧 언급 전체,GE,2019-08-19,43.21244812011719,-0.07151088411569184,-0.056698901865642304,-0.039215620498938675,-0.033776574178257635,0.07958476622818522,0.050200073415136215
레딧 언급 전체,GE,2020-02-20,62.451210021972656,-0.17079012485943312,-0.05374011443482085,-0.19553069076751195,-0.09317123238363301,-0.4828411583505434,-0.19662654429396353
레딧 언급 전체,GE,2020-12-31,53.82865524291992,0.05000000354337031,0.03026103706634342,0.049074120859686765,0.0442062292889962,-0.005555508704324752,-0.011840964125382158
레딧 언급 전체,GEN,2020-08-11,22.3799991607666,0.021000948986944712,0.0034527907246861833,0.0495978843599536,0.01558343802751927,0.02993744867821513,0.008933779782946072
레딧 언급 전체,GILD,2020-02-03,66.36000061035156,0.03963226686600896,0.00705174817639298,0.009795080167276371,-0.029110313079386385,0.11829412902230385,0.19197056133922563
레딧 언급 전체,GILD,2020-03-03,74.20999908447266,-0.02519879759671495,0.014169631630229995,0.004177301743945261,0.16218419198393064,0.00741144129555571,0.14893153061212616
레딧 언급 전체,GILD,2020-04-17,83.98999786376953,-0.05179186313561679,-0.03898830033844203,-0.048100976524373285,-0.03466947391913644,-0.09203471751573322,-0.09077873143304271
레딧 언급 전체,GILD,2020-10-05,63.599998474121094,0.014937179252028976,-0.022353798337995112,-0.04764149138352236,-0.05426381283198278,-0.07971697824626844,-0.05157947741093327
레딧 언급 전체,GILD,2021-01-04,60.11000061035156,0.03992676238250348,0.013082233878205729,0.11578770610217015,0.08905166357632854,0.08351350178163042,0.04891392220410351
레딧 언급 전체,GILD,2023-02-03,84.5,0.026035466843102872,0.036487746447318004,0.00307694835775707,0.015420821917959793,-0.04011833597217085,-0.02100834502716209
레딧 언급 전체,GILD,2023-10-23,77.55999755859375,0.002707569508547447,0.014290110573474957,0.04615783836700271,0.00993557870890327,-0.020113429702150687,-0.10050162120064676
레딧 언급 전체,GIS,2020-03-09,54.13999938964844,-0.014037649244571515,0.11133157916028946,-0.12670854613388105,0.06028781452572063,0.06575547494320233,0.09992396584273688
레딧 언급 전체,GIS,2024-03-08,65.26000213623047,0.022984982391951903,0.026678437101419705,0.058841498807717274,0.040296160088662436,0.07263251162442153,0.058953215396555736
레딧 언급 전체,GM,2022-05-13,38.209999084472656,-0.07354089573207145,-0.04344531597215695,0.009421633577004096,-0.02428345579812774,-0.15519498684273847,-0.08868099416249031
레딧 언급 전체,GOOG,2019-02-04,56.63999938964844,-0.03335981081687589,-0.028432628951921446,-0.01257058604364969,-0.034228237291996755,0.025803356125431387,-0.00015633566901374074
레딧 언급 전체,GOOG,2019-04-30,59.42399978637695,-0.012099454057400871,0.008613410936303523,-0.05724960351837516,-0.021129626938505064,-0.06059837671226942,-0.007030590206204224
레딧 언급 전체,GOOG,2019-10-29,63.13100051879883,0.02329285032647377,0.010694296743569476,0.028654732346095946,0.00955902736244374,0.04033671768297764,0.004486991672883578
레딧 언급 전체,GOOG,2020-02-03,74.2969970703125,0.015303458853412666,-0.017277059836203312,0.022699444335823493,-0.016205948910839263,-0.09727840385383169,-0.023601971536909905
레딧 언급 전체,GOOG,2020-03-16,54.21649932861328,-0.025554915275464718,0.04490582570938084,0.05763006304999885,-0.033260023413289375,0.17052002704655678,-0.01267781044877525
레딧 언급 전체,GOOG,2020-04-29,67.0739974975586,0.004338497436678468,0.03489677210737929,0.0058517733503058444,0.045447918399616816,0.05609483135060889,0.022808074247993915
레딧 언급 전체,GOOG,2020-08-06,75.00499725341797,0.01223256303621545,0.004754920885024161,0.05442976364184715,0.042615052531040254,0.09448711252251152,0.061405939668214726
레딧 언급 전체,GOOG,2020-10-16,78.65049743652344,0.04322293851959458,0.047570917812035596,0.030514766010423244,0.09026310166493423,0.12969403653821487,0.09856732027048931
레딧 언급 전체,GOOG,2022-02-04,143.01600646972656,-0.0621329164913792,-0.04376870760396967,-0.08774198077671769,-0.05549326041335245,-0.11573184324639962,-0.05049890646246935
레딧 언급 전체,GOOG,2022-04-25,123.25,-0.04943612429481492,-0.01669476829482175,-0.0824827615919752,-0.01167928991931766,-0.09398380302754183,-0.02026324663921175
레딧 언급 전체,GOOG,2022-06-13,106.87650299072266,0.048078822333584625,0.047892136135667895,0.05328579749019835,0.038219147099573414,0.0496881290146558,0.03947483148861419
레딧 언급 전체,GOOG,2022-07-19,114.62000274658203,-0.08009073534461708,-0.07657281553457962,0.011167324625936947,-0.029085585326783292,0.06883614727433529,-0.026582886150765317
레딧 언급 전체,GOOG,2022-10-26,94.81999969482422,-0.08173381169524552,-0.06301752955790296,-0.07825351395092162,-0.057600185963476935,0.04218519313302993,-0.011215217842146519
레딧 언급 전체,GOOG,2023-01-17,92.16000366210938,0.07649734312306466,0.07038822664752309,0.08365884090825548,0.06176170886404564,0.030273363446923218,-0.007110114556628577
레딧 언급 전체,GOOG,2023-02-16,95.77999877929688,-0.06713301719696452,-0.037986368005077153,-0.018375466262909312,-0.008357840246158155,0.0697431654866516,0.11454087441093541
레딧 언급 전체,GOOG,2023-05-12,117.91999816894531,0.045200151915015585,0.028120050741891722,0.06368726469509278,0.04320573513706938,0.054528497328870884,0.0005670511015796187
레딧 언급 전체,GOOG,2023-07-21,120.30999755859375,0.10556061180249787,0.09507801454315423,0.06840658211742423,0.08028237318330156,0.06483254268174199,0.0995089833243159
레딧 언급 전체,GOOG,2024-02-15,143.94000244140625,0.009378844114415585,-0.0022543827621106516,-0.04071141108071741,-0.062304537929668946,-0.012296819802969372,-0.027874152235626504
레딧 언급 전체,GOOG,2024-03-19,147.9199981689453,0.0255543457685794,0.01954326307897092,0.05712545330477292,0.04995097343385191,0.06057332899391743,0.08996976019317637
레딧 언급 전체,GOOG,2024-04-25,157.9499969482422,0.06654010743076477,0.0634814397813741,0.086293163318508,0.05316441597634802,0.1083254253936976,0.06369686837348465
레딧 언급 전체,GOOG,2024-07-11,187.3000030517578,-0.043139357711712845,-0.03627476696578702,-0.09684996846815697,-0.06437798751926904,-0.12525363764881703,-0.07883695248265943
레딧 언급 전체,GOOG,2024-08-19,168.39999389648438,-0.0027909812217216112,-0.004899579543175769,-0.058135354162487274,-0.04467961095056405,-0.048218500068229586,-0.05440141685532485
레딧 언급 전체,GOOG,2024-10-31,172.69000244140625,0.05553301408484557,0.00810411353552487,0.0269847912225869,-0.016469697207631917,-0.012739573322946951,-0.07237303609551704
레딧 언급 전체,GOOG,2024-12-12,193.6300048828125,-0.02029648213327684,0.009869223670471161,0.002117380534945701,0.01753942984684209,-0.01332439067290292,0.023311245523116142
레딧 언급 전체,GOOG,2025-02-06,193.30999755859375,-0.02808955948662395,-0.033713608014364294,-0.060679715874413676,-0.05015721157677644,-0.09083853799786623,-0.040699957632982064
레딧 언급 전체,GOOG,2025-03-19,166.27999877929688,0.005172002746361759,0.00259759835920903,-0.04462351589738622,-0.040021422322559785,-0.06483039967786597,0.008292220146931206
레딧 언급 전체,GOOG,2025-05-21,170.05999755859375,0.017052858972753215,0.004717130629574129,-0.0014700694083795707,-0.01895283147388649,-0.013701057653207949,-0.03329417475220442
레딧 언급 전체,GOOG,2025-07-24,193.1999969482422,-0.0017598154413103195,0.0019285390925093404,0.021118022233445943,0.02453844241031722,0.0384057882305926,0.036624626045837605
레딧 언급 전체,GOOG,2025-09-03,231.10000610351562,0.03660749126630769,0.02344995582222653,0.08113370620856397,0.05714886345274128,0.062483716145594226,0.024098619138245514
레딧 언급 전체,GOOG,2025-11-18,284.9599914550781,0.13573843470393632,0.11310481142402917,0.12514038718214548,0.08906900652807392,0.04597138719938787,0.028821940115492994
레딧 언급 전체,GOOG,2025-12-19,308.6099853515625,0.018729236159648277,0.008062096701240584,0.019247602875323455,0.00276195033797344,0.06406150309338954,0.05699410955426076
레딧 언급 전체,GOOG,2026-05-01,383.2200012207031,0.036088895486174444,0.012540751271619355,0.026355634025737817,0.0006566707721782361,-0.027764768578218635,-0.08034223659965989
레딧 언급 전체,GOOG,2026-06-18,367.4599914550781,-0.08917974684511465,-0.06540975965796947,-0.006966738197692224,-0.013046550611481744,-0.04378706991794401,-0.03756005189330758
레딧 언급 전체,GOOGL,2019-05-01,58.66600036621094,-0.002164778586820626,0.01250229524582791,-0.0021477423021352138,0.020983747559327304,-0.044241995872277284,-0.0004463792511204545
레딧 언급 전체,GOOGL,2020-02-04,72.27050018310547,0.044727768048587135,0.02588618215838112,0.05497401516092815,0.026772474869952934,-0.044146620598547015,0.005084560119937631
레딧 언급 전체,GOOGL,2020-04-29,67.10900115966797,0.0024214110076601347,0.03297968567836096,0.004582024942613838,0.04417816999192481,0.05666902111626371,0.023382264013648735
레딧 언급 전체,GOOGL,2022-02-02,148.0,-0.04329732946447429,-0.04371277155230757,-0.06933779329866974,-0.045832819303836425,-0.09527361070787588,-0.04795751940003068
레딧 언급 전체,GOOGL,2022-04-25,123.0739974975586,-0.05274060684168391,-0.01999925084169074,-0.08582638189560776,-0.015022910222950214,-0.09413847580099999,-0.020417919412669905
레딧 언급 전체,GOOGL,2022-07-18,109.02999877929688,-0.013941086490730337,-0.04960019025272988,0.053471538992273304,-0.02198330034680529,0.11969185726741305,-0.0031251911559400103
레딧 언급 전체,GOOGL,2022-12-01,100.98999786376953,-0.07208633462015945,-0.044740823021861775,-0.10030693601046348,-0.05673582356692075,-0.1263490917590525,-0.06510403331734427
레딧 언급 전체,GOOGL,2023-02-03,104.77999877929688,-0.09744225237087911,-0.08698997276666398,-0.0995419013808636,-0.08719802782066088,-0.09209774420980066,-0.0729877532647919
레딧 언급 전체,GOOGL,2023-03-20,101.22000122070312,0.012250522118309348,0.005266217581797683,0.031021530841536915,-0.012687572626495225,0.032404650659360046,-0.019583975663605813
레딧 언급 전체,GOOGL,2023-08-02,128.3800048828125,0.009970390486160774,0.019700923521728586,0.002492538193325178,0.025796894980440466,0.058420312468800084,0.056465310862005236
레딧 언급 전체,GOOGL,2024-02-29,138.4600067138672,-0.02946700587330009,-0.042712973366984985,0.03351147742782623,0.019989933937963666,0.09006200604687065,0.06055873658514188
레딧 언급 전체,GOOGL,2024-04-01,155.49000549316406,-0.004116016252096455,0.0024720077603340718,-0.004051738764908608,0.029864995278966466,0.06855738649896037,0.09173031473600912
레딧 언급 전체,GOOGL,2024-04-29,166.14999389648438,0.011736456687721386,-0.0010267668483041614,0.0179958206620634,-0.003276138789512828,0.06169124511907009,0.022970310141746664
레딧 언급 전체,GOOGL,2024-10-31,171.11000061035156,0.05633802440104274,0.008909123851722045,0.026123553297636493,-0.017330935132582326,-0.012623479950935712,-0.0722569427235058
레딧 언급 전체,GOOGL,2024-12-11,195.39999389648438,-0.03582395198900745,-0.0009574720402502068,0.0010236039574147426,0.011098332986188564,-0.022466732480933893,0.02044968404234515
레딧 언급 전체,GOOGL,2025-02-05,191.3300018310547,-0.04034914099629772,-0.03892584254000586,-0.03538391369712568,-0.045578932859632326,-0.0992003112209161,-0.04705051436166807
레딧 언급 전체,GOOGL,2025-04-01,157.07000732421875,-0.07875475774596985,0.03620676084648633,-0.0048386689385976345,0.03680346267547585,0.011014169776971228,0.022476445855175275
레딧 언급 전체,GOOGL,2025-05-08,154.27999877929688,0.06274311648406172,0.01779209442657015,0.1075317375496172,0.07562356961209593,0.1257453594113438,0.0654331496688556
레딧 언급 전체,GOOGL,2025-07-14,181.55999755859375,0.04703683994138519,0.04069887801995331,0.06069621293591676,0.04128230321902726,0.10707205718667456,0.08929067501453569
레딧 언급 전체,GOOGL,2025-09-04,232.3000030517578,0.03473952629966881,0.021629454464508813,0.0849332564285119,0.0646904434705391,0.05764097810478752,0.026676016715316164
레딧 언급 전체,GOOGL,2025-10-27,269.2699890136719,0.05366365654026728,0.05643635428993654,0.07735736598847676,0.08290285055902702,0.18312474308486748,0.20721850585545243
레딧 언급 전체,GOOGL,2025-11-25,323.44000244140625,-0.011779611457565342,-0.024919955240772063,-0.009986430132164159,-0.028578453227543932,-0.02890800776941449,-0.051662866747121394
레딧 언급 전체,GOOGL,2026-04-30,384.79998779296875,0.03427755420954637,0.016299589068702103,0.04228175687989788,0.0012192087091649206,-0.01159041475198197,-0.0642161470002044
레딧 언급 전체,GOOGL,2026-06-02,361.8500061035156,0.00666022833068558,0.036308607432149254,0.03150474976977935,0.04366951423556609,-0.0017687291353931656,0.016412606917149297
레딧 언급 전체,GPN,2025-08-06,85.54000091552734,0.01075518072362236,-0.008382568242663258,0.0026887505854271687,-0.005734328222243068,0.020341335575712938,-0.005481169977234135
레딧 언급 전체,HAL,2020-05-27,12.1899995803833,0.07301069515662517,0.0445127083636494,0.19031999412305023,0.13935303440599212,-0.027071364648535767,-0.028916314277389277
레딧 언급 전체,HAS,2019-04-24,103.18000030517578,-0.010564101221760547,-0.009126831222294185,-0.02296959429707568,-0.006886331010160451,-0.03983330682492148,-0.017248336577548762
레딧 언급 전체,HAS,2023-07-03,64.79000091552734,0.0003086377957066677,0.0033055892011800703,-0.02454082620960174,-0.04797531931723931,-0.003704242327183138,-0.032298852834557135
레딧 언급 전체,HBAN,2025-02-13,16.610000610351562,-0.027694218839137807,-0.011637967152420048,-0.00842873521087173,0.017074337117988003,-0.11198076712847238,-0.03502869914243545
레딧 언급 전체,HD,2020-08-11,274.9200134277344,0.036665161064802776,0.019117002802544247,0.04077546525373199,0.006761018921297657,0.007711316068827356,-0.0132923528264417
레딧 언급 전체,HD,2022-08-19,321.32000732421875,-0.07226441146340956,-0.03239608222231649,-0.09155985546224932,-0.02073021748309789,-0.12728741741629368,-0.04771659804385664
레딧 언급 전체,HIG,2020-05-22,36.9900016784668,0.05082447061667428,0.01660437425864103,0.260881245560993,0.16691966440669237,0.05785345478624859,0.006472488937550258
레딧 언급 전체,HIG,2023-02-03,74.7699966430664,0.03263344323865924,0.043085722842874374,0.04921760693320887,0.06156148049341159,0.039588161652561515,0.058698152597570274
레딧 언급 전체,HLT,2020-05-04,71.41000366210938,-0.04355132965777664,-0.07504264554144535,0.023245987222874964,-0.017061493753816714,0.17070430173468565,0.08427069234374795
레딧 언급 전체,HOOD,2022-01-05,15.979999542236328,0.01689614928023242,0.011259734182794912,-0.14330413188062907,-0.09712367016722978,-0.11451814619075729,-0.06801744472561644
레딧 언급 전체,HOOD,2022-02-08,13.380000114440918,0.021674137471795252,0.03240726452126241,-0.18834083977651517,-0.12405292990508643,-0.07174888116113343,-0.019568993256080525
레딧 언급 전체,HOOD,2022-03-25,12.390000343322754,0.08958834753184242,0.08908024930769853,-0.0928168313428942,-0.08150667408389844,-0.16142049593064334,-0.108006476302695
레딧 언급 전체,HOOD,2022-04-29,9.805000305175781,0.03212642229261542,0.03372837292880326,0.0902599946621474,0.11521144800995531,0.058643527931519834,0.050730882869323146
레딧 언급 전체,HOOD,2022-06-22,7.489999771118164,0.1308411917033132,0.11494872273605106,0.2042724610680593,0.16527575972802144,0.25634180707155263,0.19116914502981341
레딧 언급 전체,HOOD,2022-08-18,10.170000076293945,-0.035398196064560294,-0.015813712678805936,-0.053097340983482955,0.020449598985563644,0.00786626579212446,0.10679359674333366
레딧 언급 전체,HOOD,2022-10-14,9.890000343322754,0.02527805776759018,-0.021306410634518658,0.16279065730915154,0.0750184242686236,0.0586450863065584,-0.05566300955974901
레딧 언급 전체,HOOD,2023-03-06,9.720000267028809,-0.07510292961481468,-0.027855875911286576,-0.09465021101024818,-0.06812164040193458,0.004115222299809096,-0.011905770522331549
레딧 언급 전체,HOOD,2023-05-10,9.069999694824219,-0.06725465018762256,-0.07301946754895683,-0.05181911016189966,-0.04755603703702316,0.04740907603570932,0.007975871388462785
레딧 언급 전체,HOOD,2023-06-20,10.0,-0.006000041961669922,-0.003689828171086207,0.07200002670288086,0.05839004384292901,0.31199998855590816,0.27078122321178166
레딧 언급 전체,HOOD,2023-07-20,12.8100004196167,-0.04527719425302923,-0.04596275655922355,-0.09914132834990752,-0.09175489730034658,-0.21389544379690717,-0.17875460521882203
레딧 언급 전체,HOOD,2023-10-24,9.319999694824219,-0.01931323577203825,-0.006495464100545467,0.04721035927736872,0.01581506706560032,-0.14377679395149445,-0.21374347192336907
레딧 언급 전체,HOOD,2023-12-06,11.270000457763672,0.06388636061309994,0.029274719535673066,0.11978698961502032,0.09010100203894122,0.05501329728269688,0.026074948748286753
레딧 언급 전체,HOOD,2024-01-30,11.010000228881836,-0.020890144516736542,-0.027184826106671944,0.07538600421903441,0.0688876607436375,0.46503168260194916,0.4337212165942119
레딧 언급 전체,HOOD,2024-02-28,16.1299991607666,0.016739024910825906,0.009845353344725583,0.06385621452174672,0.04467642399870053,0.24054564600056882,0.20714389034469582
레딧 언급 전체,HOOD,2024-03-27,20.010000228881836,-0.07796099190897188,-0.058655649638079455,-0.050474773479713964,-0.04059274071973418,-0.1444277539526011,-0.10681093089576132
레딧 언급 전체,HOOD,2024-04-29,17.34000015258789,0.025374886400560293,0.012611662864534745,-0.025951600863872715,-0.04722356031544894,0.1805074471293744,0.14178651215205096
레딧 언급 전체,HOOD,2024-06-04,20.780000686645508,0.11742052676047687,0.10122037664165018,0.05197304562170335,0.013933008852062834,0.1015398764812816,0.05787893156435642
레딧 언급 전체,HOOD,2024-08-05,16.420000076293945,0.12911089094902684,0.09839842719226333,0.23507920782073333,0.15345645458287827,0.17965899812622155,0.11259028290810869
레딧 언급 전체,HOOD,2024-10-09,25.649999618530273,0.04990256162502238,0.04096197006393565,0.0409357177397629,0.03946298051072983,0.16413259471473318,0.14004838113378204
레딧 언급 전체,HOOD,2024-11-07,29.360000610351562,0.0974114629051881,0.10120590863512502,0.1951634680898502,0.1984206371923144,0.41927783728497503,0.3987946141908725
레딧 언급 전체,HOOD,2024-12-06,41.66999816894531,-0.03527711712503456,-0.029354253729569457,-0.08015350335147764,-0.0527436660479621,-0.026637793242849872,0.004918108688381939
레딧 언급 전체,HOOD,2025-01-21,50.0,-0.01199996948242188,-0.014437630983189398,0.0516000366210938,0.053705929203467506,0.18459999084472667,0.1682165979539132
레딧 언급 전체,HOOD,2025-03-06,44.84000015258789,-0.19669936808229882,-0.15952516430432395,-0.026315796190015783,-0.013709011846671504,-0.14674401892647915,-0.08386750483721761
레딧 언급 전체,HOOD,2025-04-28,48.93000030517578,-0.01798489807125847,-0.04096762429580103,0.1737175546083305,0.11537133318161574,0.34927439671572724,0.2761146424917973
레딧 언급 전체,HOOD,2025-06-06,74.87999725341797,-0.03044870276344469,-0.026876892174740763,0.01963142727861178,0.017945661446033156,0.21888354688608502,0.183499476904595
레딧 언급 전체,HOOD,2025-07-16,103.25,-0.011331701394143412,-0.02733575723727566,0.02760289079051903,0.01119833510480972,0.052009711831302985,0.0188963144466765
레딧 언급 전체,HOOD,2025-09-08,117.27999877929688,-0.02089015154964924,-0.03950821134421456,0.06488745471998536,0.03712978431132563,0.23004771494166976,0.1949384141052315
레딧 언급 전체,HOOD,2025-10-07,145.0,-0.06931036587419181,-0.05901323725941954,-0.09075864594558192,-0.09400168594736258,-0.0565517030913254,-0.06569803732411983
레딧 언급 전체,HOOD,2025-11-17,115.97000122070312,-0.008622919629852288,-0.013219788404400412,0.08605670106483898,0.06223101146804777,0.029576616961899838,0.009746952795094854
레딧 언급 전체,HOOD,2026-02-12,71.12000274658203,0.07016307186531079,0.0581854816138776,0.06650724894363669,0.05957905517639506,0.03191783683072913,0.05977762951170684
레딧 언급 전체,HOOD,2026-04-21,86.43000030517578,-0.05044545406637546,-0.0612538638590816,-0.10875855018730107,-0.1367241250700969,-0.14196455628534377,-0.18407619510369533
레딧 언급 전체,HOOD,2026-05-20,75.76000213623047,0.11985208481558174,0.1018419997080775,0.16591868189524384,0.14454933706493178,0.4275342987900823,0.4201279038701835
레딧 언급 전체,HOOD,2026-06-18,108.1500015258789,-0.0874710952473634,-0.06370110806021823,0.08691633280864641,0.08083652039485689,-0.08201574314781268,-0.07578872512317625
레딧 언급 전체,HOOD,2026-08-24,103.62000274658203,0.011484219074207491,0.006795079714152941,0.132406805902745,0.12914531381388383,0.19909280743672308,0.1861125533861796
레딧 언급 전체,HPE,2020-05-18,9.989999771118164,-0.057057027816169725,-0.07088749077300238,-0.004004000277224251,-0.04834293781032806,0.04204205064230293,-0.01883927632406368
레딧 언급 전체,HPE,2020-07-09,8.979999542236328,0.0824054301241306,0.062016081048006155,0.09354122443292479,0.06624945511234137,0.1258352084681187,0.062377032440385616
레딧 언급 전체,HPE,2020-08-24,9.619999885559082,0.005197525086244603,-0.01343651165890436,-0.019750476366274805,0.008565228732408503,-0.03222447709253451,0.004577182596613771
레딧 언급 전체,HPE,2024-03-07,18.18000030517578,-0.0357535537744309,-0.03602552721919983,-0.05335540178329745,-0.06771024081805488,-0.009901006719154726,-0.016932717708363798
레딧 언급 전체,HPE,2024-06-05,19.479999542236328,0.07340864162112881,0.060896245834491936,0.10266940693009885,0.07960842074431618,0.054928117041494584,0.01757791527855601
레딧 언급 전체,HPE,2025-10-29,24.270000457763672,-0.023073809753962227,-0.008802439280809482,-0.032550510944660216,-0.026716836203726002,-0.11289656858006658,-0.10168019678479179
레딧 언급 전체,HPE,2026-06-01,47.0,0.06106380706137804,0.08653379926200311,0.04297873314390799,0.047869656555944995,-0.04021275297124338,-0.02469615682992643
레딧 언급 전체,HPQ,2019-11-29,20.079999923706055,0.020916338540325485,0.01913466578749068,0.013446237987526866,0.003869674120626998,0.02041831917180792,-0.0011208907364286258
레딧 언급 전체,HPQ,2020-05-18,16.1200008392334,0.058312566859251236,0.04448210390241858,-0.020471517382133375,-0.06481045491523718,0.07009919987202307,0.009217872905656455
레딧 언급 전체,IBKR,2019-09-27,13.34749984741211,-0.1086345627152242,-0.10508010159584891,-0.10245366703944336,-0.10543269514030684,-0.12867576344675447,-0.14966429538695458
레딧 언급 전체,IBKR,2020-04-23,9.802499771118164,0.045651643900093575,0.004803052232591254,0.03213471475773222,0.0013191546412825161,-0.0063759246579273565,-0.06299058379062572
레딧 언급 전체,IBKR,2020-07-17,12.842499732971191,-0.038738522584129575,-0.03612756791950378,-0.03445591774511514,-0.04937568578799767,0.015378643798978242,-0.031618729879430596
레딧 언급 전체,IBKR,2020-12-08,13.53499984741211,0.04765426413262919,0.049221157907932245,0.11636496690218112,0.1242803114386758,0.27779832074403377,0.2536742902935645
레딧 언급 전체,IBKR,2022-02-02,17.75749969482422,0.047022441569556594,0.04660699948172331,0.05279459474090564,0.07629956873573895,-0.13796986351514562,-0.09065377220730042
레딧 언급 전체,IBKR,2022-03-24,16.592500686645508,-0.0069308281668911675,-0.009483658282970264,-0.036763633274550456,-0.03294556570814733,-0.08091008775585107,-0.026635892502960723
레딧 언급 전체,IBKR,2022-05-26,14.8725004196167,0.010589968661002924,-0.0023137618608972677,-0.05093297207101766,-0.012665942244340922,-0.02286099465422997,0.018391383331551103
레딧 언급 전체,IBKR,2022-08-16,16.452499389648438,-0.05804582923325341,-0.017668808961826654,-0.07703990378685088,-0.0037561712819025317,0.06731500485517472,0.14899991317815675
레딧 언급 전체,IBKR,2023-01-17,19.297500610351562,0.02241217350462299,0.016303057029081414,0.035626375346826666,0.013729243302616823,0.11827953056936891,0.08089605256581711
레딧 언급 전체,IBKR,2024-06-26,30.75,0.020569095766641343,0.009661849152436064,-0.015853633725546268,-0.035963201848481785,-0.0360162626437055,-0.023000852304774666
레딧 언급 전체,IBKR,2025-05-19,52.0,0.021778840285081147,0.027998813931764843,-0.00043267470139718434,-0.0025173201085182395,0.0008172988891601562,-0.003688129069036483
레딧 언급 전체,IBKR,2026-06-08,87.3499984741211,0.06193478828407972,0.040817871797271366,0.0841442312823697,0.09177383253342453,0.06926162744639575,0.0609013910406353
레딧 언급 전체,IBM,2019-01-23,127.04589080810547,0.011212299858534891,-0.004618469103092382,0.02581076724045217,-0.009609248865821929,0.037248803593576074,-0.01593827954999516
레딧 언급 전체,IBM,2019-08-07,132.9923553466797,-0.05650206917631195,-0.04236862712691092,-0.03493637464981647,-0.05049358882954824,0.0133706801233211,-0.020834292831366952
레딧 언급 전체,IBM,2020-01-31,137.4091796875,0.06734850611554499,0.03480568802840045,0.04849372277143282,-0.0008333358655119305,-0.06560918699851459,-0.026321541404971782
레딧 언급 전체,IBM,2022-07-18,138.1300048828125,-0.0694274325467209,-0.10508653630872045,-0.0440889841555161,-0.11954382349459469,-0.023166669759739023,-0.14598371818309208
레딧 언급 전체,IBM,2023-05-31,128.58999633789062,0.04502689719119135,0.024206072583382587,0.0669570017540666,0.02069641472543582,0.04253831072776326,-0.005947937811450199
레딧 언급 전체,IBM,2024-01-29,187.13999938964844,-0.019878172666644267,-0.02248366212849129,-0.005236698358102476,-0.02500184214828427,-0.012129979052391215,-0.04400655204141124
레딧 언급 전체,IBM,2024-04-08,189.82000732421875,-0.04514807182354019,-0.017638125605832777,-0.041723807407755165,-0.005095239865488765,-0.1117374665234303,-0.10759271887472888
레딧 언급 전체,IBM,2024-05-16,168.97000122070312,0.010060939432803284,0.015224608986120658,-0.012546576918221253,-0.01004982585782066,0.0014204029794055995,-0.025230426032686992
레딧 언급 전체,IBM,2025-10-30,310.05999755859375,0.007611481286600386,0.021615010539401625,-0.016770987060491627,-0.005312182849628866,-0.004773305160232555,-0.010009904705855943
레딧 언급 전체,IBM,2026-05-22,253.83999633789062,0.26229127816885867,0.24499075361883382,0.10628746996361671,0.11489758183957266,0.04372835748366555,0.05990237889033578
레딧 언급 전체,IBM,2026-07-15,211.1999969482422,-0.025710192965163525,-0.01590636890613195,0.07215911796106167,0.10574369642177506,0.11732954137006724,0.09390643789638964
레딧 언급 전체,IEX,2022-08-11,214.02000427246094,0.016867584984045614,-0.001942445249422331,-0.002616566430308276,-0.0014737285534289768,-0.018596443822425646,0.013285230603641285
레딧 언급 전체,INTC,2019-01-25,47.040000915527344,0.03592684085495268,0.01982330108915198,0.03826528915875049,0.02061910636490971,0.12882647620428544,0.07712962054365824
레딧 언급 전체,INTC,2019-05-16,45.529998779296875,-0.02196354111159593,-0.002637863938552476,-0.03272562933709222,0.010479176592546158,0.014495933782282977,0.009073627586928534
레딧 언급 전체,INTC,2019-07-26,51.59000015258789,-0.05640627716234148,-0.025314543958781077,-0.10874201577357723,-0.07433913403962189,-0.128513298090825,-0.07169397718346038
레딧 언급 전체,INTC,2019-10-25,56.459999084472656,0.0008855692148654892,-0.014167509210350593,0.03205811906909495,0.0077212616773501,0.020368429764908935,-0.01066600379657423
레딧 언급 전체,INTC,2020-01-24,68.47000122070312,-0.06630642375619811,-0.044893343905254124,-0.035782160566048216,-0.046215056839973956,-0.0979991642988467,-0.07868482358001228
레딧 언급 전체,INTC,2020-05-21,61.97999954223633,0.01532753743071713,-0.01668549256484919,0.03807674754895851,-0.0448722183017396,-0.03807680909618816,-0.08473989081681321
레딧 언급 전체,INTC,2020-07-24,50.59000015258789,-0.05653292353677253,-0.07410953798776998,-0.05060291293871566,-0.09326684410639918,-0.025894472609998664,-0.08386008536392653
레딧 언급 전체,INTC,2020-08-21,49.279998779296875,0.023336070502542938,-0.009360922624350065,0.016233828562794095,0.007131683405814382,0.008928621191263142,0.04577912596554512
레딧 언급 전체,INTC,2020-10-12,53.880001068115234,0.01299184760695371,0.042557954711073376,-0.13288789356853237,-0.09588769977588907,-0.15367487805960767,-0.15971864540937475
레딧 언급 전체,INTC,2020-12-07,50.20000076293945,0.005378495092832836,0.01738096798490696,-0.07649402578142594,-0.07316147545892393,0.017928240986125,0.005844490412199477
레딧 언급 전체,INTC,2022-01-12,55.7400016784668,-0.06637963135133562,-0.014853179014368223,-0.13796200591750274,-0.053506994013236775,-0.12343022714283636,-0.07736003437905692
레딧 언급 전체,INTC,2022-08-01,36.959999084472656,-0.04274886513785647,-0.04815335251541231,-0.01677486329119615,-0.060814098926028626,-0.1087662488458373,-0.08894984465719424
레딧 언급 전체,INTC,2022-09-26,26.969999313354492,0.0,-0.006313271138266963,-0.06562842400736013,-0.05385271493082866,0.007786466339185338,-0.03217949028063538
레딧 언급 전체,INTC,2023-01-17,29.600000381469727,0.010810800361494177,0.004701683885952601,-0.045270274841846314,-0.06716740688605616,-0.03243246552193535,-0.06981594352548715
레딧 언급 전체,INTC,2023-05-22,30.280000686645508,-0.009577308750037261,-0.01289635672753997,0.02245701395003774,0.0003934736414252793,0.0865257853309398,0.04796232018859503
레딧 언급 전체,INTC,2023-09-06,36.97999954223633,0.04678203254871405,0.046132109765942175,-0.061925390586115125,-0.044938284334648526,-0.028393706058900903,0.019923262027722433
레딧 언급 전체,INTC,2023-12-18,45.689998626708984,0.10527471039316771,0.09747762018348638,0.029765827341402984,0.036503528185856005,0.022981026117694148,0.013404169533628663
레딧 언급 전체,INTC,2024-01-26,43.650001525878906,-0.02405505189124202,-0.03829358288006712,-0.007789235754924628,-0.036081655773619326,-0.015120270889814602,-0.053240101079319535
레딧 언급 전체,INTC,2024-03-04,45.61000061035156,-0.016443762112771876,-0.01445276262423767,-0.06358258029097086,-0.0646756850575867,-0.03661482046250086,-0.04938085446276508
레딧 언급 전체,INTC,2024-04-26,31.8799991607666,-0.03074026248540096,-0.03670177572877842,-0.06367624945847272,-0.08842739424290069,-0.0363864453559859,-0.07805801555397962
레딧 언급 전체,INTC,2024-06-17,30.979999542236328,-0.007746926231905316,-0.003597851844426736,0.0029051050328516848,-0.0005860926730920646,0.11233052271327182,0.09434472981512698
레딧 언급 전체,INTC,2024-07-18,34.869998931884766,-0.10811582064511593,-0.08233143116070984,-0.1669056459162226,-0.14944470456380332,-0.4066532501342036,-0.4073951786247988
레딧 언급 전체,INTC,2024-08-16,20.8700008392334,-0.015812166288258545,-0.029919808868513642,0.056061333456895124,0.0391574436507276,0.0019165791360926665,-0.013471974803841213
레딧 언급 전체,INTC,2024-09-16,20.90999984741211,0.07890959495795902,0.06677478625779276,0.12195118391529514,0.10254960906432875,0.1209947730802412,0.082831210711096
레딧 언급 전체,INTC,2024-10-21,22.84000015258789,0.0035026236064621408,0.008300162748629769,-0.014010494425848785,0.009668903837771414,0.08756567367068913,0.0798210075407193
레딧 언급 전체,INTC,2024-11-22,24.5,-0.023265293666294595,-0.036900656605673654,-0.1506122666962293,-0.16601080368096488,-0.17551017294124682,-0.17413318966511104
레딧 언급 전체,INTC,2025-01-21,21.770000457763672,-0.0904915562369949,-0.09292921773776242,-0.11391821268207203,-0.11181232009969833,0.18144229547694657,0.1650589025861331
레딧 언급 전체,INTC,2025-02-19,25.719999313354492,-0.08553650522255352,-0.055533054798868386,-0.19090202093678554,-0.14216889403139732,-0.0622083404679693,0.012514692081027512
레딧 언급 전체,INTC,2025-04-04,19.850000381469727,-0.0055415923545396595,-0.06226262570505603,-0.05088162264342755,-0.06790190075515234,0.02115869361322642,-0.09408436197378611
레딧 언급 전체,INTC,2025-07-28,20.68000030517578,-0.057059975230292936,-0.0480010065532851,-0.0014507101645447884,0.00015072721941644662,0.1871372763430852,0.17845518974070163
레딧 언급 전체,INTC,2025-08-28,24.93000030517578,-0.017649439577674952,-0.015060533826541933,-0.03409548219272407,-0.04717874431743263,0.4239871466279026,0.4041079246070136
레딧 언급 전체,INTC,2025-09-26,35.5,0.03746484031139974,0.02629864018651107,0.024507012165768005,0.0378036603413765,0.078309824768926,0.05499533970497983
레딧 언급 전체,INTC,2025-10-24,38.279998779296875,0.04467092355537772,0.03756867540684494,-0.0039184356312665924,0.00535440201638937,-0.09874605276479864,-0.07184317981813937
레딧 언급 전체,INTC,2026-01-12,44.060001373291016,0.10213345119702799,0.1274225310258985,-0.002950546165757517,-0.00342528162607314,0.06967770311249333,0.07405076563735724
레딧 언급 전체,INTC,2026-04-09,61.720001220703125,0.10985091777708234,0.07786138848777369,0.08198310853073099,0.040006905518875646,0.7760855570075962,0.700090137045829
레딧 언급 전체,INTC,2026-05-11,129.44000244140625,-0.16432326847405043,-0.16344410793078223,-0.04573551982911661,-0.06100677540725352,-0.16625466522377752,-0.16321124572269385
레딧 언급 전체,IRM,2025-02-13,95.25,-0.03643045901000652,-0.020374207323288762,-0.021837289564878626,0.003665782763981107,-0.09060364570517554,-0.013651577719138608
레딧 언급 전체,ISRG,2020-06-19,195.8433380126953,-0.06413288134304351,-0.03630101752832271,-0.004918896602039924,-0.03216738268739339,0.136180267552509,0.0853767685517659
레딧 언급 전체,ISRG,2023-10-10,297.8299865722656,-0.07541212257896146,-0.07881797805750712,-0.06862966405455806,-0.043522646409296706,-0.06426479868982315,-0.06976483110079112
레딧 언급 전체,JNJ,2019-07-17,131.86000061035156,-0.015774319895546896,-0.02820131098975187,-0.012437428955386243,-0.0113962602553076,-0.012134127833380415,0.03434937049345188
레딧 언급 전체,JNJ,2019-08-27,129.63999938964844,-0.006016652136448197,-0.031010599045414367,0.011801903629282462,-0.034839449982295934,0.010413499767598866,-0.027059920886271183
레딧 언급 전체,JNJ,2020-03-05,142.00999450683594,-0.11689311658925172,0.0628000407875603,-0.1053446379392543,0.09947582988596915,-0.062389979248432925,0.10500402675035081
레딧 언급 전체,JNJ,2020-05-06,148.0800018310547,-0.006415430419335344,0.002907327351937772,-0.0027013043647163837,-0.04730989777115879,-0.009116734784051728,-0.10449047392763133
레딧 언급 전체,JNJ,2020-10-12,151.83999633789062,-0.04952574548893951,-0.019959638384819844,-0.05183084369729796,-0.014830649904654658,-0.037934632809251245,-0.04397840015901833
레딧 언급 전체,JNJ,2022-06-10,172.5500030517578,-0.01790783125610118,0.04350828775650717,0.05546213790885357,0.05856627206218956,0.019124908683820552,0.042136713459625996
레딧 언급 전체,JNJ,2023-11-16,150.10000610351562,0.01598929912653846,0.004728439825902875,0.05516321414128811,0.03546218377737298,0.03371084179106654,-0.008711864647570788
레딧 언급 전체,JNJ,2024-01-26,159.5,-0.018119118430397707,-0.03235764941922281,-0.017178717825479972,-0.04547113784417467,0.008087732201459641,-0.030032097988045292
레딧 언급 전체,JNJ,2024-07-18,155.4199981689453,0.027152240834000585,0.052936630318406674,0.03435848926008811,0.05181943061250738,0.023613423061271233,0.022871494570676054
레딧 언급 전체,JPM,2019-01-15,101.68000030517578,0.009834775737594947,-0.0019186234821351178,0.02684897077832349,-0.0009212627505950088,0.0138669947726493,-0.042364938346793446
레딧 언급 전체,JPM,2019-07-11,114.0999984741211,0.0049956152712262725,0.006599340473335991,0.014110434985822762,0.0118051246151889,-0.03716036740115469,-0.018149968524343474
레딧 언급 전체,JPM,2020-01-14,138.8000030517578,-0.01527384963519074,-0.02715347701599513,-0.03292512409034043,-0.03039033386617951,-0.005763710620809492,-0.0362111097627571
레딧 언급 전체,JPM,2020-04-14,95.5,-0.0675392350601276,-0.029659113574813434,-0.0021989432929073738,-0.00903499242428174,-0.08869111225867143,-0.09883947829022832
레딧 언급 전체,JPM,2020-06-04,106.44000244140625,-0.0867155500303054,-0.05218959773793885,-0.07046223062733059,-0.07181119468017805,-0.12946259360415346,-0.13225686928406544
레딧 언급 전체,JPM,2020-07-13,97.6500015258789,-0.003584213708674011,-0.03369478128775005,-0.007680491431443892,-0.03429720144378612,0.030619537296956656,-0.03522346622055195
레딧 언급 전체,JPM,2020-08-12,102.94000244140625,-0.04264619473024822,-0.042023887198364585,-0.03740048583840927,-0.06742065182205403,-0.030211779061514843,-0.019691426503180676
레딧 언급 전체,JPM,2020-12-01,119.73999786376953,0.018874245670203793,0.007536000386809016,0.004843843672976966,-0.004909742009157503,0.04693504966465767,0.030624461718926188
레딧 언급 전체,JPM,2022-02-17,151.42999267578125,-0.022848785725600118,-0.024427521929463625,-0.11246120057443909,-0.10127284163476324,-0.07481996381340161,-0.09188853905878991
레딧 언급 전체,JPM,2022-04-20,131.5800018310547,-0.07721540903422819,-0.015512269980339721,-0.034047752656864994,0.0011437073894408067,-0.08732334194611835,0.03151816627048809
레딧 언급 전체,JPM,2022-09-01,114.51000213623047,0.04069510039106383,0.015015285217864882,0.022443451636362077,0.049838677662508046,-0.08741596323019674,0.011570009785281221
레딧 언급 전체,JPM,2022-10-13,109.37000274658203,0.06180848804127148,0.0633386614345165,0.139252037533802,0.10097018459805795,0.2350735890904614,0.15659720817151523
레딧 언급 전체,JPM,2022-12-13,134.0800018310547,-0.025283407990402296,0.028029009878350664,-0.012082302319989191,0.05088258929314693,0.04034907210790584,0.0528127130522813
레딧 언급 전체,JPM,2023-01-17,140.8000030517578,-0.01669038389616917,-0.022799500371710746,-0.0059658829523024925,-0.027863014996512336,0.017045410827172702,-0.020338067176379093
레딧 언급 전체,JPM,2023-03-13,131.25,-0.03131429036458333,-0.053060203799699,-0.02102852957589285,-0.04991062762937559,-0.02079996744791668,-0.08401362946556779
레딧 언급 전체,JPM,2023-05-01,141.1999969482422,-0.02924921893261312,-0.022582665862537876,-0.042280462816804976,-0.036263760592446626,-0.026487183535463643,-0.03772634216076476
레딧 언급 전체,JPM,2023-10-12,145.80999755859375,-0.003566314252573588,0.013105758166540915,-0.034634134396226646,0.014044590159586257,-0.010424554542977194,-0.010839609365329461
레딧 언급 전체,JPM,2024-05-13,198.72999572753906,-0.015850621266067177,-0.033416083410758635,0.0038746253158310484,-0.013210907449718645,-0.021989610079692246,-0.05278195403439245
레딧 언급 전체,JPM,2024-10-14,221.47999572753906,0.006862941582908455,0.008043805549155292,0.018150642721730392,0.024123380589045174,0.08041357188982112,0.05570108171250987
레딧 언급 전체,JPM,2026-05-04,307.6499938964844,-0.02486589971803599,-0.05451726632543652,-0.02249303769687261,-0.051239175449429686,-0.02174549837194939,-0.07962769638219713
레딧 언급 전체,KHC,2019-02-22,34.95000076293945,-0.07296134996839643,-0.07754685800066097,-0.08154512808596182,-0.064779265265278,-0.0761087207252007,-0.07650273572051058
레딧 언급 전체,KIM,2022-06-02,23.31999969482422,-0.08533446814580514,-0.04712077915646562,-0.19596911469250633,-0.07440410601664993,-0.13336194901588339,-0.04675224790812871
레딧 언급 전체,KKR,2022-01-06,70.58999633789062,-0.010341348142941076,-0.003054081304632361,-0.06757326661746843,-0.0035479828230366994,0.004816602704690309,0.04593296406296965
레딧 언급 전체,KKR,2023-12-18,84.47000122070312,-0.02711022709167521,-0.034907317301356544,-0.05422045418335042,-0.0474827533388974,-0.03445014348355602,-0.0440270000676215
레딧 언급 전체,KMI,2022-04-25,18.610000610351562,-0.023105872706774666,0.009635483293218505,-0.0005373577944040031,0.07026611387825354,0.02955396125858356,0.10327451764691364
레딧 언급 전체,KO,2023-05-17,63.150001525878906,-0.035946166316930706,-0.025975753439972715,-0.04988125811189459,-0.06575197112282782,-0.030403831152019167,-0.09631909351991363
레딧 언급 전체,KR,2020-02-18,29.709999084472656,-0.0013463146890373423,0.07016503358464365,-0.012453683718830488,0.09591212735060428,0.11073715977483145,0.3599873162688365
레딧 언급 전체,KVUE,2025-10-08,16.079999923706055,0.011194048882451346,0.022990044506048024,-0.05534828031999328,-0.047459528594195666,0.009328334529973281,0.0026874707253061736
레딧 언급 전체,L,2024-05-02,76.52999877929688,0.015288098622860957,-0.014690287151160497,0.008754712918231045,-0.03809399650358092,0.0035280841077705016,-0.04070690468871363
레딧 언급 전체,LEN,2025-12-01,130.22999572753906,-0.07310141254234304,-0.07804060617883124,-0.08062652779758239,-0.08130267245234313,-0.20225752285977106,-0.21216533893406953
레딧 언급 전체,LITE,2026-02-13,562.739990234375,0.19900840917264895,0.19806962714340437,0.3918506123472494,0.385059259383828,0.1103529830805694,0.12901080589410074
레딧 언급 전체,LLY,2022-06-10,297.010009765625,-0.020571750675885014,0.040844368336723336,0.10188201829266785,0.10498615244600384,0.08949188814626252,0.11250369292206797
레딧 언급 전체,LLY,2022-11-14,356.05999755859375,0.014351558456941582,0.01569292003278311,0.022159227946237037,0.02188079134343246,0.007302157280635768,-0.010034363746309394
레딧 언급 전체,LLY,2023-11-10,597.7100219726562,-0.010038312525190496,-0.03314269856228125,-0.010339449647146726,-0.04181859468671889,-0.022870695559355836,-0.07139434593862126
레딧 언급 전체,LLY,2024-02-06,705.030029296875,0.0538132275643457,0.053610839646385466,0.05798326617154981,0.05144457959129589,0.10600965509073856,0.07408530863351248
레딧 언급 전체,LLY,2024-07-03,898.0999755859375,0.04012920614877746,0.031026173660335887,-0.0547822653483272,-0.05695821849826288,-0.07310987075987108,-0.057786888367050926
레딧 언급 전체,LLY,2024-10-31,829.739990234375,-0.03891577892759257,-0.08634467947691327,-0.05243812553054705,-0.09589261396076587,-0.0414467363911476,-0.10108019916371769
레딧 언급 전체,LLY,2025-02-07,878.3099975585938,-0.03875622288481684,-0.05362046774635121,0.0035181506120367523,0.009443875003828817,-0.05527659701918619,0.011620886435072086
레딧 언급 전체,LLY,2025-07-23,798.8900146484375,-0.04857990067089846,-0.04897409185574042,-0.06574123917966623,-0.06348647715094047,-0.11697481567366341,-0.1231241404143475
레딧 언급 전체,LLY,2025-12-11,1009.3800048828125,0.04705859019420022,0.06548657243655343,0.06773464382735139,0.0660804588269781,0.07095444210379664,0.062262841507553235
레딧 언급 전체,LMT,2020-01-06,413.1099853515625,0.01430612638685047,0.0009888684350622956,0.031565464421840606,0.00789727508236071,0.042773145298574455,0.0260261960190058
레딧 언급 전체,LMT,2020-07-23,387.6199951171875,-0.015221077268474437,-0.018317436032588175,-0.020329201233363015,-0.05553478526239586,0.0006707852249634438,-0.04676545371966645
레딧 언급 전체,LMT,2021-01-04,344.6400146484375,-0.02019504896944735,-0.0470395774737451,-0.009110998476600574,-0.03584704100244218,-0.03464485240805859,-0.0692444319855855
레딧 언급 전체,LMT,2022-02-25,409.489990234375,0.11883075245443342,0.1315777234933041,0.07216298081824579,0.11255131360129833,0.10786591731449469,0.07373684263395508
레딧 언급 전체,LMT,2022-04-01,445.9800109863281,0.034844561739382884,0.046656815437395416,0.0481187293744787,0.08112679208711615,-0.03401500752059361,0.05085649583932483
레딧 언급 전체,LMT,2022-05-05,443.1499938964844,-0.0193162533600153,0.032567464644316035,-0.03955770962594596,0.019285736030699274,-0.0010380039747570624,0.0068641468504144765
레딧 언급 전체,LMT,2023-09-07,425.94000244140625,-0.00011735876574692217,-0.012503509541171964,-0.019721073034552394,0.010536297473263234,-0.06712212089500458,-0.02137635080552358
레딧 언급 전체,LMT,2023-10-10,435.1000061035156,0.01385888001541935,0.01045302453687369,0.013330240661014514,0.03843725830627587,0.034589720941966995,0.029089688530999025
레딧 언급 전체,LMT,2024-12-26,489.9800109863281,-0.016653748069606622,-0.0010385981891972706,-0.013918950102658423,0.019256975856160596,-0.06639046093699641,-0.07167863823064857
레딧 언급 전체,LMT,2025-06-23,472.4599914550781,-0.01972648896245599,-0.04921903324612198,-0.020001654871027563,-0.05364324717308255,-0.130635402652018,-0.17847337610795533
레딧 언급 전체,LRCX,2024-10-24,76.56999969482422,-0.028993094286941523,-0.01069329495566873,0.03447824735758598,0.0062170855020935445,-0.04492624337360129,-0.06983818474343395
레딧 언급 전체,LULU,2019-03-28,167.5399932861328,0.022860224331713086,-0.0001884786630235169,0.002745653171189799,-0.02397231280188894,0.05700133361858173,0.01175886775122903
레딧 언급 전체,LULU,2019-06-13,174.52000427246094,0.06864540129643748,0.04695882394130768,0.032030691044239834,0.025400352219856925,0.08595003227585285,0.04772222704920881
레딧 언급 전체,LULU,2019-08-23,180.02999877929688,0.025773478981893083,-0.0009072510187015936,0.07976448762828592,0.0328976952201292,0.0841526078942938,0.03725078214285804
레딧 언급 전체,LULU,2019-12-09,230.8800048828125,-0.023951830658110573,-0.04185674664435113,-0.011910949159048334,-0.03529567014702906,0.027676711947800747,-0.00599860078250547
레딧 언급 전체,LULU,2020-03-24,192.74000549316406,-0.016550806010635855,-0.07659607218379172,0.01131053550716321,-0.0790863863026956,0.10039426322114986,-0.0474569114012775
레딧 언급 전체,LULU,2020-06-08,315.29998779296875,-0.03885188859583322,0.01111724446136897,-0.03365044643937376,0.005272872294245001,-0.027148740532823568,0.0019973395165182595
레딧 언급 전체,LULU,2020-09-03,377.8699951171875,-0.17064064705310367,-0.1378371014689146,-0.21994333084262985,-0.17726687776984318,-0.11961781108191827,-0.08617730087404996
레딧 언급 전체,LULU,2020-12-11,344.32000732421875,0.09796114007685053,0.09009871862233432,0.020446032404718206,0.004420845862578959,0.03662286559981598,0.002579727089663697
레딧 언급 전체,LULU,2022-05-27,293.6499938964844,0.027141159156681915,0.035497372466655186,-0.051319624169756106,0.045631704681649454,-0.05138769505035323,0.03195771518713797
레딧 언급 전체,LULU,2022-09-02,314.1700134277344,0.12276784912036964,0.07501644321416312,0.07292221461422521,0.08232972668152194,-0.07024861183734621,-0.004905950403212955
레딧 언급 전체,LULU,2023-03-29,361.0400085449219,0.01044202560504548,-0.005130417162995782,0.00925104215278405,-0.020947026697030635,0.047196924507117544,0.019639935867777236
레딧 언급 전체,LULU,2023-06-02,365.44000244140625,-0.01379161698569109,-0.018418604288504836,0.0481063552288159,0.02113874991653808,0.03822789275222549,0.0011415340421820908
레딧 언급 전체,LULU,2024-03-22,403.19000244140625,-0.04461913769052195,-0.04644172576793404,-0.1059798376139991,-0.10120239442496182,-0.10268110232346561,-0.061450082492690905
레딧 언급 전체,LULU,2024-06-06,323.0299987792969,-0.04810701360135672,-0.06267709450096837,-0.034702632874469064,-0.05312562527309961,-0.08977494384295126,-0.12834161647241638
레딧 언급 전체,LULU,2024-07-26,253.5,-0.06903353057199213,-0.047837479628645596,-0.058303742719119866,-0.03727293646739971,0.059368788137943884,0.026876681823051918
레딧 언급 전체,LULU,2024-08-30,259.4700012207031,-0.041931648482007144,-0.011293662824099604,0.02246882701213182,0.023958973604571998,0.04578565856138206,0.027903141493508032
레딧 언급 전체,LULU,2025-04-09,273.8399963378906,-0.08935875528755721,-0.04750825370722034,-0.011685589147849229,-0.00816768478242591,0.03136866948862882,0.00140256801998917
레딧 언급 전체,LULU,2025-06-06,265.2699890136719,-0.09861646430713289,-0.09504465371842896,-0.14969650959284164,-0.15138227542542027,-0.10076524610615267,-0.1361493160876427
레딧 언급 전체,LULU,2025-09-05,167.8000030517578,-0.047258687665960974,-0.06297153462165295,0.01084619804725695,-0.014584897405754083,0.04642427380486991,0.012480092249701258
레딧 언급 전체,LULU,2025-10-09,173.47999572753906,-0.05107217447864554,-0.035397880842203744,0.03216510242378856,0.031271073213014144,-0.057239986859216385,-0.05597355915204072
레딧 언급 전체,LULU,2026-06-05,114.2300033569336,0.03974431544002255,0.03404976961052664,-0.07703758026041996,-0.08631156435461906,0.007353552597437085,-0.006421831238023534
레딧 언급 전체,LUV,2022-12-28,32.189998626708984,0.04162784124743801,0.03440647132693231,0.14849340782599585,0.09459868155933537,0.1258155708151354,0.0487699893052258
레딧 언급 전체,LUV,2024-04-26,27.030000686645508,-0.03255645748281499,-0.03851797072619245,0.012208653915021683,-0.012542490869406286,-0.007029246364447572,-0.048700816562441296
레딧 언급 전체,LVS,2020-03-06,54.86000061035156,-0.10663511162474393,-0.012034207505814631,-0.21053589333867362,0.020285025022339753,-0.30878604179617586,-0.14315035824539302
레딧 언급 전체,LYV,2020-03-02,57.959999084472656,-0.18461009199370326,-0.0718274533946387,-0.37353343777021597,-0.14952104314491954,-0.21963422607518057,-0.06615141199683094
레딧 언급 전체,MA,2020-06-22,304.44000244140625,-0.03780715304599391,-0.017975835812905294,-0.01487977513785732,-0.025052989070583065,0.010379725518224525,-0.03594702380455672
레딧 언급 전체,MAR,2020-03-17,75.23999786376953,0.05183415253334123,0.09000665664244012,-0.005715049407023498,-0.025295733301353707,0.0729665822572767,-0.025767620324030016
레딧 언급 전체,MCD,2019-01-16,179.35000610351562,0.04471697095478744,0.03486956234702521,-0.0031781840246482007,-0.03747192803833055,-0.01940346176692942,-0.07074836686460895
레딧 언급 전체,MCD,2019-09-13,209.80999755859375,-0.0020018024585697347,0.007330947193598392,0.015966856405782437,0.03486486866328964,-0.003765279516349973,0.012210002349859361
레딧 언급 전체,MCD,2019-12-20,197.13999938964844,-0.0011666619065189288,-0.002257846310688816,0.027848257634986773,0.02161248320948328,0.07253729885376425,0.03945656119864416
레딧 언급 전체,MCD,2020-02-07,211.61000061035156,0.02589667648850713,0.009641427547941062,0.009026055746894412,0.03846614731799847,-0.11696044576632958,0.05754286275424769
레딧 언급 전체,MCD,2020-07-29,196.2100067138672,0.015544506847790629,-0.005955217375124278,0.0499974375562795,0.012103713672031446,0.0894449171420797,0.020393451393443396
레딧 언급 전체,MCD,2022-04-01,249.25,0.008866626735675842,0.020678880433688374,0.007261775561058226,0.04026983827369568,-0.010471416691480662,0.07440008666843778
레딧 언급 전체,MCD,2022-08-11,259.2799987792969,0.028154843517963046,0.009344813284495102,0.012650411889614688,0.013793249766493987,0.0009256025744557306,0.03280727700052266
레딧 언급 전체,MCD,2022-09-12,260.3699951171875,-0.012904656506408263,0.04164923638392504,-0.06379383539518724,0.04974244103256975,-0.09763029014731239,0.02634472519613007
레딧 언급 전체,MCD,2022-11-02,270.3699951171875,0.027443923370706447,0.0294179150051761,0.007915133657897089,-0.04698394431021358,0.011206860354395332,-0.07551656427035258
레딧 언급 전체,MCD,2023-06-30,298.4100036621094,-0.01313633383474977,-0.0049699488700407635,-0.012499617776057015,-0.02955429558559608,-0.017459171579842225,-0.0501924548445567
레딧 언급 전체,MCD,2023-10-27,255.75999450683594,0.047349080663308785,-0.011114955067256016,0.04703633991423306,-0.025842770852212427,0.10197060678446968,-0.004681821119719931
레딧 언급 전체,MCD,2024-02-12,289.44000244140625,0.011090351810399746,0.01951384402198475,0.014925398313224703,0.0030487134975194508,0.016825577239184097,-0.014712643775741885
레딧 언급 전체,MCD,2024-04-01,280.2200012207031,-0.045178800966952704,-0.03859077695452218,-0.04992502381497166,-0.016008289771096584,-0.02380277424408772,-0.00062984600703897
레딧 언급 전체,MCD,2024-07-30,266.44000244140625,0.01358653011566302,0.050210101307429644,0.014524827659985418,0.014451067461934253,0.08707405792841949,0.050985501547250234
레딧 언급 전체,MCD,2024-10-23,298.57000732421875,-0.023612613918353897,-0.027107517922540625,-0.01530631748706146,-0.03788454204710445,-0.025655636782670355,-0.04729962712331992
레딧 언급 전체,MCD,2026-06-11,284.7699890136719,-0.02163150577574957,-0.033803459188625484,-0.0527091330797721,-0.0408217721288362,-0.042701141732760184,-0.05816683924075605
레딧 언급 전체,MCK,2022-11-28,380.3399963378906,0.005521391711982959,-0.003773631504762953,-0.00680968702431628,-0.014488221329593265,-0.0003943679285076662,0.03625540002736494
레딧 언급 전체,MDT,2020-03-20,77.45999908447266,0.16046992579512498,0.05286505346643833,0.11373609169535559,0.028989591996829933,0.3108701538299099,0.08014466177565072
레딧 언급 전체,META,2022-02-04,237.08999633789062,-0.07398031784156578,-0.05561610895415625,-0.130456759684205,-0.09820803932083977,-0.20928759493703475,-0.14405465815310448
레딧 언급 전체,META,2022-04-25,186.99000549316406,0.12909780566069307,0.16183916166068624,0.04930745467591424,0.12011092634857179,0.04941435351052914,0.12313490989885922
레딧 언급 전체,META,2022-05-23,196.22999572753906,-0.01319877895470567,-0.05353430930447911,-0.002955724627645595,-0.0503707608313243,-0.20577888448863924,-0.14901682156132146
레딧 언급 전체,META,2022-07-27,169.5800018310547,-0.00459959176126179,-0.038037661221624,0.0516570020771856,0.004404904317142577,-0.03726858860701687,-0.06876171800484798
레딧 언급 전체,META,2022-09-20,146.08999633789062,-0.08001918498490834,-0.026099552470295273,-0.039769989076841705,-0.02383623611389385,-0.09097127537326011,-0.057229205601474153
레딧 언급 전체,META,2022-10-24,129.72000122070312,-0.28183778302924367,-0.3012111734599646,-0.2543940771620441,-0.25724470430001456,-0.15309898568812175,-0.19459079402158674
레딧 언급 전체,META,2022-12-19,114.4800033569336,0.020964306657133003,0.017332905881625837,0.11259607801948701,0.10275443584255783,0.18929061761106514,0.16660753281560847
레딧 언급 전체,META,2023-02-01,153.1199951171875,0.19794931116211556,0.1983144375032584,0.15700110574404924,0.14926005587098534,0.13982500225214634,0.17144620629395746
레딧 언급 전체,META,2023-03-07,184.50999450683594,0.051541976308891346,0.06796294250707313,0.09565882434959105,0.09405183746608903,0.1637310043535225,0.13761800387407774
레딧 언급 전체,META,2023-04-27,238.55999755859375,-0.021126732636283285,-0.003474399485651425,-0.011611352702921574,-0.010932419658595371,0.059230403367781514,0.05379893901317234
레딧 언급 전체,META,2023-06-08,264.5799865722656,0.06519767509054741,0.03380858304982293,0.09127683740155579,0.08176926038330512,0.11157313867043794,0.08703512301205385
레딧 언급 전체,META,2023-07-10,294.1000061035156,0.056171331760725085,0.030742608241054237,-0.008466578375645128,-0.041537606951845274,0.07636855147555766,0.051235522087101026
레딧 언급 전체,META,2023-09-29,300.2099914550781,0.050697850351128615,0.04587891728840909,0.048232941602461166,0.03882901882161227,-0.011591820951338039,0.02770830508679889
레딧 언급 전체,META,2023-12-08,332.75,0.006521452825648089,-0.013317691292251244,0.062028593984785774,0.032802211254047586,0.07416977513382794,0.044443585840232336
레딧 언급 전체,META,2024-01-11,369.6700134277344,0.03727648518613402,0.02451278938606638,0.06619417407922024,0.04297595760628847,0.2662914717129792,0.21412393568881583
레딧 언급 전체,META,2024-02-23,484.0299987792969,0.037745571678920786,0.02790020508971036,0.04528647704277766,0.03766612640641531,0.052785959253361936,0.02647894791423555
레딧 언급 전체,META,2024-04-01,491.3500061035156,0.056782321257581314,0.06337034527001184,0.01807266667855023,0.051989400722425305,-0.11952785235939356,-0.09635492412234481
레딧 언급 전체,META,2024-04-29,432.6199951171875,0.07641809886673978,0.06365487533071423,0.08180392734471531,0.06053196789313908,0.10933387001156603,0.0706129350342426
레딧 언급 전체,META,2024-07-08,529.3200073242188,-0.06264642031903822,-0.07390200249424095,-0.079195973792197,-0.07806140231551295,-0.10124309604089032,-0.032989201763342635
레딧 언급 전체,META,2024-08-06,494.0899963378906,0.06972410278449348,0.031631691248937166,0.06606080749009546,-0.003938208279335553,0.03774614753327299,-0.017410390715072444
레딧 언급 전체,META,2024-09-09,504.7900085449219,0.05643935155150315,0.026370255966764233,0.11810844824656175,0.07553966123894895,0.15846197309357946,0.11931551585499678
레딧 언급 전체,META,2024-10-07,584.780029296875,0.009644572883350078,-0.019450213813393402,-0.016450726205391564,-0.044330291950672396,-0.0412121403155149,-0.04475213645647613
레딧 언급 전체,META,2024-11-05,572.4299926757812,0.02164459376162542,-0.013382303723127098,-0.019810223023613238,-0.04339263207176014,0.07223597147278404,0.01855128223718605
레딧 언급 전체,META,2025-01-13,608.3300170898438,0.01336446444268069,-0.023891031177808886,0.10849374212328655,0.06870976871466339,0.18323930690841128,0.1420965588262646
레딧 언급 전체,META,2025-02-14,736.6699829101562,-0.09304027531647485,-0.07255480707913153,-0.11079587469378649,-0.06826677487973498,-0.17887244159935367,-0.10908404248329728
레딧 언급 전체,META,2025-05-01,572.2100219726562,0.045088318628228485,0.03328817322887634,0.12525118428209048,0.06796958822911892,0.13156003105677194,0.07619439715100707
레딧 언급 전체,META,2025-07-25,712.6799926757812,0.0523797741952694,0.07652042004707249,0.0794465899128245,0.07932099409912174,0.05908680724073534,0.04620025522806959
레딧 언급 전체,META,2025-10-10,705.2999877929688,0.01647525211725709,-0.0009361514800616533,0.04687366812814697,0.009769169423585522,-0.11851689673479648,-0.14600449379921687
레딧 언급 전체,META,2025-11-10,631.760009765625,-0.0470906666141101,-0.023948468511928667,-0.029615711161580904,-0.010964000186117429,0.03988858398362405,0.037540650812390775
레딧 언급 전체,META,2026-01-28,668.72998046875,0.0003888112888892348,0.013661338244650323,-5.978201742307121e-05,0.0049155724770234555,-0.017525714481814947,-0.008725284141034573
레딧 언급 전체,META,2026-04-30,611.9099731445312,0.008007753802216744,-0.009970211338627522,0.010655194092922482,-0.030407354077810478,0.03366514279091204,-0.018960589457310384
레딧 언급 전체,META,2026-08-28,578.02001953125,0.06703920053050183,0.06594733482292314,0.15151716739103804,0.16252642321986188,0.2380539962915562,0.24291523025926598
레딧 언급 전체,MGM,2020-02-14,31.520000457763672,-0.05774110623072459,-0.012776673762300073,-0.20526653320874244,-0.1208174536761929,-0.6748096493927769,-0.38526581576491936
레딧 언급 전체,MGM,2020-03-16,10.25,-0.10731711038729042,-0.036856369402444855,0.12487802272889681,0.03398793626560859,0.4673170694490758,0.2841192319537438
레딧 언급 전체,MGM,2020-04-17,14.079999923706055,-0.00994320625577838,0.0028603565413963805,0.06605115839595777,0.07948266100119461,-0.016335194849616763,-0.015079208766926255
레딧 언급 전체,MGM,2020-05-26,17.649999618530273,0.031161538600360528,0.0010692542481096634,0.24985835369549614,0.1772690031960753,0.04589232200843707,0.002525992588165993
레딧 언급 전체,MGM,2020-06-23,18.459999084472656,-0.08992415654063557,-0.07809912021390963,-0.11700974834982303,-0.1302448229993135,-0.11538457564487192,-0.16284491257146572
레딧 언급 전체,MGM,2020-08-11,21.5,-0.02558135986328125,-0.04312951812553978,0.02744186756222744,-0.006572578770206894,0.07488374931867736,0.053880080423408305
레딧 언급 전체,MGM,2022-05-04,41.029998779296875,-0.1452595481791723,-0.06063269467336363,-0.19571043183527204,-0.10900924221446362,-0.14379717003936865,-0.11659821656768654
레딧 언급 전체,MGM,2023-09-15,41.08000183105469,-0.11051608357269593,-0.08130801394220522,-0.10516074286675792,-0.06932163714049089,-0.11295041376648784,-0.08617820263828524
레딧 언급 전체,MMM,2020-01-23,148.61204528808594,-0.08568696821244015,-0.07350799639869676,-0.08354906273349005,-0.09036206694580273,-0.11708117890568437,-0.12238688781424678
레딧 언급 전체,MMM,2020-02-25,122.7842788696289,-0.010963563671752108,0.028729396201511825,0.04392241850959078,0.12142115812822107,-0.09622059875921962,0.1260727047967396
레딧 언급 전체,MMM,2024-02-14,77.27424621582031,-0.002055785215762662,-0.019966996368851686,-0.0032459922456358203,-0.022320503564690286,0.11577579678708272,0.0829218251438173
레딧 언급 전체,MNST,2023-05-08,29.520000457763672,0.011517620166515696,0.010863407980542084,0.001354979930841882,-0.013303203074665593,-0.01202572956407133,-0.049070864289784355
레딧 언급 전체,MOS,2022-04-11,73.91000366210938,0.05506696648847198,0.0434284982194475,-0.13854694879975626,-0.08440072540196197,-0.2201326405941162,-0.12732027506496557
레딧 언급 전체,MOS,2022-11-10,53.5,-0.06579440107969481,-0.06465423486254307,-0.032336440041800474,-0.05169336340849662,-0.12504670330297163,-0.12147427011898515
레딧 언급 전체,MRK,2022-06-23,92.0,-0.009021759033203125,-0.0068792484163050505,0.00847824760105298,-0.019586122968848985,-0.020543471626613408,-0.06558922862093153
레딧 언급 전체,MRK,2023-03-03,106.87999725341797,0.007578641549435217,0.05280489323522952,-0.026010468289078936,0.009121554079756788,-0.004584560968950213,-0.017449827738592938
레딧 언급 전체,MRNA,2020-02-26,29.15999984741211,-0.05727023611223214,-0.06163616019429474,-0.19032919293904238,-0.07109961140312748,-0.0696159361203037,0.1381208430574401
레딧 언급 전체,MRNA,2020-05-04,50.5,0.32475250546294854,0.2932611895792798,0.5841584158415842,0.5438509348648926,0.18554453330464882,0.09911092391371112
레딧 언급 전체,MRNA,2020-07-16,81.80999755859375,-0.07920787093164228,-0.08597236749435988,-0.05109400354378435,-0.060975804178832416,-0.17088370791756036,-0.22088519674228968
레딧 언급 전체,MRNA,2020-08-13,67.83000183105469,-0.0002949177638349454,-0.004599796381642207,0.002948502769325012,-0.031193350564545863,-0.1251658771823858,-0.11694217643097549
레딧 언급 전체,MRNA,2020-10-26,70.23999786376953,-0.04456146566929853,-0.017483466774941392,0.10677676862328855,0.06207898066429296,0.4383542404890808,0.38511172884548195
레딧 언급 전체,MRNA,2020-11-25,109.18000030517578,0.44037364047690764,0.4292613073312552,0.42599379012848027,0.41477113727699355,0.13015203374934425,0.11267010501755714
레딧 언급 전체,MRNA,2020-12-24,123.38999938964844,-0.09449709125854033,-0.09392800872445328,-0.049679854799741796,-0.07594002401764499,0.23129907956322682,0.19121775559324883
레딧 언급 전체,MRNA,2022-01-20,167.52000427246094,-0.11282240134458055,-0.07810497601581723,-0.021310931430089664,-0.02097518683807087,-0.12631329466595487,-0.10462330598905223
레딧 언급 전체,MRNA,2022-12-06,173.5399932861328,0.13829665165670946,0.11762779726274908,0.15915645640504716,0.19290192648215898,-0.00017286378043945838,0.03651804900459199
레딧 언급 전체,MRNA,2023-02-27,138.27000427246094,0.041657585368160444,0.02471144087767918,0.06964626691590725,0.10074783152776356,0.0729008571605454,0.07601860215765543
레딧 언급 전체,MRNA,2023-09-29,103.29000091552734,0.005712037299458794,0.0008931042367392727,-0.04831056074682827,-0.05771448352767716,-0.3038047920929071,-0.2645046660547702
레딧 언급 전체,MRNA,2024-03-22,105.43000030517578,0.0016124269036634775,-0.0002101611737486131,-0.003224926171876974,0.0015525170171603042,-0.009200428890215107,0.0320305909405596
레딧 언급 전체,MRNA,2024-12-04,41.630001068115234,0.029545988726346506,0.029875039808714643,-0.07854913220908355,-0.04336507403092371,0.013211607565434269,0.039064817636526805
레딧 언급 전체,MRNA,2025-01-08,43.16999816894531,-0.21797545162235543,-0.22162271357706265,-0.040769015431630806,-0.0721181151193161,-0.24484596115706658,-0.26398119582388446
레딧 언급 전체,MRNA,2025-02-24,33.900001525878906,-0.10707967270574104,-0.0845750228389951,0.06076688689884491,0.12210210153877876,0.007964502386829997,0.04669460407938253
레딧 언급 전체,MRNA,2026-08-20,133.32000732421875,0.07088206142429088,0.05973598186473006,0.11663656569679737,0.10277607833434055,0.15541542771990313,0.15660867866884542
레딧 언급 전체,MRVL,2022-11-03,37.220001220703125,0.1458893102388028,0.08206355876988591,0.1802793891565031,0.11766657587034701,0.2015045608281234,0.10474168933804373
레딧 언급 전체,MRVL,2024-03-06,81.37000274658203,-0.1688583633941344,-0.18106036575436002,-0.1945434594657136,-0.215592955235699,-0.12891735454199305,-0.13543036547719423
레딧 언급 전체,MRVL,2024-06-06,68.0999984741211,0.07004411717092185,0.0554740362713102,0.055653465498499255,0.03723047309986871,0.10000007842255942,0.06143340579309431
레딧 언급 전체,MRVL,2025-06-10,68.83999633789062,0.016705426889250585,0.025908165556915552,0.10299250936163551,0.09629360057198832,0.06565956584708665,0.027953142835250633
레딧 언급 전체,MRVL,2026-05-28,204.8300018310547,0.5448420145832693,0.5415421850708211,0.37045349287556917,0.3927699073536328,0.3023970445194144,0.33633553667438254
레딧 언급 전체,MRVL,2026-08-21,237.0399932861328,-0.08614579289283131,-0.09088643571487931,-0.05691018653586921,-0.06274787121082492,0.08580835374951734,0.07564794316269285
레딧 언급 전체,MSCI,2022-10-05,447.4800109863281,-0.10241802083812857,-0.04797478718389758,-0.10880933504512202,-0.08602963677332387,0.013989405323935555,0.019876597353060355
레딧 언급 전체,MSFT,2019-01-31,104.43000030517578,0.008043630522224454,0.007265569623639889,0.02365221884022839,0.007166417603697184,0.07756390357608423,0.03870189847629191
레딧 언급 전체,MSFT,2019-03-25,117.66000366210938,0.011558668524799698,-0.012774680885382361,0.019292848652166183,-0.015648377342063924,0.06612271406721293,0.016524104856797228
레딧 언급 전체,MSFT,2019-04-24,125.01000213623047,0.02295812389523766,0.02439539389470402,0.00399967995724948,0.020082943244164708,0.021278265636825555,0.04386323588419827
레딧 언급 전체,MSFT,2019-06-06,127.81999969482422,0.035205817869961686,0.018422113571590737,0.07142855011122062,0.032594287356147555,0.07228914008629661,0.02432564202589882
레딧 언급 전체,MSFT,2019-07-18,136.4199981689453,0.027635275788466807,0.023719961126926092,0.012021693385579901,0.0253737343910434,-0.02008507205645016,0.027366633973567422
레딧 언급 전체,MSFT,2019-10-22,136.3699951171875,0.047371173609824346,0.033324882341029705,0.05932398538056449,0.03250217757567442,0.10280857061271464,0.059599371963199754
레딧 언급 전체,MSFT,2019-11-25,151.22999572753906,-0.012695881922819341,-0.000505795495463035,-0.0006611839420184173,-0.0011717741855085118,0.040666596105401576,0.015584373839031329
레딧 언급 전체,MSFT,2020-01-03,158.6199951171875,0.017147908866682382,0.006912532310478614,0.053461172912425914,0.02387149381884557,0.09935701835056543,0.09405323920086439
레딧 언급 전체,MSFT,2020-02-03,174.3800048828125,0.08211946131698444,0.049538942627368465,0.07368958874248266,0.0347841954958199,-0.056600585500668155,0.017075846816253626
레딧 언급 전체,MSFT,2020-03-03,164.50999450683594,-0.021822360086100723,0.017546069140844223,-0.10905104724121617,0.048955842998769206,-0.04133480043783111,0.10018528887873934
레딧 언급 전체,MSFT,2020-03-31,157.7100067138672,0.03664953733584908,0.008017122659564002,0.08984844059168617,0.012215037039309928,0.1250395353650069,-0.012535601221135284
레딧 언급 전체,MSFT,2020-04-30,179.2100067138672,0.02449639654697222,0.034135677064207726,0.007365615847206852,0.02633425243915577,0.022543346547512888,-0.025101915826640786
레딧 언급 전체,MSFT,2020-06-10,196.83999633789062,-0.013208651153719164,0.009800741755028874,0.005080268332678717,0.05182009172487112,0.08880314626872066,0.10328588958278806
레딧 언급 전체,MSFT,2020-07-09,214.32000732421875,-0.048525610301704214,-0.06891495937782866,-0.05496460262930736,-0.08225637194989077,0.009471811823083431,-0.05398636420464964
레딧 언급 전체,MSFT,2020-08-06,216.35000610351562,-0.03535941270837395,-0.04283705485956524,-0.008181207407103375,-0.01999591851791027,0.004391018818773018,-0.028690154035523774
레딧 언급 전체,MSFT,2020-09-03,217.3000030517578,-0.06106766721627799,-0.028264121632088912,-0.07781869960711252,-0.03514224653432585,-0.0511274756296497,-0.017686965421781387
레딧 언급 전체,MSFT,2020-10-12,221.39999389648438,-0.032429958779214174,-0.0028638516750945087,-0.051129143529797694,-0.014128949737154395,-0.013595278183445969,-0.01963904553321305
레딧 언급 전체,MSFT,2020-12-07,214.2899932861328,-0.00041997452382414036,0.011582498368249983,0.038732574136931985,0.042065124459434,-0.00951977857131614,-0.021603529145241662
레딧 언급 전체,MSFT,2022-01-18,302.6499938964844,-0.04678673037393988,0.0014508859697748289,0.02018838920324062,0.02794316609446279,-0.0072030157599370925,0.01555757998833962
레딧 언급 전체,MSFT,2022-03-17,295.2200012207031,0.030079279337763776,0.008722164245528852,0.04433980178770036,0.02037533549278625,-0.05213066386017695,-0.04469420541859026
레딧 언급 전체,MSFT,2022-04-25,280.7200012207031,0.013358506638975642,0.046099862638968814,-0.05749506475581756,0.013308406916839988,-0.07149475362263069,0.0022258027656993917
레딧 언급 전체,MSFT,2022-06-07,272.5,-0.10278897066728787,-0.002076996595264835,-0.07108255088876148,0.028378594435810922,-0.015045893957855494,0.04929720660583958
레딧 언급 전체,MSFT,2022-07-25,258.8299865722656,0.07410278634003742,0.03567727022906775,0.0830275542511496,0.038989880545826416,0.07309822821650491,0.02815043528456007
레딧 언급 전체,MSFT,2022-10-10,229.25,0.03611777002964822,0.0172298790289942,0.07851690294438396,0.02615868207126515,-0.006019650524809128,-0.061377752301215116
레딧 언급 전체,MSFT,2023-01-06,224.92999267578125,0.06357535018626947,0.03672518066382224,0.0784689002356147,0.04613015888129879,0.14155513881950577,0.08550999154945993
레딧 언급 전체,MSFT,2023-02-10,263.1000061035156,-0.01915624640061353,-0.017244672135927175,-0.04918282835886767,-0.023915704197785104,-0.03489170551732512,0.020691136160962187
레딧 언급 전체,MSFT,2023-04-26,295.3699951171875,0.030571821541027777,0.021520471766822924,0.05735180526608774,0.03635561113334829,0.062565633922959,0.04592202122602784
레딧 언급 전체,MSFT,2023-07-13,342.6600036621094,0.012286206181301162,0.006458296377457762,-0.03484504264810573,-0.04136251015342873,-0.057578972671066486,-0.0494599364660967
레딧 언급 전체,MSFT,2023-10-13,327.7300109863281,-0.0032343621977236614,0.02065902727758051,0.006346646637595876,0.05459695329858949,0.12797119896095155,0.10685883429916121
레딧 언급 전체,MSFT,2023-11-20,377.44000244140625,0.01393601560937241,0.012461127008674522,-0.013035219891665228,-0.018186446694786085,-0.011074588408074626,-0.05637900906989757
레딧 언급 전체,MSFT,2023-12-20,370.6199951171875,0.012573535490538967,-0.005429267439398755,-0.007743767619121655,-0.007017683113078044,0.06985595755634089,0.03741670986357026
레딧 언급 전체,MSFT,2024-01-26,403.92999267578125,0.018047703010688032,0.0038091720218629277,0.04114573173210179,0.01285331171340709,0.008937231536649604,-0.02918259865285533
레딧 언급 전체,MSFT,2024-03-06,402.0899963378906,0.03235596479424019,0.020153962434014572,0.05754934183687599,0.03649984606689061,0.03926983682442309,0.03275682588922191
레딧 언급 전체,MSFT,2024-04-26,406.32000732421875,0.0008367698655293854,-0.005124743377848073,0.02072254075206681,-0.0040286040323611605,0.05867295704901809,0.01700138685102437
레딧 언급 전체,MSFT,2024-06-07,423.8500061035156,0.044166570605477906,0.027743620902533017,0.05619914352060018,0.03985117192998988,0.08420432211269047,0.043362395632386974
레딧 언급 전체,MSFT,2024-07-09,459.5400085449219,-0.02180445520505858,-0.03806867367186639,-0.03196675407636518,-0.028296540697101524,-0.13041306976321954,-0.06983593603921523
레딧 언급 전체,MSFT,2024-10-03,416.5400085449219,-0.0016805401466153391,-0.016315455174977123,0.0004321137756011506,-0.02515692513514356,-0.024463442244125555,-0.02590757473970806
레딧 언급 전체,MSFT,2024-10-31,406.3500061035156,0.046954562041781056,-0.00047433850753964,0.05054757779353736,0.007093089363318539,0.04210652170435503,-0.017526941068215063
레딧 언급 전체,MSFT,2025-01-23,446.7099914550781,-0.07100804062470345,-0.06328352734441445,-0.06914997363332032,-0.06352472939259668,-0.08618567020315149,-0.07009711332148894
레딧 언급 전체,MSFT,2025-04-28,391.1600036621094,0.11506802675179806,0.0920853005272555,0.14853258400545322,0.09018636257873847,0.17775334422830724,0.10459359000437729
레딧 언급 전체,MSFT,2025-07-22,505.2699890136719,0.014447757573722297,0.00427057256729424,0.04449108689437686,0.045906369579186146,0.008906129589814737,-0.008506350870219004
레딧 언급 전체,MSFT,2025-09-30,517.9500122070312,0.011641988839858453,0.007228763474747435,-0.008456423939732893,-0.0025270771408810733,0.046568191039150664,0.015225303062365692
레딧 언급 전체,MSFT,2025-10-30,525.760009765625,-0.054511570164656575,-0.040508040911855336,-0.04273813299478568,-0.03127932878392292,-0.06419278639135217,-0.06942938593697556
레딧 언급 전체,MSFT,2026-01-29,433.5,-0.09188001516093569,-0.06822146027937626,-0.07303345712135956,-0.05463400046125544,-0.09402539738321802,-0.08242665948940231
레딧 언급 전체,MSFT,2026-04-16,420.260009765625,-0.010731474946046315,-0.02040858255141531,-0.02969592798821874,-0.053924187616331,-0.025769801642282264,-0.09205548351920001
레딧 언급 전체,MSFT,2026-06-01,460.5199890136719,-0.10592373825894597,-0.0804537460583209,-0.13193776751836728,-0.12704684410633027,-0.1900026102827912,-0.17448601414147424
레딧 언급 전체,MSFT,2026-06-30,373.0199890136719,0.02766609733571279,0.029500658286683246,0.06061341626470296,0.04984707881533601,0.04696804473555405,0.0701478686517033
레딧 언급 전체,MSFT,2026-07-31,464.7200012207031,0.07589513883849719,0.040782788009122495,0.06601823161299825,0.02678286434646271,0.10503104653976614,0.07515280147099612
레딧 언급 전체,MU,2019-01-10,35.90999984741211,-0.056530180671754304,-0.07229032628096232,0.08493453773379356,0.05828128616418016,0.07435260359197682,0.02958284107927489
레딧 언급 전체,MU,2019-06-25,32.68000030517578,0.2117502479903386,0.19224968835448397,0.312729532596868,0.2857314058865781,0.46848228978952156,0.43175099140914885
레딧 언급 전체,MU,2019-09-26,48.599998474121094,-0.10576130763430835,-0.08360647069065308,-0.10946501773363337,-0.09680505219280844,-0.030864198499897744,-0.042210983406253066
레딧 언급 전체,MU,2020-03-26,44.790000915527344,-0.08260774028376439,-0.046734807902162,0.029917395070276687,-0.03516682853429787,-0.014065663211380586,-0.09741171220167166
레딧 언급 전체,MU,2022-03-30,79.16000366210938,-0.06796367652756552,-0.04141032385867127,-0.08564939483367806,-0.052098023046290076,-0.11344116904370416,-0.046098649256511526
레딧 언급 전체,MU,2022-12-23,50.20000076293945,0.003386417656607188,0.008844609706702866,0.13964139870508507,0.11961062688716084,0.2258964139490558,0.18035045726311916
레딧 언급 전체,MU,2024-03-22,110.20999908447266,0.12784687491454916,0.12602428683713707,0.11559747726705538,0.12037492045609266,-0.009890176453546395,0.03134084337722831
레딧 언급 전체,MU,2024-06-24,139.00999450683594,-0.053880947632198306,-0.05867152261815234,-0.056614599152440714,-0.08071456842906488,-0.17811664977526742,-0.19845795364294905
레딧 언급 전체,MU,2024-09-26,109.87999725341797,-0.07335272806755588,-0.0655246998230915,-0.038132461928882866,-0.044824786184582854,-0.027575526529262095,-0.03970203813058126
레딧 언급 전체,MU,2024-12-20,90.12000274658203,-0.05337333601191785,-0.048416804522569246,0.13082557208393442,0.1350884823895676,0.16333769576884394,0.13187364296029758
레딧 언급 전체,MU,2026-05-27,928.4099731445312,0.16281597302595885,0.15777910477042845,-0.03934680724937878,-0.005993892285192981,0.30713811106898525,0.32867161546167667
레딧 언급 전체,MU,2026-06-26,1132.3299560546875,-0.13033299637226936,-0.16090960148495903,-0.172502683524566,-0.20018480940573657,-0.2050020337326881,-0.21885686954167705
레딧 언급 전체,NCLH,2020-02-28,37.2599983215332,-0.272678432575018,-0.27672886682161923,-0.7020933740875978,-0.611159729473467,-0.6774020129030145,-0.5327992646935246
레딧 언급 전체,NCLH,2020-03-30,10.680000305175781,-0.06273408774803568,-0.0750023527201652,0.1563670438740179,0.07175013133857688,0.2256554099763617,0.13362400293810883
레딧 언급 전체,NCLH,2020-06-09,24.1299991607666,-0.13137174415853714,-0.10696319999795034,-0.2527972932564039,-0.22555199097408785,-0.33733939795917645,-0.32296857671679646
레딧 언급 전체,NCLH,2020-09-24,14.630000114440918,0.18523581797323407,0.14338107749434115,0.24401918117380417,0.18132984955310283,0.21052624374155315,0.1452712658387325
레딧 언급 전체,NDAQ,2024-02-15,55.4900016784668,0.020904664125505956,0.00927143724897972,0.01874206288290048,-0.0028510639660510595,0.07550907370642479,0.05993174127376766
레딧 언급 전체,NEE,2020-09-16,70.0875015258789,-0.025111497740871958,0.02264244926940162,-0.009951876169718044,0.0016471811197784625,0.07237384734505792,0.04548645830476117
레딧 언급 전체,NEE,2025-10-16,85.05000305175781,-0.021164056286540167,-0.0379962112735569,-0.04009410393594215,-0.0691416972029324,-0.012463317459767809,-0.029719255831852087
레딧 언급 전체,NEM,2024-04-26,42.72999954223633,-0.04844370973554857,-0.05440522297892603,-0.005616612832684553,-0.030367757617112523,-0.017552071332429198,-0.05922364153042292
레딧 언급 전체,NFLX,2019-01-04,29.756999969482422,0.13448932706494188,0.10837889633228115,0.13956379615515124,0.08381676933374393,0.18069694212728504,0.10315824363386006
레딧 언급 전체,NFLX,2019-04-15,34.887001037597656,0.0946483802052569,0.08461284670227731,0.06211482077691799,0.048147900833753976,-0.009344460799932786,0.013313080658013288
레딧 언급 전체,NFLX,2019-06-13,34.34299850463867,0.06341908099592453,0.04173250364079473,0.07742481764862119,0.07079447882423828,0.08682999121052304,0.048602185983879
레딧 언급 전체,NFLX,2019-07-15,36.65999984741211,-0.15270047997965497,-0.14322415045840597,-0.09247134216471475,-0.09483207850745168,-0.15212765105072223,-0.10996641189600487
레딧 언급 전체,NFLX,2019-08-12,31.08300018310547,-0.004664944082279576,-0.019452944011936757,-0.05099253554947325,-0.050749513636608956,-0.07348069308862715,-0.10840275127870935
레딧 언급 전체,NFLX,2019-12-02,30.999000549316406,-0.02416208703647782,-0.031349836135071474,-0.018645795415865862,-0.0438671565444404,0.04380779606512375,0.01101364183992204
레딧 언급 전체,NFLX,2020-01-15,33.90700149536133,0.031055461782882432,0.020299501049657165,0.02556984477838098,0.027123852401498838,0.12484141055251397,0.0978143986045461
레딧 언급 전체,NFLX,2020-02-25,36.00899887084961,0.024105086443273693,0.06379804631653763,0.011219399074722247,0.08871813869335254,-0.007692533420314951,0.21460077013564427
레딧 언급 전체,NFLX,2020-04-01,36.40800094604492,0.019336369681958843,-0.09392792271748407,0.20624584365336673,0.07238432415689244,0.15318060644338893,-0.026912906410754056
레딧 언급 전체,NFLX,2020-05-29,41.972999572753906,-0.00030973455348870527,-0.04966563837899629,-0.003954932168314551,-0.0035934184114375656,0.05639341014289778,0.07042475684532068
레딧 언급 전체,NFLX,2020-07-13,52.54999923706055,-0.04393907024610855,-0.07404963782518459,-0.05680305715868417,-0.0834197671710264,-0.0801521988009728,-0.1459952023184814
레딧 언급 전체,NFLX,2020-08-27,52.62699890136719,-0.0009880506111547005,0.007452141267697998,-0.08406331120397637,-0.043096441959971754,-0.08244818804956733,-0.02617977493127488
레딧 언급 전체,NFLX,2020-10-19,53.071998596191406,-0.08004215775360668,-0.07238157752970342,-0.08780524515137678,-0.05327409921594939,-0.09726407305772233,-0.15737926551271286
레딧 언급 전체,NFLX,2022-01-21,39.75,-0.03305658304466397,-0.042120926441895024,0.031874170843160465,0.007398165199519857,-0.015622600819329757,-0.007060566237991117
레딧 언급 전체,NFLX,2022-04-20,22.618999481201172,-0.1664529588400918,-0.10474981978620335,-0.09805917427208499,-0.06286771422577919,-0.21663202311856022,-0.09779051490195378
레딧 언급 전체,NFLX,2022-07-06,18.4060001373291,-0.040747582006094296,-0.0292146050257045,0.17592083767485023,0.1458621579261956,0.23182658733715744,0.15041755352885677
레딧 언급 전체,NFLX,2022-09-26,22.406999588012695,0.06680946883229533,0.060496197694028364,0.026375668948896536,0.03815137802542801,0.26054364076232317,0.22057768414250245
레딧 언급 전체,NFLX,2022-12-19,28.829999923706055,-0.014325359275215499,-0.017956760050722664,0.07322234015336715,0.06338069797643797,0.09531734993258123,0.07263426513712457
레딧 언급 전체,NFLX,2023-01-19,31.577999114990234,0.15545634727686686,0.1140041428091012,0.16185319539796117,0.08944689890192303,0.11061498918275148,0.06007983224934699
레딧 언급 전체,NFLX,2023-03-24,32.8390007019043,0.05204176732728527,0.017575526901669303,0.032278617982802515,-0.002743454920703492,0.0019184422179492344,-0.040734760265468406
레딧 언급 전체,NFLX,2023-05-19,36.5359992980957,0.03700463149111166,0.033660324212878345,0.10449969528152558,0.08424263378126384,0.18978547339113927,0.14544932658716703
레딧 언급 전체,NFLX,2023-07-17,45.005001068115234,-0.04817240786855781,-0.055625197985747055,-0.02461952411260715,-0.040035219843875924,-0.049483416005589476,-0.04342802826602865
레딧 언급 전체,NFLX,2023-10-20,40.09600067138672,-0.007706552210528406,0.017246579878800072,0.07831203454386415,0.046259991708687664,0.16198620368938,0.0917091175003899
레딧 언급 전체,NFLX,2024-01-25,56.20000076293945,0.0098042469797881,0.007406825856781429,-0.006174379312449019,-0.027259166253129075,0.03836295730804018,-0.0022493152444551523
레딧 언급 전체,NFLX,2024-04-01,61.430999755859375,0.022952578551802327,0.029540602564232854,-0.011655346748661533,0.02226138729521354,-0.08923830745698769,-0.06606537921993894
레딧 언급 전체,NFLX,2024-07-19,63.33399963378906,-0.003110471426571726,0.005177453442561597,-0.031104955191431194,-0.0017966506566921003,0.06430981890336884,0.05461928279368955
레딧 언급 전체,NFLX,2024-10-21,77.20700073242188,-0.02972525997867914,-0.024927720836511513,-0.02144880923065129,0.0022305890329689104,0.09711555982622366,0.08937089369625384
레딧 언급 전체,NFLX,2024-11-18,84.70500183105469,0.02188768356977655,0.00593936342449175,0.06507291090780476,0.03827711378755572,0.08509533117633272,0.05765343209733409
레딧 언급 전체,NFLX,2025-01-22,95.39900207519531,0.02532521634038276,0.03295994502611099,0.05987481903990499,0.06353557975711333,0.07395255874495299,0.06745562182531617
레딧 언급 전체,NFLX,2025-04-21,98.79100036621094,0.12396879880303358,0.05202599045898104,0.14793855522864252,0.05135957879205133,0.20622324931533842,0.04865733911498005
레딧 언급 전체,NFLX,2025-10-21,124.13500213623047,-0.11185404517085795,-0.13534615744339906,-0.11953924566994145,-0.125423457167689,-0.08092001148327266,-0.0642208780172232
레딧 언급 전체,NFLX,2025-12-09,96.70999908447266,-0.022128005479342683,-0.016022970570259587,-0.033192008219014024,-0.040395164847593534,-0.06390239234495054,-0.07337479798212432
레딧 언급 전체,NFLX,2026-01-08,90.52999877929688,-0.027394187131108305,-0.031353492188445964,-0.048713090601779196,-0.04830696263712475,-0.09201371858363105,-0.09362353618720698
레딧 언급 전체,NFLX,2026-03-02,97.08999633789062,0.012668692999564746,0.024484283916941685,-0.01946646885298975,0.005811038449833994,-0.04243480556791013,0.03683620144368993
레딧 언급 전체,NFLX,2026-04-21,92.58000183105469,-0.0033485113616005258,-0.014156921154306668,-0.0506589149778246,-0.07862448986062043,-0.03510477355499286,-0.07721641237334442
레딧 언급 전체,NFLX,2026-05-20,88.08999633789062,-0.019638957877841645,-0.03764904298534588,-0.07412872120291025,-0.0954980660332223,-0.1215801967273542,-0.128986591647253
레딧 언급 전체,NFLX,2026-07-13,73.83000183105469,-0.08438308549943851,-0.07493268543510956,-0.04645808235281712,-0.033003250626201686,0.033319775476937874,0.001471133738738084
레딧 언급 전체,NKE,2019-02-22,84.76000213623047,0.028315260327878455,0.023729752295613915,0.00047193150683333407,0.017237794327517153,-0.03032090172312163,-0.030714916718431517
레딧 언급 전체,NKE,2019-06-28,83.94999694824219,0.05396076918840498,0.040923201528955344,0.06587262191445742,0.03942210996906503,0.04371656857358208,0.014842877600619309
레딧 언급 전체,NKE,2019-09-25,90.80999755859375,0.007488165658599666,0.0396096551937013,0.01883051569701122,0.0401664682798184,0.016628148627095385,0.009034539989560386
레딧 언급 전체,NKE,2019-12-20,99.95999908447266,0.00840340111023119,0.007312216706061303,0.018207280026945494,0.011971505601442,0.04531811545405007,0.012237377798929971
레딧 언급 전체,NKE,2020-03-23,62.79999923706055,0.35955411290884465,0.1859726037006324,0.34761143760452073,0.1596321194749506,0.35668786597631974,0.13201860254364028
레딧 언급 전체,NKE,2020-09-24,124.75,0.01515029570860471,-0.026704444770288216,0.03975957285665088,-0.022929758764050456,0.042244523226139696,-0.023010454676680947
레딧 언급 전체,NKE,2022-09-30,83.12000274658203,0.048604436742435864,0.03289802545351206,0.053296440793945354,0.052036537618350254,0.128849840358229,0.039707119626969156
레딧 언급 전체,NKE,2023-12-22,108.04000091552734,-0.013791168559268208,-0.011679904940802843,-0.04905593305114553,-0.04954154687842749,-0.06738243907447616,-0.09216871776810343
레딧 언급 전체,NKE,2024-03-22,93.86000061035156,-0.0138504479363325,-0.01567303601374459,-0.041125086141602374,-0.036347642952565096,0.0035158941925075293,0.044746914023282236
레딧 언급 전체,NKE,2024-06-27,94.19000244140625,-0.19917190412964159,-0.2143082029841865,-0.2205117712506861,-0.24543992477102394,-0.22964225843680275,-0.22610986702982716
레딧 언급 전체,NKE,2024-09-20,86.5199966430664,0.03374949042573561,0.028083021964451005,-0.04935271392441276,-0.057676480697399946,-0.04160886053859547,-0.07036385720462046
레딧 언급 전체,NKE,2024-11-14,75.68000030517578,-0.007663871943919931,-0.008203195003473107,0.04082976117112014,0.02532455752137497,0.020745239012860406,0.0024423034207683436
레딧 언급 전체,NKE,2024-12-20,76.94000244140625,-0.029763462995355372,-0.02480693150600677,-0.0630362093789788,-0.05877329907334561,-0.034442441406172586,-0.06590649421471895
레딧 언급 전체,NKE,2025-04-07,55.61000061035156,-0.003596489134046532,-0.07247310973372012,0.026074460475181915,-0.019268326502468236,0.02571480470204479,-0.08218000156173666
레딧 언급 전체,NKE,2025-06-27,72.04000091552734,0.06232645484047694,0.0529429356535247,0.002915034450359011,-0.013184923017293793,0.09994443165936051,0.0641180013540954
레딧 언급 전체,NKE,2026-01-05,64.52999877929688,0.01720131150394022,0.006382951185277985,-0.013946966189473775,0.0007973396984505277,-0.05578798298809329,-0.05841995336972905
레딧 언급 전체,NKE,2026-08-19,41.04999923706055,-0.059926897203246066,-0.056052062368239675,-0.06845304776660854,-0.06338189021525586,-0.11425088218941515,-0.10585098882197463
레딧 언급 전체,NOC,2020-01-06,375.8299865722656,0.002660777574244211,-0.010656480377543964,0.006119837141054241,-0.017548352198425654,-0.03730407235872879,-0.05405102163829745
레딧 언급 전체,NOC,2022-04-01,454.7900085449219,0.01950349601031598,0.03131574970832851,0.023725187063510456,0.05673324977614791,-0.03555490033624431,0.04931660302367413
레딧 언급 전체,NOC,2024-07-30,486.7300109863281,-0.00041093050051699276,0.03621264069124963,0.03215333664092457,0.0320795764428734,0.05282187429326246,0.016733317912093204
레딧 언급 전체,NOC,2025-08-12,580.7999877929688,0.009349161139646567,0.01383033382301202,0.021039999991592895,0.017196824131159083,-0.0016012270925059857,-0.016413997627423238
레딧 언급 전체,NOW,2023-02-07,92.6520004272461,-0.0041229955361800075,0.002018741446826011,-0.05055474340878596,-0.010452636425046347,-0.035163873632945375,0.004022977972345854
레딧 언급 전체,NOW,2026-06-01,135.86000061035156,-0.15950241477692306,-0.134032422576298,-0.23340202371570273,-0.22851110030366573,-0.26924776730986966,-0.2537311711685527
레딧 언급 전체,NSC,2023-02-15,238.2899932861328,-0.06055643578139713,-0.028380951529190956,-0.0406227409816482,-0.0015628516183706642,-0.12946406359449025,-0.08629766627934121
레딧 언급 전체,NTAP,2024-03-04,103.33000183105469,-0.005419579774167516,-0.003428580285633309,-0.014806917179760015,-0.015900021946375853,0.013452040695025813,0.0006860066947615984
레딧 언급 전체,NVDA,2019-01-29,3.2899999618530273,0.1394376944850666,0.10265092744247495,0.14870819159867987,0.10812506152470247,0.18092709319195377,0.12098248848674831
레딧 언급 전체,NVDA,2019-05-17,3.913249969482422,-0.07270168935550059,-0.061996408086966937,-0.14533952828671282,-0.1059119143836198,-0.07346832092880429,-0.08581788300731796
레딧 언급 전체,NVDA,2019-08-16,3.989000082015991,0.01804958305438631,0.031897600764195566,0.04982446141100638,0.03736122434178002,0.1294183716423789,0.09026311002005238
레딧 언급 전체,NVDA,2019-11-15,5.104750156402588,0.032812579252953444,0.03547468216547878,0.02478077261115086,0.025261846065635085,0.1026494294441227,0.07792127509735725
레딧 언급 전체,NVDA,2020-01-16,6.223249912261963,0.006226677733932151,0.012723789805795471,-0.05021492056493926,-0.022443851821727256,0.16414255011895174,0.14395642536152597
레딧 언급 전체,NVDA,2020-02-14,7.244750022888184,-0.05697232379814787,-0.012007891329723352,-0.04610236510176624,0.0383467144307833,-0.3222678723351321,-0.03272403870727458
레딧 언급 전체,NVDA,2020-05-12,7.802499771118164,0.1285485791505092,0.11006046548421944,0.09263065491301492,0.03381743915331126,0.20048062009060907,0.08770291381539175
레딧 언급 전체,NVDA,2020-06-17,9.236000061035156,-5.4106251461072397e-05,0.024235206574274137,0.03183192615777042,0.03548980536922508,0.09730947371551335,0.0680147141200187
레딧 언급 전체,NVDA,2020-07-21,10.328499794006348,-0.010940593341758564,0.0008744161118264815,0.08706492215252926,0.07152697673167752,0.18707944633057672,0.14514226140312925
레딧 언급 전체,NVDA,2020-08-18,12.260749816894531,0.03990377345693119,0.023721455267395664,0.1272556985167148,0.08603200712994585,0.020696111673566442,0.020164595408519892
레딧 언급 전체,NVDA,2020-09-16,12.51449966430664,-0.03122377576547708,0.0165301712447965,0.08118588636655288,0.09278494365604939,0.12631351694399906,0.09942612790370231
레딧 언급 전체,NVDA,2020-11-10,12.770000457763672,0.0510766885561178,0.03249125636355599,0.014702416283528974,-0.011226835931525292,0.012588052440285935,-0.023594292067166345
레딧 언급 전체,NVDA,2021-01-04,13.113499641418457,0.03873873395594818,0.01189420545165043,-0.006729645705272902,-0.03346568823111451,0.03380109568371359,-0.0007984838938133176
레딧 언급 전체,NVDA,2022-01-04,29.290000915527344,-0.05029025039468893,-0.033956907305273454,-0.14417894667472764,-0.0901532143902285,-0.1382041723852393,-0.09590497396454878
레딧 언급 전체,NVDA,2022-02-10,25.823999404907227,-0.050999049944778885,-0.02371335252249951,-0.06455234879604888,-0.03880231065926476,-0.14420690478833598,-0.07910853497794401
레딧 언급 전체,NVDA,2022-03-21,26.733999252319336,0.055547267594941996,0.029624117582704557,0.023415926368663964,-0.004509933203921124,-0.16967155775251908,-0.17113422314791193
레딧 언급 전체,NVDA,2022-04-29,18.547000885009766,0.00690129648692861,0.008503247123116453,-0.04534433981182584,-0.020392886464017934,0.014234103971937362,0.006321458909740674
레딧 언급 전체,NVDA,2022-07-15,15.76200008392334,0.09878189011084748,0.07292051517562581,0.15232838536380378,0.08258573999464991,0.1869686292459518,0.07799243760003272
레딧 언급 전체,NVDA,2022-08-25,17.913000106811523,-0.22196169309692704,-0.1669212988265002,-0.19684028369694484,-0.16606627744779234,-0.3012895819027509,-0.17838429631159258
레딧 언급 전체,NVDA,2022-09-26,12.227999687194824,0.02322541740215467,0.016912146263887706,-0.0456329428504334,-0.03385723377390193,0.030340227298623734,-0.009625729321196985
레딧 언급 전체,NVDA,2022-10-27,13.175999641418457,0.01859440590670114,0.04220091404227222,0.19535522378812398,0.1566426835760879,0.23482095480780774,0.1760021355548611
레딧 언급 전체,NVDA,2023-01-24,19.264999389648438,0.014118934601453637,-0.001573215792705085,0.15094736767069206,0.11349112135098838,0.07729044212867442,0.08143837718983238
레딧 언급 전체,NVDA,2023-02-23,23.663999557495117,-0.014790415315016792,-0.007677137030521197,-0.009634835099052164,0.013077704261851952,0.14904498365446361,0.16773911375458606
레딧 언급 전체,NVDA,2023-03-23,27.19099998474121,0.00706113918327933,-0.019721164704787464,-0.00566361401565596,-0.04640931807890947,-0.002647953498600364,-0.05104940358221577
레딧 언급 전체,NVDA,2023-04-21,27.118999481201172,0.023230984924497378,0.014182027238206496,0.05756115099514236,0.05651798587372725,0.15284488871490187,0.13726996702632177
레딧 언급 전체,NVDA,2023-05-19,31.263999938964844,0.24571389526420662,0.2423695879859733,0.25291074433206795,0.2326536828318062,0.40122820953015426,0.356892062726182
레딧 언급 전체,NVDA,2023-06-20,43.80799865722656,-0.044101517206019736,-0.04179130341543602,-0.03403481921462237,-0.04764480207457422,0.07462109905221204,0.03340233370808554
레딧 언급 전체,NVDA,2023-07-19,47.07699966430664,-0.03451791770052115,-0.03519893165104959,-0.059646933263581836,-0.04850895613647921,-0.0762792792420488,-0.0420965087206876
레딧 언급 전체,NVDA,2023-08-16,43.486000061035156,0.08347516586994241,0.07576434788725672,0.1328703460842553,0.10700828908682847,0.0481764525999786,0.0237929334799154
레딧 언급 전체,NVDA,2023-09-14,45.58100128173828,-0.10012950269592247,-0.058007708308891015,-0.05467191395008664,-0.006177382801095366,0.02992471369057914,0.06700612019346086
레딧 언급 전체,NVDA,2023-10-12,46.94499969482422,-0.10318453481332812,-0.08651246239421362,-0.14099477099221136,-0.09231604643639846,0.00010653036846841601,-0.00030852445388385163
레딧 언급 전체,NVDA,2023-11-16,49.47999954223633,-0.03443812816164815,-0.045698987462283736,-0.05487065840148919,-0.07457168876540432,-0.011924012895033753,-0.05434671933367108
레딧 언급 전체,NVDA,2023-12-19,49.604000091552734,-0.003769862799634316,-0.007286865243855578,-0.03237640089419758,-0.016455253524770508,0.19931862388818433,0.18333429991289374
레딧 언급 전체,NVDA,2024-01-19,59.49100112915039,0.025886219286961776,0.015563455234282042,0.11210103051520504,0.08739275447784589,0.22057113822584862,0.18516700218714588
레딧 언급 전체,NVDA,2024-02-16,72.61299896240234,0.08922650212539374,0.07625382822083981,0.17385317683756418,0.14824812833544332,0.2181703427075783,0.19144420043827437
레딧 언급 전체,NVDA,2024-03-18,88.45500183105469,0.074015001241162,0.06054147166768464,0.011271286273369263,-0.0003888971581904599,-0.011757400870486712,0.006434672675414865
레딧 언급 전체,NVDA,2024-04-16,87.41500091552734,-0.057106953523403,-0.061317219291732616,-0.011588405624569531,-0.008510162428084,0.045083816859971204,0.005821033983876234
레딧 언급 전체,NVDA,2024-05-16,94.35900115966797,0.10004347571921102,0.10520714527252839,0.16187117166861142,0.16436792272901202,0.39764095912433417,0.3709901301122416
레딧 언급 전체,NVDA,2024-06-14,131.8800048828125,-0.1044131313514649,-0.10433936470505412,-0.05747650553842654,-0.06219296049331868,-0.04185626378590124,-0.08253564560341253
레딧 언급 전체,NVDA,2024-07-16,126.36000061035156,-0.029835424614204187,-0.010220021962179748,-0.17909146204581528,-0.13862128192262124,-0.08088003459431681,-0.04048062958067289
레딧 언급 전체,NVDA,2024-08-13,116.13999938964844,0.09566041560821459,0.06492461224493007,0.10470125474439418,0.06868911482384887,0.006629966217561067,-0.016209686547290936
레딧 언급 전체,NVDA,2024-09-11,116.91000366210938,-0.030279709217686523,-0.042869517880909536,0.05645366749962877,0.02828008862680753,0.1346333909959181,0.09365356985198381
레딧 언급 전체,NVDA,2024-10-09,132.64999389648438,0.023143667285913994,0.014203075724827263,0.05209200135735936,0.05061926412832629,0.09770077127919619,0.07361655769824504
레딧 언급 전체,NVDA,2024-11-07,148.8800048828125,-0.014239725325407404,-0.01044527959547048,-0.014844214410167034,-0.011587045307702826,-0.04325632878958696,-0.06373955188368952
레딧 언급 전체,NVDA,2024-12-06,142.44000244140625,-0.05749791000442639,-0.051575046608961284,-0.05433870654662454,-0.026928869243109,-0.016147170825161483,0.015408731106070328
레딧 언급 전체,NVDA,2025-01-07,140.13999938964844,-0.027829270111816906,-0.034879580798729104,0.050520920949694625,0.014641004971928329,-0.08177541575409553,-0.11182825420042652
레딧 언급 전체,NVDA,2025-02-06,128.67999267578125,0.05136774158051094,0.045743693052770595,0.04468449119738094,0.055206995495018174,-0.1242616657172414,-0.07412308535235723
레딧 언급 전체,NVDA,2025-03-07,112.69000244140625,0.07968759901490152,0.10245115253029957,0.044458198582797204,0.06519024955465746,-0.16310235588440314,-0.04044645536518254
레딧 언급 전체,NVDA,2025-04-04,94.30999755859375,0.17622736906822856,0.11950633571771219,0.027568721989418732,0.010548443877693936,0.20687098548708072,0.09162792990006818
레딧 언급 전체,NVDA,2025-05-05,113.81999969482422,0.08065366657695772,0.04608466135759692,0.19109126416895927,0.13547563130141294,0.2407309927898802,0.18291477564159142
레딧 언급 전체,NVDA,2025-06-05,139.99000549316406,0.03578822994674846,0.017745885410411333,0.02757340137785813,0.02549930723870486,0.13036644963122868,0.08377677683545404
레딧 언급 전체,NVDA,2025-07-07,158.24000549316406,0.03684278076763925,0.030188780426806838,0.08303841590940841,0.07000428084635879,0.13751259954156136,0.12061179661870236
레딧 언급 전체,NVDA,2025-08-07,180.77000427246094,0.0069148640286358365,-0.013172146184145861,-0.032029697450219885,-0.03724913247270911,-0.07606350431499498,-0.09977246474896095
레딧 언급 전체,NVDA,2025-09-08,168.30999755859375,0.056086997672968986,0.03746893787840366,0.090903709070707,0.06314603866204727,0.10237060173172896,0.0672613008952907
레딧 언급 전체,NVDA,2025-10-13,188.32000732421875,-0.03016146831808153,-0.0426192537297545,0.01683303974966255,-0.01664912262775564,0.05697746022846051,0.029226457236445347
레딧 언급 전체,NVDA,2025-11-10,199.0500030517578,-0.06254708242835283,-0.0394048843261714,-0.08289374401923322,-0.06424203304376974,-0.07073600409538072,-0.073083937266614
레딧 언급 전체,NVDA,2025-12-10,183.77999877929688,-0.06986612484044197,-0.04634854446621339,0.026281433578934088,0.022194580562280075,0.005876601579215768,-0.0035769812280037616
레딧 언급 전체,NVDA,2026-01-20,178.07000732421875,0.05868476732982608,0.032252504434215234,0.012747733589625998,-0.00488857785054253,0.05565220416527983,0.04279769146151291
레딧 언급 전체,NVDA,2026-02-26,184.88999938964844,-0.008383379614228081,0.0032080760304437073,-0.009465087380480464,0.02425026246130013,-0.07382764855614254,-0.009690173261745039
레딧 언급 전체,NVDA,2026-04-30,199.57000732421875,0.05977848493235727,0.041800519791513,0.18123964945385818,0.14017710128312522,0.05797460360179896,0.005348871353576534
레딧 언급 전체,NVDA,2026-06-01,224.36000061035156,-0.07006597066294462,-0.04459597846231955,-0.05308434493541303,-0.04819342152337602,-0.10817438138008795,-0.092657785238771
레딧 언급 전체,NVDA,2026-07-20,203.27999877929688,-0.03330383861233288,-0.029261202420721166,0.01652892872160794,-0.0044657693485250505,0.10689687061210362,0.06568899158391228
레딧 언급 전체,NVDA,2026-08-26,209.66000366210938,0.07035199724488828,0.07155297354604218,0.04149573975140819,0.0522648497868583,0.07116282508985616,0.06972697562061136
레딧 언급 전체,ODFL,2024-04-29,184.24000549316406,-0.022036543076055515,-0.03479976661208106,-0.012049506917679143,-0.03332146636925537,-0.05932483504499164,-0.09804577002231507
레딧 언급 전체,OMC,2020-03-23,48.29999923706055,0.1370600214586597,-0.03652148774955255,0.11180127559371655,-0.07617804253585359,0.06293997854134026,-0.1617292848913392
레딧 언급 전체,OMC,2024-12-10,92.45999908447266,-0.03774602961634277,-0.04021781174067618,-0.06565000816492106,-0.06316162058964592,-0.11237291253005532,-0.07536229871057376
레딧 언급 전체,ON,2023-05-23,82.54000091552734,0.01284222857809958,0.003762053256605169,0.08117272684669663,0.05108267017961654,0.07765926776854437,0.02351641566873175
레딧 언급 전체,ORCL,2020-06-10,54.11000061035156,-0.04786546152971971,-0.024856068620971672,0.006098651129829991,0.052838474522022394,0.06320454870390524,0.07768729201797264
레딧 언급 전체,ORCL,2020-08-28,57.880001068115234,-0.03714584461304182,-0.014298050800385709,0.02729782286109539,0.061869092133162606,0.029371125286242306,0.07612217999164517
레딧 언급 전체,ORCL,2022-06-13,64.05000305175781,0.056674427485735146,0.056487741287818416,0.07072597288771787,0.05565932249709293,0.09336448778475037,0.08315119025870876
레딧 언급 전체,ORCL,2023-09-13,111.83999633789062,0.009209642725483969,0.026835216497768433,-0.06455645411052746,-0.018734363843400437,-0.019670931869450015,0.003150510468998391
레딧 언급 전체,ORCL,2024-03-11,114.12999725341797,0.11977574807074176,0.11668549111557458,0.10470520341030531,0.08809978021318554,0.07973369247797035,0.06400843711081783
레딧 언급 전체,ORCL,2024-06-12,140.3800048828125,0.018022501006527802,0.007604267666332154,-0.0014247912813382113,-0.010679279793952445,0.03127225557025137,-0.003141083773095188
레딧 언급 전체,ORCL,2024-09-09,139.88999938964844,0.21759956089941013,0.1875304653146712,0.18628921061044856,0.14372042360283577,0.21502610595679617,0.1758796487182135
레딧 언급 전체,ORCL,2024-12-11,178.5800018310547,-0.07374844906432898,-0.038881969115571735,-0.038638196239919265,-0.028563467211145444,-0.1380893908010984,-0.09517297427781934
레딧 언급 전체,ORCL,2025-01-23,186.47000122070312,-0.08628731824185887,-0.07856280496156987,-0.07572260966778932,-0.07009736542706568,-0.10006973529229335,-0.0839811784106308
레딧 언급 전체,ORCL,2025-09-10,328.3299865722656,-0.08199063141079,-0.09267732813164653,-0.06051836850063075,-0.07414887602701459,-0.12091488232286429,-0.15295971860994362
레딧 언급 전체,ORCL,2025-11-05,250.30999755859375,-0.09316444525940615,-0.10172430187660575,-0.09899723950696881,-0.07693340670499149,-0.14374174455064148,-0.15379221443882107
레딧 언급 전체,ORCL,2025-12-10,223.00999450683594,-0.19976677678274712,-0.17624919640851855,-0.11443428385398935,-0.11852113687064336,-0.1098156622465829,-0.11926924505380243
레딧 언급 전체,ORCL,2026-03-11,163.1199951171875,-0.06265327076157001,-0.04062256971687106,-0.10483074642346402,-0.07598386801701107,-0.1548552921957166,-0.16014850107929035
레딧 언급 전체,ORCL,2026-06-11,184.10000610351562,0.001031978144043988,-0.011139975268831925,-0.1932102452197556,-0.1813228842688197,-0.2854970726499021,-0.30096277015789796
레딧 언급 전체,ORLY,2020-03-23,17.39466667175293,0.21949261032159106,0.045911101113378816,0.27790125128634746,0.08992193315677732,0.37321787777493287,0.14854861434225342
레딧 언급 전체,OXY,2020-03-16,12.020000457763672,-0.1938436596211136,-0.12338291863626805,-0.08402663813789468,-0.1749167246011829,0.23960058661282502,0.05640274911749299
레딧 언급 전체,OXY,2020-06-08,24.399999618530273,-0.2192623141439206,-0.16929318108671843,-0.18401638693913303,-0.14509306820551426,-0.29713115218633357,-0.26798507213699174
레딧 언급 전체,OXY,2022-03-07,55.380001068115234,0.003791966060353813,0.009585525696561348,0.10075835877096218,0.041248971248572186,0.04351751175388929,-0.045579586140286565
레딧 언급 전체,OXY,2022-08-22,69.02999877929688,0.09025066590037478,0.11618510659811732,-0.031145901258855635,0.023505111210788243,-0.06881066324782548,0.0019768275797358292
레딧 언급 전체,OXY,2022-09-30,61.45000076293945,0.13588286713015396,0.12017645584123016,0.08510983689670759,0.08384993372111249,0.16908047918556557,0.07993775845430573
레딧 언급 전체,OXY,2023-04-18,63.0,-0.02650790744357634,-0.006880170183418466,-0.04698411245194689,-0.03884815439514322,-0.07714286683097715,-0.06758251933388504
레딧 언급 전체,OXY,2024-02-12,58.029998779296875,0.026365718183333664,0.03478921039491867,0.04428743320499784,0.03241074838929259,0.053592980799115564,0.02205475978418958
레딧 언급 전체,OXY,2025-06-27,42.599998474121094,0.017605634433428774,0.008222115246476536,0.057981251389096045,0.04188129392144324,0.06924884668086406,0.03342241637559895
레딧 언급 전체,OXY,2025-10-03,44.849998474121094,-0.06020060290080309,-0.03600789521587877,-0.08807128389360763,-0.08086875080838785,-0.08138233746624823,-0.10058404569539159
레딧 언급 전체,PANW,2022-05-20,79.77999877929688,0.05874490433324375,-0.007035463096418448,0.07382802055365412,0.016953541215815715,0.043202188329952484,0.08057096736680547
레딧 언급 전체,PANW,2023-08-18,104.84500122070312,0.10048162439846076,0.09253202251827042,0.15751823355777983,0.12386416152706681,0.1440221116725915,0.12768762167760284
레딧 언급 전체,PANW,2024-02-21,130.98500061035156,0.20681754560949117,0.188615943738897,0.06447297038652144,0.03925222108455406,0.0766499464774546,0.029848817349754198
레딧 언급 전체,PANW,2024-04-05,134.5050048828125,0.037396368883665376,0.0520174106431186,0.03234073593407549,0.07722623511896654,0.1011114111075313,0.11488373182919265
레딧 언급 전체,PANW,2024-05-16,158.38999938964844,-0.016857113323025974,-0.0116934437697086,-0.0690384342492043,-0.06654168318880371,0.0016730815750338746,-0.024977747437058717
레딧 언급 전체,PANW,2024-08-20,184.0050048828125,-0.04842261582930263,-0.0535416158097477,-0.05940060131261826,-0.04552911423427508,-0.10396458995773428,-0.1087972589178895
레딧 언급 전체,PANW,2026-06-03,280.42999267578125,-0.06137001000094677,-0.023172621992335274,0.006062162576870644,0.02366924842973306,0.2411653769181632,0.2537077521037595
레딧 언급 전체,PAYX,2020-06-10,77.29000091552734,-0.01733735219837418,0.00567204071037386,-0.07543022075295969,-0.028690397360767284,-0.05705788083673602,-0.042575137522668616
레딧 언급 전체,PCAR,2020-06-24,48.3466682434082,0.02385545474995676,0.0027104228409275954,0.02633750648681299,-0.007501188205031095,0.1867070692118986,0.12465308734983149
레딧 언급 전체,PCG,2019-01-15,6.909999847412109,0.1562952167228382,0.14454181750310813,0.9782923846826928,0.9505221511537743,1.2011577965292326,1.1449258634097899
레딧 언급 전체,PCG,2019-02-20,18.209999084472656,-0.022515094345156195,-0.025352666754661524,0.00823731649755044,0.012116548837041052,0.04777599577010583,0.036497722397895505
레딧 언급 전체,PCG,2019-10-29,5.03000020980835,0.5904571901210343,0.57785863653813,0.4035784589059763,0.3844827539223241,0.4850893595641159,0.44923963355402186
레딧 언급 전체,PCG,2019-12-17,10.90999984741211,0.003666357691335387,-0.0015281337317136767,-0.005499492830571828,-0.022084240058091398,0.15765355555314686,0.12213706200436247
레딧 언급 전체,PCG,2020-02-03,17.270000457763672,0.04400696055223219,0.01142644186261621,-0.06832659374049499,-0.10723198698715775,-0.1424435421506366,-0.06876710983371481
레딧 언급 전체,PCG,2020-05-18,12.270000457763672,-0.09698455498464642,-0.11081501794147908,-0.03504484834014043,-0.07938378587324424,-0.10757951094152751,-0.16846083790789412
레딧 언급 전체,PCG,2020-06-17,11.050000190734863,-0.11312216999309122,-0.088832857167356,-0.18280546813541143,-0.17914758892395677,-0.18371037990327754,-0.2130051394987722
레딧 언급 전체,PCG,2020-07-31,9.350000381469727,-0.02673796682355889,-0.051391949983560115,0.0064170549191946424,-0.02518899577127831,-0.023529439363961457,-0.09721557916591494
레딧 언급 전체,PCG,2020-08-28,9.130000114440918,0.00657168293431698,0.029419476746973094,0.05585982721677829,0.09043109648884551,0.035049254196402035,0.0818003089018049
레딧 언급 전체,PCG,2022-05-09,12.09000015258789,-0.02481391124471144,-0.029635929089871782,-0.0016542975608970778,0.001485064917053247,0.011579767401282526,-0.03254705333889718
레딧 언급 전체,PCG,2024-05-10,17.829999923706055,0.043185668034687374,0.026654708608345734,0.03533366031757401,0.01882191939424449,0.034212036621521724,0.0057581054239967955
레딧 언급 전체,PCG,2025-01-24,16.540000915527344,-0.05380902344216676,-0.04369345248428913,-0.07376065013139255,-0.06191804026770442,-0.03204357057489371,-0.014345412361545185
레딧 언급 전체,PEP,2020-02-13,146.47000122070312,-0.004232915354819178,0.006388299260371988,-0.09858675715887955,0.022459905418978465,-0.12985597128384885,0.07111712171155837
레딧 언급 전체,PEP,2024-07-18,170.3699951171875,0.0038152795322106137,0.029599669016616703,0.0269414317557648,0.04440237310818407,0.012619646750559488,0.01187771825996431
레딧 언급 전체,PFE,2020-03-30,30.996204376220703,0.058157381438536104,0.04588911646640659,0.1153964158868861,0.03077950335144508,0.16039184938124795,0.0683604423429951
레딧 언급 전체,PFE,2020-04-28,35.967742919921875,0.015826949297932824,0.014217067810544659,-0.014508107562335004,-0.017797935040244628,-0.013189159767892367,-0.07548568833877622
레딧 언급 전체,PFE,2020-06-04,34.16508483886719,-0.07525687313731799,-0.040730920844951446,-0.07692304256773985,-0.07827200662058731,-0.041655073171886436,-0.04444934885179841
레딧 언급 전체,PFE,2020-07-14,33.425048828125,0.04144187471240013,0.022346189018562113,0.10757875669240158,0.10052369615914403,0.07266528314427823,0.02914347899014813
레딧 언급 전체,PFE,2020-10-26,35.977230072021484,-0.044567534511725126,-0.01748953561736799,0.03375524786573103,-0.010942540093264563,0.015086497338890004,-0.03815601430470883
레딧 언급 전체,PFE,2020-11-27,37.22999954223633,0.0835348011977104,0.06654139385699409,0.10448561475901585,0.09725385445949097,-0.011012620264659878,-0.03438545741415178
레딧 언급 전체,PFE,2022-12-06,49.709999084472656,0.0675920473191296,0.04692319292516922,0.03238786240200242,0.06613333247911424,-0.0010058185069684589,0.03568509427806299
레딧 언급 전체,PFE,2023-01-27,43.790000915527344,0.006165801601249354,-0.010275762065078853,0.0020552672004163774,-0.003762165041125698,-0.06873720194792599,-0.04914052024563964
레딧 언급 전체,PFE,2023-02-28,40.56999969482422,-0.0056692024640481176,-0.010741577163770444,-0.01651462100037404,-0.00508273620842592,-0.014296229251177794,-0.012630646941976909
레딧 언급 전체,PFE,2023-09-07,34.279998779296875,-0.0037922187294965326,-0.016178369504921575,-0.041715296268896584,-0.011457925761080956,-0.023628867778225815,0.022116902311255182
레딧 언급 전체,PFE,2023-12-01,28.90999984741211,-0.004496684934373607,-0.006892690355614239,-0.0788654686502741,-0.10114815288627343,0.028363877521695002,-0.0011503625410977936
레딧 언급 전체,PFE,2024-12-09,26.100000381469727,-0.03256706394813702,-0.03605648873003786,0.023371597474612038,0.03989271667051619,0.029118782290187717,0.054239511643558
레딧 언급 전체,PFE,2025-05-27,23.610000610351562,-0.011012292340553453,-0.01936888920664115,0.029224845780243758,0.009043855873990925,0.027530690458571483,0.0005156011520046633
레딧 언급 전체,PFE,2025-10-13,24.729999542236328,-0.0016174285854877457,-0.014075213997160718,0.001617505712405043,-0.03186465666501315,-0.013748490047774009,-0.04149949303978917
레딧 언급 전체,PGR,2022-07-11,120.31999969482422,-0.08336102730000539,-0.07742708483298133,-0.06382978993230626,-0.09334335215713241,-0.01520945674614571,-0.0900604012994336
레딧 언급 전체,PKG,2020-08-28,102.2699966430664,0.04185006892714682,0.06469786273980294,0.03578765798617556,0.07035892725824278,0.08682903270061404,0.1335800874060169
레딧 언급 전체,PLTR,2020-09-30,9.5,0.05263157894736836,0.03510345072488397,-0.016842089201274724,-0.055780180684930625,0.14210530331260274,0.1666805687022498
레딧 언급 전체,PLTR,2020-10-28,10.850000381469727,-0.011981576946572314,-0.06365611528482829,0.4709676937343159,0.37909844304800666,1.6774191903876665,1.5672128608817204
레딧 언급 전체,PLTR,2020-11-25,29.049999237060547,-0.17280546238399808,-0.18391779552965049,-0.06919099395255568,-0.0804136468040424,-0.04475040520490181,-0.06223233393668892
레딧 언급 전체,PLTR,2020-12-24,27.75,-0.15783780759519284,-0.15726872506110579,-0.06558557458826009,-0.09184574380616328,0.27459455610395556,0.23451323213397757
레딧 언급 전체,PLTR,2022-01-07,16.559999465942383,-0.033212515386349284,-0.030273179361221758,-0.19082125297836072,-0.1345016576078346,-0.21618357724399406,-0.17578368297418678
레딧 언급 전체,PLTR,2022-02-16,13.970000267028809,-0.15318541892754722,-0.11220911337347794,-0.18826056293270754,-0.16387629401285142,-0.1181102749223868,-0.10572783268387254
레딧 언급 전체,PLTR,2022-05-10,7.289999961853027,0.14677636494146684,0.12364872187593257,0.035665326507868356,0.0486949231832271,0.2592593077109344,0.22886514851346207
레딧 언급 전체,PLTR,2022-08-03,11.199999809265137,-0.1437499717942301,-0.15711703142548017,-0.15803567269930963,-0.18747223037845095,-0.31071429270870843,-0.2642188916623115
레딧 언급 전체,PLTR,2022-09-23,7.400000095367432,0.09864864995481315,0.12791898335322627,0.10135128560773388,0.11537493961214262,0.1202702506778015,0.10303965921821123
레딧 언급 전체,PLTR,2022-11-08,7.210000038146973,0.1567267834205639,0.11355926971801145,0.0013869281541984968,-0.045471694611467495,-0.01941745710747278,-0.048632126380010465
레딧 언급 전체,PLTR,2023-02-01,8.199999809265137,0.002439080271815719,0.0028042066129585486,0.2329268160779725,0.2251857662049086,-0.02804878346626427,0.003572420575546853
레딧 언급 전체,PLTR,2023-03-30,8.149999618530273,-0.007361898006223777,-0.020961080736888515,0.08098169717527504,0.05928246759102018,-0.049079710092355455,-0.07937443414224732
레딧 언급 전체,PLTR,2023-04-28,7.75,-0.04387098743069562,-0.035936989279374276,0.22580645161290325,0.23624089109626523,0.761290273358745,0.7514568965647834
레딧 언급 전체,PLTR,2023-05-31,14.710000038146973,-0.0013596504222844752,-0.02218047503009324,0.08157714521775761,0.03531655818912682,0.033310657365565044,-0.015175591173648417
레딧 언급 전체,PLTR,2023-07-18,18.079999923706055,-0.08462393214058639,-0.08737608430879984,0.10564158492654441,0.10059962334083705,-0.1498893832733753,-0.1250099545492115
레딧 언급 전체,PLTR,2023-10-16,17.360000610351562,-0.0668202653587705,-0.031089559954386337,-0.1538018972404973,-0.10690250313381078,0.13536857093886367,0.12585110966201207
레딧 언급 전체,PLTR,2023-11-21,19.799999237060547,0.002020248336801478,-0.0009360390203352331,-0.13484849389773645,-0.13813576371058123,-0.12878784521807451,-0.1618586884578218
레딧 언급 전체,PLTR,2024-01-18,16.399999618530273,0.0036585041059751244,-0.020560280719379875,-0.004268274173929054,-0.03094254274860453,0.5493902706376581,0.4958319167282774
레딧 언급 전체,PLTR,2024-02-16,24.440000534057617,-0.03600658956160563,-0.04897926346615955,-0.016366596145236056,-0.04197164464735692,-0.01800329478080276,-0.04472943705010668
레딧 언급 전체,PLTR,2024-05-03,23.329999923706055,-0.11701669743523335,-0.13569497815838938,-0.06729531504322517,-0.10281332509351127,-0.08615517511594317,-0.11844600609664735
레딧 언급 전체,PLTR,2024-06-04,22.100000381469727,0.0791855189951638,0.0629853688763371,0.16832575787978787,0.13028572111014736,0.169683254989637,0.1260223100727118
레딧 언급 전체,PLTR,2024-07-09,27.389999389648438,0.04673241019235874,0.03046819172555093,0.05184374253146595,0.05551395591072961,-0.02920771284729906,0.031369420876705245
레딧 언급 전체,PLTR,2024-08-06,26.59000015258789,0.14291083923482817,0.10481842769927185,0.21549452836985616,0.14549551260042515,0.15043249255531488,0.09527595430696945
레딧 언급 전체,PLTR,2024-09-11,34.849998474121094,0.043902515379743656,0.031312706716520644,0.06513631440900425,0.03696273553618301,0.23758975485013867,0.1966099337062044
레딧 언급 전체,PLTR,2024-10-10,43.52000045776367,-0.034926480739329024,-0.04572260427118735,0.0009191386743243601,-0.004478923091604914,0.2840073639784768,0.2501955848597823
레딧 언급 전체,PLTR,2024-11-07,55.880001068115234,0.05905510332825514,0.06284954905819207,0.09806727697725792,0.10132444607972213,0.3661416406351812,0.3456584175410786
레딧 언급 전체,PLTR,2024-12-09,72.45999908447266,0.04540437423538912,0.04191494945348828,0.11357995391828801,0.13010107311419217,-0.05837697738041381,-0.03325624802704352
레딧 언급 전체,PLTR,2025-01-08,68.2300033569336,0.014802791398855986,0.01115552944414877,0.15755531981675586,0.12620622012907057,0.6246518103513536,0.6055165756845358
레딧 언급 전체,PLTR,2025-02-07,110.8499984741211,0.0749662183344848,0.06010197347295043,-0.18195758634723103,-0.17603186195543896,-0.31096077307344705,-0.24406328961918877
레딧 언급 전체,PLTR,2025-04-28,114.6500015258789,0.07954640205677554,0.056563675832232985,0.03323155262002997,-0.02511466880668478,0.07623199081943954,0.003072236595509592
레딧 언급 전체,PLTR,2025-05-27,123.38999938964844,0.07926087063517206,0.07090427376908437,0.07634328726429662,0.05616229735804379,0.15811649731212074,0.13110140800555392
레딧 언급 전체,PLTR,2025-06-26,144.25,-0.06856152089877598,-0.0905760531454527,-0.014904637064016457,-0.03410806278151646,0.10086657228254992,0.0596323547688804
레딧 언급 전체,PLTR,2025-08-01,154.27000427246094,0.21190122211749896,0.1870346862152148,0.14844100124636017,0.11350560788314334,0.015816441134576475,-0.02170851895872561
레딧 언급 전체,PLTR,2025-09-03,154.89999389648438,0.07643648846488693,0.06327895302080577,0.08670115212235086,0.06271630936652817,0.19399615387873714,0.15561105687138843
레딧 언급 전체,PLTR,2025-10-29,198.80999755859375,-0.05487653435986761,-0.04060516388671487,-0.07363814480875741,-0.0678044700678232,-0.1661887917703695,-0.1549724199750947
레딧 언급 전체,PLTR,2026-01-06,179.7100067138672,-0.004173390306496105,-0.00700656990721471,-0.08001783064706147,-0.07075231964382056,-0.22352685953483242,-0.2154032488078691
레딧 언급 전체,PLTR,2026-04-29,137.97000122070312,-0.030296498496682478,-0.061564942614880325,-0.05740376965189786,-0.10058932817056832,0.0389214689401749,-0.0215354824397036
레딧 언급 전체,PLTR,2026-08-05,158.42999267578125,0.07959351886203314,0.07608605282051584,0.10578811172404379,0.10673639695714154,0.06962074448023414,0.07563537836086387
레딧 언급 전체,PM,2025-02-07,144.41000366210938,0.041894625706911715,0.027030380845377344,0.082196487889862,0.08812221228165407,0.04279476849984154,0.10969225195409982
레딧 언급 전체,PNC,2023-05-01,122.0,-0.04106559128057763,-0.034399038210502386,-0.06827870353323517,-0.062262001308876824,-0.025819684638351714,-0.03705884326365283
레딧 언급 전체,PSKY,2025-08-14,14.380000114440918,0.11474273707046767,0.12931754788703842,0.02155768174376238,0.015402211353833017,0.3066759920716373,0.287356725924387
레딧 언급 전체,PSKY,2025-09-12,18.790000915527344,0.006918528708488525,-0.0026493806927232466,0.006918528708488525,0.00021033388358593363,-0.09526348208148061,-0.08858583222429461
레딧 언급 전체,PYPL,2019-10-28,106.5999984741211,-0.03555348001667591,-0.04897256174442366,-0.03686679513536628,-0.05351703751517811,-0.02016887013746871,-0.05337034633104021
레딧 언급 전체,PYPL,2020-05-08,144.9600067138672,0.003794065724999296,0.024858227982840875,0.04070083901230914,0.03044232453086071,0.07677972619022189,-0.028404275686498615
레딧 언급 전체,PYPL,2020-12-18,236.4499969482422,-0.0030450464368613206,-0.011144133091806396,-0.006512976553219918,-0.012336677563942189,0.03303022905220554,-0.006814893285111312
레딧 언급 전체,PYPL,2022-02-02,132.57000732421875,-0.07264090179357807,-0.07305634388141136,-0.16617639882008828,-0.14267142482525497,-0.23557372905585428,-0.18825763774800908
레딧 언급 전체,PYPL,2022-03-07,93.61000061035156,0.03482536176663564,0.04061892140284318,0.22476232003357888,0.1652529325111889,0.3017839954684933,0.21268689757431747
레딧 언급 전체,PYPL,2022-04-21,89.4000015258789,0.030089426913857853,0.053488048237707364,-0.0444071717331449,0.010950542130596763,-0.09082776966431605,0.020115951228653728
레딧 언급 전체,PYPL,2022-07-28,85.86000061035156,0.12951319202810918,0.10956587763054926,0.15432098655730186,0.12004122528687122,0.1264849817511211,0.09338723456716003
레딧 언급 전체,PYPL,2022-10-10,84.5199966430664,0.0016564957951219483,-0.017231395205532074,-0.0141977874574446,-0.06655600833056341,-0.0811641416637443,-0.1365222434401503
레딧 언급 전체,PYPL,2023-02-10,80.80000305175781,-0.07599008858595413,-0.07407851432126777,-0.08700502652441999,-0.06173790236333743,-0.1013614125256902,-0.04577857084740289
레딧 언급 전체,PYPL,2023-05-10,63.380001068115234,-0.030293498758056647,-0.03605831611939092,-0.024929028154427435,-0.02066595502955093,0.013568898408979901,-0.025864306238266632
레딧 언급 전체,PYPL,2023-06-29,65.86000061035156,0.01412086693830994,0.013116547347070462,0.09474639851109812,0.06925048697926894,0.12329187171774447,0.08035738333561437
레딧 언급 전체,PYPL,2023-08-01,75.52999877929688,-0.16337879454554338,-0.14644484168827432,-0.21263071386406363,-0.18285942922768628,-0.1725142193815109,-0.1564784518822896
레딧 언급 전체,PYPL,2023-09-05,63.7400016784668,-0.014590528407374737,-0.007356087861900562,-0.024317587244141015,-0.009781929419266477,-0.10103549218420982,-0.039487111591335666
레딧 언급 전체,PYPL,2023-10-25,51.4900016784668,0.003301576294498565,-0.00893651739136292,0.06972227686077614,0.02254226780088131,0.09419301448866269,0.004455252984328473
레딧 언급 전체,PYPL,2024-01-02,61.459999084472656,-0.0066710031487080546,-0.00927337488722868,-0.02554506537929424,-0.024783433397465915,-0.0017897919295504217,-0.023433738017421657
레딧 언급 전체,PYPL,2024-02-07,63.2400016784668,-0.06910187587914018,-0.07004546394367317,-0.07732452679568391,-0.09619622681837137,-0.07495258622171674,-0.10850004908122413
레딧 언급 전체,PYPL,2024-06-10,67.08999633789062,-0.10374117826333185,-0.12509801471734028,-0.11566544835915127,-0.13278459932255227,-0.1220747541967927,-0.16997834129711908
레딧 언급 전체,PYPL,2024-10-21,80.55999755859375,0.03761170396129998,0.04240924310346761,-0.030163857731107413,-0.006484459467487214,0.05101788399834839,0.043273217868378566
레딧 언급 전체,PYPL,2024-12-24,88.25,-0.023456087193475583,0.004250504329468829,-0.055410757956356194,-0.02080241273590233,0.022549550864243928,0.02575925103880261
레딧 언급 전체,PYPL,2025-03-27,68.86000061035156,-0.10383388705349594,-0.0502611919006718,-0.12053440551106864,-0.04558907377798693,-0.051118272455138225,-0.02212765041598841
레딧 언급 전체,PYPL,2025-10-29,69.68000030517578,-0.02324917823603534,-0.008977807762882595,-0.03559132241779539,-0.029757647676861176,-0.11265784213175445,-0.10144147033647966
레딧 언급 전체,PYPL,2026-02-04,41.029998779296875,-0.013892266921339269,-0.02230104511793307,0.017060706404228965,0.019552759576924816,0.16110165262025,0.1682133926127446
레딧 언급 전체,QCOM,2019-04-17,79.08000183105469,0.07574605115167388,0.0667635827589006,0.10192207096571648,0.09594528604330788,0.04716737027280016,0.0532133192318498
레딧 언급 전체,QCOM,2020-02-06,90.61000061035156,-0.006401079650676267,-0.015623148250439534,-0.0395100078020052,-0.03801291221678327,-0.145017098566792,-0.03566917854188667
레딧 언급 전체,QCOM,2020-11-06,145.00999450683594,-0.005172057295434462,-0.02784741244270028,0.007034027385008024,-0.007730602658647889,0.08971802122930006,0.03565704202606712
레딧 언급 전체,QCOM,2023-02-03,135.02000427246094,-0.04466003990881795,-0.03420776030460282,-0.05406608517821487,-0.04172221161801215,-0.09339357288795125,-0.07428358194294249
레딧 언급 전체,QCOM,2024-05-03,179.63999938964844,0.013582734634248972,-0.005095546088907055,0.07915832369749243,0.04364031364720633,0.14623694256132747,0.11394611158062329
레딧 언급 전체,QCOM,2024-11-08,170.91000366210938,-0.06090927060472162,-0.0401131984693891,-0.08261664076663378,-0.07813647114687527,-0.05950499064438319,-0.07035436995177258
레딧 언급 전체,QCOM,2025-10-28,181.02999877929688,-0.04524113404757357,-0.028037385661377145,-0.03894383858640382,-0.03303460566202954,-0.09793954508697,-0.08041563440940658
레딧 언급 전체,RCL,2020-02-27,77.0,-0.14571430156757303,-0.1623523356738965,-0.6068831109381341,-0.44083824678653727,-0.4725973946707589,-0.3505510891121716
레딧 언급 전체,RCL,2020-04-13,33.369998931884766,0.07851371982150823,0.05700173913152051,0.18279899562687296,0.141480037564242,0.1408450977937743,0.07975536364963531
레딧 언급 전체,RCL,2020-05-28,51.70000076293945,0.11586069198017102,0.08816823366068349,0.054351982923142694,0.06214158539081882,-0.060348140925392424,-0.074805033902139
레딧 언급 전체,RCL,2020-09-02,68.37000274658203,0.025888497469087612,0.09245264828273891,0.0055579528762994546,0.06667065939890471,-0.04124615447620694,0.016511751470275615
레딧 언급 전체,RCL,2020-12-04,82.7300033569336,-0.07578875883044978,-0.06619022360816484,-0.12619366635782048,-0.12438208486078828,-0.12305088712803247,-0.12705245653272734
레딧 언급 전체,RCL,2022-01-07,81.0199966430664,0.03863249830287874,0.04157183432800626,-0.02826454432257486,0.02805505104795125,0.011602104176175576,0.052001998445982855
레딧 언급 전체,RCL,2023-02-06,69.08999633789062,0.07092201166019785,0.06360190308275726,0.03864533130501191,0.06485129618377072,0.06035614444015991,0.08856295686811133
레딧 언급 전체,RDDT,2024-03-21,50.439998626708984,-0.02220457895277783,-0.02387059790499979,-0.05709748873571441,-0.04987799535555082,-0.18953207412522688,-0.13775113212440282
레딧 언급 전체,RDDT,2024-04-19,40.880001068115234,0.11130134829202243,0.08484524116174041,0.14090015095488262,0.10832481214819789,0.5176125072050466,0.44836214713694833
레딧 언급 전체,RDDT,2024-05-17,62.040000915527344,-0.11798838792396238,-0.11796948195475998,-0.10058029636335886,-0.09746380873276217,-0.02724052895658935,-0.06057694027393312
레딧 언급 전체,RDDT,2024-06-26,63.61000061035156,0.1573652262251588,0.14645797961095353,0.10501493854865185,0.08490537042571633,-0.02436722562785687,-0.011351815288926037
레딧 언급 전체,RDDT,2024-08-07,50.689998626708984,0.08404028904403704,0.035665576988751724,0.12231211147977072,0.04141128214015333,0.15821662408840287,0.0985435939538668
레딧 언급 전체,RDDT,2024-09-30,65.91999816894531,0.06856802788247496,0.07895568451802693,0.1357707042815579,0.1173658008744567,0.20873790228217515,0.19641566440591252
레딧 언급 전체,RDDT,2024-10-30,116.05000305175781,0.043343374812782276,0.024326516351708793,0.1379577258580127,0.10833756002204131,0.2067211512581828,0.1742734227580769
레딧 언급 전체,RDDT,2024-12-10,155.92999267578125,0.08247291229655107,0.08000113017221766,0.13775419736593353,0.14024258494120867,0.07150650727251162,0.10851712109199319
레딧 언급 전체,RDDT,2025-01-10,167.0800018310547,0.049377543150508796,0.01993685141942736,0.08229590525084807,0.04977164953510416,0.346241262932367,0.3042767402681139
레딧 언급 전체,RDDT,2025-02-10,224.92999267578125,-0.1680522341342643,-0.17903018720767738,-0.2887119961641711,-0.27117048044982517,-0.45436354708889726,-0.3734674659931161
레딧 언급 전체,RDDT,2025-03-12,130.67999267578125,-0.15893778832083716,-0.17371762949640956,-0.08019587017838348,-0.09758816502907253,-0.15166814490572667,-0.13332756464635753
레딧 언급 전체,RDDT,2025-04-30,116.56999969482422,-0.09470705108029198,-0.1066269245765773,0.07506219458614716,0.01546315729817116,-0.06468217324583325,-0.1287172494759442
레딧 언급 전체,RDDT,2025-05-29,109.02999877929688,0.029441430068897656,0.02435711507514382,0.06576170090086064,0.0425433084079212,0.3116573063191792,0.26952530756336346
레딧 언급 전체,RDDT,2025-07-03,157.02999877929688,-0.07285233732622631,-0.07010178296473679,-0.05597652266741082,-0.05955855826113232,0.201299120270509,0.20708806068193164
레딧 언급 전체,RDDT,2025-08-01,188.63999938964844,0.14206956710384966,0.1172030312015655,0.30672180236195756,0.27178640899874074,0.1931721933805619,0.15564723328725982
레딧 언급 전체,RDDT,2025-10-21,205.7100067138672,0.035292374069746835,0.011800261797205724,-0.08721015923333253,-0.09309437073108007,-0.09732148956811715,-0.0806223561020677
레딧 언급 전체,RDDT,2025-11-19,187.77999877929688,0.10533602571030398,0.07960524432803906,0.18622857305374874,0.15338971938687718,0.23197357461798185,0.21108715879266748
레딧 언급 전체,RDDT,2026-01-12,244.02000427246094,-0.07646915554216005,-0.05118007571328953,-0.1955577427472761,-0.19603247820759173,-0.3853782759544637,-0.3810052134295998
레딧 언급 전체,RDDT,2026-02-12,131.07000732421875,0.14572358112012807,0.13374599086869488,0.11245891058748247,0.10553071682024084,0.009842017349872112,0.037701810030849825
레딧 언급 전체,RDDT,2026-04-22,164.30999755859375,-0.10078508797182817,-0.10130532124435887,0.01369362810195196,-0.01811131617378714,-0.10705371918478634,-0.1492915632804347
레딧 언급 전체,RDDT,2026-05-26,144.63999938964844,0.1693169634714251,0.15735306820576223,0.23140211118597742,0.24944130512414475,0.11117257950020076,0.13428777687869542
레딧 언급 전체,RDDT,2026-07-02,194.6699981689453,0.003441712514754558,-0.010213303073884905,-0.06929678748677393,-0.0672961279484966,-0.2773925130113569,-0.28041353923587076
레딧 언급 전체,RDDT,2026-08-03,154.7100067138672,0.025919425588626144,0.005646685829658882,0.06327963842855477,0.04348210079563164,-0.044599630636917076,-0.05697969728121588
레딧 언급 전체,REG,2022-08-18,65.9800033569336,-0.03273724692653246,-0.0131527635407781,-0.07699305202476692,-0.0034461120557203184,-0.10594121435024517,-0.0070138833990359695
레딧 언급 전체,REGN,2020-10-05,605.0800170898438,-0.005833987567219312,-0.0431249651572434,-0.03625967115378814,-0.042881992602248564,-0.09337607986417895,-0.06523857902884378
레딧 언급 전체,ROST,2022-05-20,71.87000274658203,0.21483225576676368,0.14905188833710148,0.13162653016487535,0.07475205082703695,0.044942195688070674,0.08231097472492366
레딧 언급 전체,ROST,2022-08-22,88.11000061035156,-0.013051884211924492,0.012882556485818042,-0.01577572784042336,0.03887528462922052,0.002156423108501615,0.07294391393606292
레딧 언급 전체,ROST,2026-05-12,217.6699981689453,-0.022924636078193283,-0.016896279510439816,0.07258695816910232,0.05595140936160625,0.06546607304576635,0.0827382832472151
레딧 언급 전체,RTX,2020-08-20,60.9900016784668,-0.0014756542074283452,-0.031184734937104164,-0.002131514421012559,-0.023149652929932873,0.022298684345412267,0.0448539785110319
레딧 언급 전체,RTX,2023-01-25,100.01000213623047,-0.015898449488275235,-0.04200056396345553,-0.023597645834832037,-0.04932510339931506,-0.003699657421044944,-0.00447397377890113
레딧 언급 전체,RTX,2023-07-26,86.30000305175781,-0.009733533459800325,0.002077414197707128,0.017033528845033397,0.03846008272174595,-0.0030127708810686604,0.024385114387686424
레딧 언급 전체,RTX,2023-11-14,80.69000244140625,-0.0314785083489344,-0.04159590169502381,0.0032221402772261154,-0.009881450348036447,0.03135455078383531,-0.01716012057906391
레딧 언급 전체,RTX,2024-01-03,85.61000061035156,0.005490027068710157,-0.011084534829034043,-0.0016353158351865016,-0.018060541520676487,0.07662653325341218,0.03308890811191212
레딧 언급 전체,RTX,2025-02-26,127.30999755859375,0.018301797782867002,0.037610811294187196,0.005105659715213928,0.06510159645357694,0.0551410290400014,0.09878813794927233
레딧 언급 전체,SBUX,2019-01-25,67.08999633789062,0.0152035225538516,-0.0009000172119491001,0.03964829046513274,0.02200210767129196,0.059025293337669815,0.00732843767704261
레딧 언급 전체,SBUX,2019-04-26,77.44999694824219,0.007747012616625248,0.005633945204303936,0.012524225421872481,0.03062175956289903,-0.016784964152187554,0.019444219413939257
레딧 언급 전체,SBUX,2019-07-26,99.11000061035156,-0.03632326154728216,-0.005231528343721759,-0.02835231098061619,0.006050570753339146,-0.04449605120523803,0.012323269702126605
레딧 언급 전체,SBUX,2019-10-31,84.55999755859375,-0.030865665630406713,-0.04685487315427328,-0.0021286697063945814,-0.022634394481552245,0.010288585285012308,-0.025909652516683757
레딧 언급 전체,SBUX,2020-01-10,90.16000366210938,0.038376208340004325,0.019217997306697043,-0.015860694843524592,-0.009075543902329342,-0.029170416770044838,-0.056710257290842225
레딧 언급 전체,SBUX,2020-02-14,89.27999877929688,-0.05331543684266116,-0.008351004374236637,-0.07728496438419474,0.007164115148354799,-0.3437499893181639,-0.0542061556903064
레딧 언급 전체,SBUX,2020-03-23,56.54999923706055,0.20000002698282815,0.0264185177746159,0.1987621897455405,0.010782871615970357,0.2859416834977677,0.06127242006508826
레딧 언급 전체,SBUX,2020-04-27,77.73999786376953,-0.0752508185602545,-0.06312756262317398,-0.024054478628420473,-0.04304076129275569,0.00025732278120194074,-0.04165174982246378
레딧 언급 전체,SBUX,2020-06-12,76.37999725341797,-0.01283052844696464,-0.02739291402861499,-0.06297457098139014,-0.049299794415993636,-0.04883471932007888,-0.08377770338173884
레딧 언급 전체,SBUX,2020-07-29,77.41999816894531,-0.021183149424385705,-0.04268287364730061,0.02415400143127533,-0.013739722452972725,0.06445370203025469,-0.004597763718381609
레딧 언급 전체,SBUX,2020-08-26,82.41000366210938,0.07207856507768629,0.04293334348391653,0.02997201166785346,0.06933096781340009,0.007644669644731872,0.07689692621750877
레딧 언급 전체,SBUX,2022-03-29,91.2300033569336,-0.07793489366139761,-0.055142153347447764,-0.12539736951063918,-0.07500200635773124,-0.18075199919315577,-0.0848143977406367
레딧 언급 전체,SBUX,2022-08-03,87.2699966430664,-0.008937765661743535,-0.022304825292993602,0.012375408188359138,-0.01706114949078219,-0.03666777897712259,0.009827622069274344
레딧 언급 전체,SBUX,2023-01-06,106.69000244140625,0.005061401285691325,-0.021788768236755907,-0.004499047201702022,-0.036837788556017936,-0.015652879933684583,-0.07169802720373042
레딧 언급 전체,SBUX,2024-02-02,92.98999786376953,0.046349126648034256,0.032492535125951294,0.0024734203916270125,-0.007964535709113596,-0.00569952458836831,-0.04200979356345236
레딧 언급 전체,SBUX,2024-05-02,74.93000030517578,0.010009342011816136,-0.01996904376220532,0.0046710059081225275,-0.042177703513689435,0.07059923787511235,0.02636424907862822
레딧 언급 전체,SBUX,2024-06-05,81.16000366210938,-0.02193206417414717,-0.034444459960784046,-0.01774275968987582,-0.04080374587565849,-0.06296205495043905,-0.10031225671337762
레딧 언급 전체,SBUX,2024-07-10,72.51000213623047,0.035719159586074634,0.043522203884623245,0.02992688049944281,0.06571756423301711,0.03833952140938934,0.11433901122455825
레딧 언급 전체,SBUX,2024-08-14,93.9000015258789,-0.011927611590861975,-0.042952889967298846,0.014909494176025717,-0.011849104063916815,0.0572949644940659,0.02908342085182447
레딧 언급 전체,SBUX,2024-10-31,97.69999694824219,-0.016171896120909635,-0.06360079667023033,0.0156602503222385,-0.027794238107980318,0.04872059657025507,-0.01091286620231502
레딧 언급 전체,SBUX,2025-01-29,108.58000183105469,0.033799945727166714,0.02979540417034987,0.0410756954251319,0.03850015198242285,0.05442987597210136,0.08227921352650647
레딧 언급 전체,SCHW,2023-03-14,56.68000030517578,0.04922372795528318,0.030894796103207556,-0.04992946040609436,-0.05980870123179305,-0.08398027718069379,-0.1256415651824706
레딧 언급 전체,SCHW,2023-04-18,54.0,-0.05500002260561343,-0.035372285345455556,-0.07222225047923903,-0.06408629242243535,-0.07240740458170569,-0.06284705708461358
레딧 언급 전체,SCHW,2024-07-19,62.08000183105469,0.07280922212868468,0.081097146997818,0.02110176417453724,0.050410068709276334,0.0558956365714427,0.046205100461763404
레딧 언급 전체,SJM,2022-06-10,128.41000366210938,-0.04820498609823476,0.013211132914373591,0.0011680857581708448,0.004272219911506836,0.03660148597619761,0.059613290752003056
레딧 언급 전체,SLB,2022-03-09,42.560001373291016,-0.10996240963734472,-0.12917111178454233,-0.003524471828918685,-0.041871688764478554,-0.04182336787026519,-0.08653450047789113
레딧 언급 전체,SMCI,2023-06-12,25.864999771118164,-0.14015078415147764,-0.1479424046630614,-0.12557507133292223,-0.1310384777447655,0.06955344296526089,0.041383775919223265
레딧 언급 전체,SMCI,2023-09-06,27.402999877929688,-0.011203124034249501,-0.011853046817021373,-0.11298035562450337,-0.09599324937303677,0.023245668008439413,0.07156263609506275
레딧 언급 전체,SMCI,2024-01-22,43.624000549316406,0.13623236563869323,0.12005700808530095,0.5206078821102558,0.5017848903713693,0.8053594991854505,0.7778282193788137
레딧 언급 전체,SMCI,2024-02-20,78.75700378417969,0.08067849170935348,0.06020586365913161,0.3850577719034243,0.36408188273095954,0.15668443116127562,0.11853721352197333
레딧 언급 전체,SMCI,2024-03-19,91.09700012207031,0.12524009096614774,0.11922900827653926,0.1148226513546684,0.10764817148374739,0.05390960301889414,0.08330603421815308
레딧 언급 전체,SMCI,2024-04-18,92.8479995727539,-0.1519472877595991,-0.15989492010268536,-0.17874376128461889,-0.1897743704430327,-0.02593483050176859,-0.08433091888520261
레딧 언급 전체,SMCI,2024-05-17,88.78900146484375,-0.004516336144643751,-0.004497430175441353,-0.13211099531937098,-0.1289945076887743,-0.0005406542431906081,-0.03387706556053438
레딧 언급 전체,SMCI,2024-06-21,90.5260009765625,-0.09490094917804881,-0.09436828851562162,-0.006539589314296768,-0.026318875898735827,-0.13143188140600792,-0.15005415549937517
레딧 언급 전체,SMCI,2024-08-07,49.27000045776367,0.17128067987861417,0.12290596782332885,0.26604420078144386,0.18514337144182647,-0.15851433531010573,-0.2181873654446418
레딧 언급 전체,SMCI,2024-09-05,41.459999084472656,0.06640140442692588,0.04915273399412379,0.05451042417115892,0.01562831560917921,0.0021707707326408254,-0.030961855052911602
레딧 언급 전체,SMCI,2024-10-08,45.349998474121094,0.05314222554577097,0.04160978912410496,0.013671505346043888,-0.004037071021699257,-0.3891951114673925,-0.39535389403125254
레딧 언급 전체,SMCI,2024-11-05,27.700000762939453,-0.2166064922289661,-0.2516333897137186,0.0205776057445759,-0.003004803303571002,0.5093862895928039,0.45570160035720586
레딧 언급 전체,SMCI,2024-12-04,41.810001373291016,-0.08419039325868838,-0.08386134217632024,-0.2291318229225069,-0.19394776474434705,-0.20282227370730266,-0.17696906363621012
레딧 언급 전체,SMCI,2025-01-28,28.18000030517578,0.03477642056860919,0.03930892593790969,0.3701206597666402,0.3688138742147633,0.813697659930978,0.8302066938446023
레딧 언급 전체,SMCI,2025-02-26,51.11000061035156,-0.23889647698418737,-0.21958746347286717,-0.1690471392383145,-0.10905120249995148,-0.27528858397185285,-0.23164147506258193
레딧 언급 전체,SMCI,2025-04-28,37.27000045776367,-0.1368393406540993,-0.15982206687864187,-0.10061711708991516,-0.15896333851662992,0.11537427379249787,0.04221451956856792
레딧 언급 전체,SMCI,2025-07-10,50.36000061035156,0.047458287543332034,0.043910988516225435,0.042891179929178236,0.02914924856666401,-0.07327248603423897,-0.0835469940405803
레딧 언급 전체,SMCI,2025-10-08,58.68000030517578,-0.08077712429815231,-0.06898112867455564,-0.10531697806809115,-0.09742822634229353,-0.28374235581608065,-0.29038321962074776
레딧 언급 전체,SMCI,2026-02-04,33.7599983215332,-0.050947792995261754,-0.059356571191855556,-0.047393322087358136,-0.044901268914662285,-0.04502359948569379,-0.037911859493199196
레딧 언급 전체,SMCI,2026-03-23,21.579999923706055,-0.024096406839762774,0.011623380162090302,0.050509738481996136,0.044650594486598916,0.31742355911432907,0.2431155060089567
레딧 언급 전체,SMCI,2026-05-29,46.09000015258789,-0.09655024404875368,-0.07152645866840379,-0.3391191368272892,-0.3196473981837594,-0.3892384568163276,-0.3687752841370482
레딧 언급 전체,SMCI,2026-06-30,29.329999923706055,-0.03954994375825194,-0.03771538280728148,-0.08319129016040261,-0.09395762760976956,-0.12376403580665007,-0.10058421189050082
레딧 언급 전체,SMCI,2026-08-13,39.15999984741211,-0.06792645193505775,-0.04828328177904262,-0.01787540259619569,-0.009159367662380347,0.02400405082665258,0.04147464625289199
레딧 언급 전체,SNDK,2026-01-12,389.2699890136719,0.16402499012394478,0.1893140699528153,0.2367508574077941,0.2362761219474785,0.3914250518536997,0.3957981143785636
레딧 언급 전체,SNDK,2026-05-01,1187.0,0.3162089012808025,0.2926607570662474,0.18585508454217559,0.160156121288616,0.48393433337062963,0.4313568653491884
레딧 언급 전체,SNDK,2026-06-05,1559.3199462890625,0.2698484235376233,0.26415387770812737,0.45815487442450253,0.44888089033030343,0.037439401081059476,0.023664017245598856
레딧 언급 전체,SNDK,2026-07-17,1354.8199462890625,0.06033282321284017,0.06619861648390468,-0.10332737617114096,-0.10835912875773868,0.21131224104477253,0.16684769853090975
레딧 언급 전체,SNDK,2026-08-18,1625.780029296875,-0.0891941143036058,-0.08718741805237873,-0.054687616145795426,-0.047299535072149346,-0.06508264137031583,-0.04762218896179127
레딧 언급 전체,SNPS,2025-09-11,438.1000061035156,0.09589130030306503,0.08885085986020913,0.11207488112180974,0.11143625011799618,0.10570645266700018,0.08513262215248507
레딧 언급 전체,SPG,2020-05-11,55.08000183105469,0.0332243637531191,0.024677355206110585,0.07570802524182607,0.053212344652883825,0.5698982996756261,0.47318032174426916
레딧 언급 전체,SPG,2020-11-10,78.83999633789062,0.0015221049233402617,-0.01706332726922155,0.12620503601995647,0.10027578380490221,0.15220700859206882,0.11602466408461654
레딧 언급 전체,STLD,2020-12-11,39.130001068115234,-0.07692312941650148,-0.08478555087101769,-0.080500931252099,-0.09652611779423825,0.06772291435844013,0.03367977584828785
레딧 언급 전체,STX,2020-06-30,48.40999984741211,-0.03821521338467826,-0.06357520720911403,-0.003511633329500996,-0.04725927048343681,-0.08469321394431428,-0.13904530423422934
레딧 언급 전체,STZ,2023-05-30,237.05999755859375,0.0229477874691264,0.00426530319964602,0.04365985915003412,0.004438546204168947,0.04100228347594004,0.002423526145235222
레딧 언급 전체,SYY,2020-03-13,47.06999969482422,-0.24941571998906242,-0.0989627154943713,0.0718079687705393,0.13084557727666246,-0.00042490881439016803,-0.023965663921597047
레딧 언급 전체,SYY,2022-04-22,88.80000305175781,-0.037387382665844404,-0.004432711124846445,-0.07117116528859302,-0.03666733486844764,-0.1331081000969655,-0.04764663419740722
레딧 언급 전체,T,2020-12-10,23.179758071899414,-0.03486477143792133,-0.049889391957053775,-0.06516782168885393,-0.07135763148262197,-0.05930270457124154,-0.09191522903552385
레딧 언급 전체,T,2023-07-17,13.529999732971191,0.10495196632070547,0.09749917620351622,0.07317078672070876,0.05775509098943998,0.053954213622910085,0.06000960136247091
레딧 언급 전체,TGT,2019-08-22,106.31999969482422,0.015142970419232737,0.014390469284583318,0.033201643993878927,0.01373932792294319,0.0032919344914006388,-0.016957120524167202
레딧 언급 전체,TGT,2019-11-19,110.8499984741211,0.14470005535698793,0.13780750271066688,0.1233197867128224,0.12482653897050489,0.15543530531447036,0.13087850140984814
레딧 언급 전체,TGT,2020-02-21,117.01000213623047,-0.11973337219427738,-0.008122481002873827,-0.09452187835285675,0.013490651167920809,-0.1675925156169159,0.14630938100639312
레딧 언급 전체,TGT,2020-08-20,152.24000549316406,-0.012677403211582061,-0.04238648394125788,-0.04079089917101997,-0.06180903767994028,-0.022464516851970817,9.077731364881547e-05
레딧 언급 전체,TGT,2020-11-09,154.91000366210938,0.0662964868045115,0.04370507823958647,0.1462138878124919,0.1380347533459616,0.1149699640924482,0.0709435201150479
레딧 언급 전체,TGT,2022-05-19,153.42999267578125,0.06367727783906174,0.022979885420657542,0.04959917208907472,-0.004527099035940729,-0.09209405134941284,-0.031497310679485135
레딧 언급 전체,TGT,2022-08-17,175.33999633789062,-0.06963608822911538,-0.039213070171134956,-0.08554807980658397,-0.011787382113152112,-0.058914121403014996,0.026706409012742904
레딧 언급 전체,TGT,2022-11-17,162.00999450683594,0.008456332463604666,-0.012064153885537943,0.013270842714476538,-0.01886697623230771,-0.0960434422947728,-0.06821774857409901
레딧 언급 전체,TGT,2023-06-20,132.72000122070312,-0.0015823290531618017,0.0007278847374219133,-0.0012808782955224807,-0.014890861155474333,-0.00015072537881966053,-0.041369490722946156
레딧 언급 전체,TGT,2023-11-17,129.88999938964844,0.011086322643566238,0.0029006877105361983,0.029409556872499243,0.01632143649572204,0.06028179126836375,0.013297625083876108
레딧 언급 전체,TGT,2024-03-04,150.49000549316406,0.11681840115191733,0.11880940064045153,0.11362874756160024,0.1125356427949844,0.17110770855257673,0.15834167455231252
레딧 언급 전체,TGT,2024-08-21,159.25,-0.015007845460900726,-0.010869556879642084,-0.04615388448047486,-0.026514895750999412,-0.01733120569441715,-0.03581072023509446
레딧 언급 전체,TGT,2025-10-28,97.11000061035156,-0.07342186395432826,-0.05621811556813183,-0.05694571871630072,-0.051036485791926434,-0.10843372168792276,-0.09090981101035933
레딧 언급 전체,TJX,2020-03-20,37.369998931884766,0.2523414657400467,0.14473659341136003,0.09606637022204567,0.011319870523520015,0.27883334978508767,0.048107857730828485
레딧 언급 전체,TJX,2022-03-25,61.290000915527344,-0.006526374937246393,-0.0070344731613902756,0.004405293746622796,0.015715451005618553,0.034263312820233205,0.08767733244818154
레딧 언급 전체,TJX,2023-02-22,77.45999908447266,-0.0077459137775973685,0.001788933989433139,-0.0036147531965695645,-0.004568245630616197,-0.030080065305884474,-0.01394611876226004
레딧 언급 전체,TJX,2024-08-22,119.0,-0.013697455911075407,-0.017526884905003648,-0.02840333826401653,0.00011053428089347062,-0.008991594074153064,-0.03061978063794657
레딧 언급 전체,TKO,2024-04-05,92.51000213623047,0.0593449112203559,0.07396595297980912,0.03253696289405994,0.07742246207895098,0.06280399334590792,0.07657631406756926
레딧 언급 전체,TKO,2025-02-11,176.52999877929688,-0.056420956913563525,-0.06900953986762237,-0.0961875932983377,-0.07839502490414485,-0.16575083390454026,-0.08902981057977533
레딧 언급 전체,TMUS,2020-02-07,85.44000244140625,0.12921349016929673,0.11295824122873066,0.12792602987893686,0.15736612145004092,-0.06659646861911539,0.10790683990146188
레딧 언급 전체,TMUS,2020-06-26,105.19999694824219,0.015019029247995475,-0.04163819685304282,-0.0064638814154180935,-0.05575569660164903,0.003992450670378567,-0.07322806047898833
레딧 언급 전체,TMUS,2022-08-25,147.07000732421875,-0.0214184333881835,0.03362196088224334,-0.009315362125170368,0.02145864412398213,-0.10022441530630666,0.022680870284851662
레딧 언급 전체,TMUS,2024-05-23,164.97000122070312,0.060556497661651054,0.05787573660448353,0.09001640294376134,0.07471108037803353,0.07868094581737872,0.046777440682550964
레딧 언급 전체,TPR,2024-02-26,47.619998931884766,-0.0071398605672844395,-0.019610458168772493,-0.018899574367252536,-0.02935434352676014,-0.04346912518383561,-0.07070292340678475
레딧 언급 전체,TROW,2023-06-02,110.91999816894531,0.03200507672521513,0.027378089422401386,0.029390571493384643,0.0024229661811068226,0.021096321726592926,-0.015990036983450473
레딧 언급 전체,TROW,2023-07-31,123.26000213623047,-0.05386986268513705,-0.0384042191418289,-0.08859326309495552,-0.06744814631067453,-0.10441345548864855,-0.07158181106925743
레딧 언급 전체,TRV,2024-01-22,213.86000061035156,-0.012812145727785218,-0.028987503281177496,-0.00364724014341522,-0.022470231882301683,0.029177992496751237,0.0016467126901145157
레딧 언급 전체,TSLA,2019-01-02,20.674667358398438,0.09160965286157641,0.060472036853180144,0.11585832530711815,0.07268933247505305,-0.009996143726451856,-0.08893930696171048
레딧 언급 전체,TSLA,2019-01-31,20.468000411987305,0.0015960113043111956,0.0008179504057266307,-0.010585654237434738,-0.027071455473965944,-0.03983458587341293,-0.07869659097320525
레딧 언급 전체,TSLA,2019-03-01,19.652666091918945,-0.03612736720564358,-0.014873456331724544,-0.06567386705516298,-0.06884762102507624,-0.050646192900248965,-0.05799230751387163
레딧 언급 전체,TSLA,2019-04-01,19.278667449951172,-0.05525974877849027,-0.0656156320367638,-0.07884364734801841,-0.09332783320299265,-0.17459713873972127,-0.20325054400213804
레딧 언급 전체,TSLA,2019-05-01,15.600666999816895,0.04628001920715774,0.06094709303980628,-0.008803076813042265,0.014328413048420252,-0.19567539414560697,-0.15187977752445014
레딧 언급 전체,TSLA,2019-06-03,11.9313325881958,0.18947320294632464,0.1370275842976696,0.25736163535359413,0.20345921557657687,0.26931895995726607,0.1925079617589558
레딧 언급 전체,TSLA,2019-07-03,15.65999984741211,0.015751399148635548,0.014044539086852659,0.07935288994988032,0.07925249242470489,-0.004469967784564655,0.008783016207596361
레딧 언급 전체,TSLA,2019-08-01,15.59000015258789,0.019029319826515678,0.023167161489303423,-0.0778704128510519,-0.043309286246883905,-0.051913588176640824,-0.04424838062781489
레딧 언급 전체,TSLA,2019-09-03,15.000666618347168,0.0467979614400833,0.021380011049150882,0.08790712693012726,0.05289294403374312,0.08746286159895211,0.07886411328784204
레딧 언급 전체,TSLA,2019-10-03,15.535332679748535,0.050251083841309274,0.04054108908799536,0.12419004643161857,0.09368255747797893,0.35141406277000886,0.30696129592326526
레딧 언급 전체,TSLA,2019-10-31,20.994667053222656,0.06547692375899095,0.04948771623512438,0.10932937666912679,0.08882365189396912,0.047694647129001844,0.011496409327305779
레딧 언급 전체,TSLA,2019-11-29,21.996000289916992,0.018033618623408687,0.01625194587057388,0.0862278348549661,0.07665127098806623,0.25689521349670263,0.2353560035884661
레딧 언급 전체,TSLA,2019-12-30,27.64666748046875,0.13108265741351932,0.12594367496968162,0.29713036716023167,0.2772909941031634,0.4009886017180211,0.3837343075339923
레딧 언급 전체,TSLA,2020-01-29,38.732666015625,0.26456566461181596,0.24546092415605747,0.3206596204514369,0.28759361569973163,0.16869482710259764,0.25781976062394607
레딧 언급 전체,TSLA,2020-02-27,45.266666412353516,0.0670692043111698,0.05043117020484633,-0.1744477361892438,-0.008402872037647002,-0.22215021676778568,-0.10010391120919837
레딧 언급 전체,TSLA,2020-03-26,35.21066665649414,-0.13952210472830406,-0.10364917234670168,0.08489853758261545,0.0198143139780409,0.37297412371150784,0.28962807472121677
레딧 언급 전체,TSLA,2020-04-24,48.34333419799805,-0.03286221047012472,-0.03222612652127932,0.1300006352129719,0.09653418583724127,0.1264979683048455,0.08242968839210274
레딧 언급 전체,TSLA,2020-05-22,54.45866775512695,0.09942705992212253,0.06520696356408928,0.16286353900070005,0.06890195784639941,0.2172167397157736,0.16583577386707526
레딧 언급 전체,TSLA,2020-06-22,66.28800201416016,0.015115841040934441,0.03494715827402306,0.3977994593083434,0.38762624537561763,0.577319148608028,0.5309923992852468
레딧 언급 전체,TSLA,2020-07-21,104.55733489990234,-0.0585770889484134,-0.04676207949482836,-0.05187587849543862,-0.06741382391629036,0.2032250045039823,0.16128781957653482
레딧 언급 전체,TSLA,2020-08-18,125.80599975585938,0.07220107359503936,0.05601875540550383,0.2586840564902433,0.21746036510347433,0.1704793626836334,0.16994784641858685
레딧 언급 전체,TSLA,2020-09-16,147.25332641601562,-0.13898945473107105,-0.09123550772079747,-0.028861826781372835,-0.01726276949187633,0.04423218368079063,0.017344794640493877
레딧 언급 전체,TSLA,2020-10-14,153.76666259765625,-0.08380657742805275,-0.06886109471912538,-0.11983524873646112,-0.05870229250554393,-0.09575110357466499,-0.12087115914888358
레딧 언급 전체,TSLA,2020-11-11,139.0433349609375,0.166638682648504,0.16773217140212615,0.3760697576825458,0.3592755501269149,0.5032962978570608,0.47509096188863054
레딧 언급 전체,TSLA,2020-12-10,209.02333068847656,0.04597573188934634,0.03095111137021389,0.05533672060107375,0.04914691080730571,0.29361955237169934,0.26100702790741703
레딧 언급 전체,TSLA,2022-01-03,399.9266662597656,-0.11807164964096739,-0.09253318088863371,-0.14108421519234526,-0.09666395687606388,-0.2238160575856306,-0.17198549157082033
레딧 언급 전체,TSLA,2022-02-02,301.88665771484375,0.029083758937072046,0.028668316849238762,0.019576895868289146,0.04308186986312246,-0.07328353528661202,-0.025967443978766824
레딧 언급 전체,TSLA,2022-03-11,265.1166687011719,0.13835415500458548,0.08014961465857096,0.27068587023673407,0.1930321588352184,0.2893568263622146,0.2238915479073904
레딧 언급 전체,TSLA,2022-04-08,341.8299865722656,-0.02067299730338623,0.000776174773422289,-0.02678713713894676,0.015798374058604847,-0.2324547130925263,-0.12208093225805872
레딧 언급 전체,TSLA,2022-05-09,262.3699951171875,-0.07970930543633259,-0.08453132328149293,-0.14255950096192538,-0.13942013848397505,-0.08950460258638138,-0.13363142332656108
레딧 언급 전체,TSLA,2022-06-08,241.86666870117188,-0.036659324531098214,0.041206511076656294,-0.02810085992192024,0.05253725000384746,0.036783354764193144,0.09162015191907202
레딧 언급 전체,TSLA,2022-07-08,250.76333618164062,-0.04265643732095836,-0.033548432014086194,0.08565849901904743,0.06914067493085096,0.14917123777216856,0.08536392839356677
레딧 언급 전체,TSLA,2022-08-05,288.1700134277344,0.04115620917835949,0.008191290701633047,0.029484827256452073,0.008515921647489932,-0.062324395793388665,-0.010978443430097573
레딧 언급 전체,TSLA,2022-09-06,274.4200134277344,0.06453607823228924,0.058547757320704275,0.12502731535514977,0.14209665014131434,-0.09102838628388288,-0.05829727709849508
레딧 언급 전체,TSLA,2022-10-04,249.44000244140625,-0.13205581349825357,-0.07853301824732706,-0.11726266722945078,-0.09916600263755204,-0.08667412967278998,-0.1040035149991776
레딧 언급 전체,TSLA,2022-11-03,215.30999755859375,-0.1142074061433157,-0.1780331576122326,-0.14927313991029123,-0.21188595319644732,-0.09497931902895962,-0.1917421905190393
레딧 언급 전체,TSLA,2022-12-02,194.86000061035156,-0.08113516118789277,-0.04763879894527112,-0.22903625548095996,-0.17093983505461985,-0.4452427479445543,-0.38112538512947036
레딧 언급 전체,TSLA,2023-01-03,108.0999984741211,0.0994449597755871,0.07381610871646327,0.19130435334951956,0.16328591234079348,0.6781684201923328,0.599443616106013
레딧 언급 전체,TSLA,2023-02-01,181.41000366210938,0.10958596120780362,0.10995108754894645,0.18097128696498554,0.17323023709192165,0.0523123865431967,0.08393359058500782
레딧 언급 전체,TSLA,2023-03-02,190.89999389648438,-0.09418541803248415,-0.07847440011348517,-0.03546353708813055,-0.031190109528580923,0.022943976023318102,0.008137875913755144
레딧 언급 전체,TSLA,2023-04-03,194.77000427246094,-0.04097145767458632,-0.037978366179778233,-0.05370440254873554,-0.06163719036041837,-0.17692666200110352,-0.1766589509270734
레딧 언급 전체,TSLA,2023-05-17,173.86000061035156,0.051995819937864285,0.061966232814822275,0.19360406961890497,0.17773335660797174,0.47187388127300034,0.4059586189051059
레딧 언급 전체,TSLA,2023-06-15,255.89999389648438,0.002735491300224213,0.023951068613707882,0.022938629375512942,0.021402269984631683,0.13474017901022628,0.11612293969539489
레딧 언급 전체,TSLA,2023-07-17,290.3800048828125,-0.0734210584947913,-0.08087384861198055,-0.07903440946732232,-0.0944501051985911,-0.1743233333039066,-0.16826794556434577
레딧 언급 전체,TSLA,2023-08-18,215.49000549316406,0.10719750455182653,0.09924790267163619,0.13699006107551615,0.10333598904480312,0.2310547682811781,0.21472027828618945
레딧 언급 전체,TSLA,2023-09-18,265.2799987792969,-0.0689459943090146,-0.04324891843269796,-0.05156812703080005,-0.014780697991752523,-0.04282268042304482,-0.025713836894989073
레딧 언급 전체,TSLA,2023-10-16,253.9199981689453,-0.16477629426435503,-0.12904558885997086,-0.2227473139825782,-0.17584791987589166,-0.11897444735714735,-0.12849190863399895
레딧 언급 전체,TSLA,2023-11-13,223.7100067138672,0.05314916200801045,0.021185675226886636,0.10285634891722362,0.06937083095310981,0.05945191271653716,0.00513445087165576
레딧 언급 전체,TSLA,2023-12-12,237.00999450683594,0.08527069398874776,0.062129151017124684,0.10307585545244047,0.07633592117340204,-0.041306246626871435,-0.06770141973373778
레딧 언급 전체,TSLA,2024-01-17,215.5500030517578,-0.03581536122200568,-0.06355256901065964,-0.13110651526569084,-0.1535291711472272,-0.12451865440913867,-0.18016242900488522
레딧 언급 전체,TSLA,2024-02-16,199.9499969482422,-0.0027507029765055924,-0.015723376881059514,-0.05906475488294616,-0.08466980338506702,-0.13078266714479325,-0.15750880941409717
레딧 언급 전체,TSLA,2024-03-18,173.8000030517578,-0.0067318650656000845,-0.020205394639077445,-0.041254304045150514,-0.05291448747671024,-0.09602993180866604,-0.07783785826276446
레딧 언급 전체,TSLA,2024-04-16,157.11000061035156,-0.07911659274572835,-0.08332685851405797,0.16657117985665026,0.1696494230531358,0.13009994501941025,0.09083716214331528
레딧 언급 전체,TSLA,2024-05-20,174.9499969482422,0.01028867152418611,0.010760316245824186,-0.0010288235434179338,0.0021217309557859387,0.05664477756487862,0.021875142503436473
레딧 언급 전체,TSLA,2024-06-18,184.86000061035156,0.06226330449439277,0.06769636712417137,0.3328464707137484,0.3274315464832951,0.348209428241141,0.3406067682393161
레딧 언급 전체,TSLA,2024-07-18,249.22999572753906,-0.1162781215115869,-0.0904937320271808,-0.12988001312881592,-0.11241907177639665,-0.1407936321447094,-0.1415355606353046
레딧 언급 전체,TSLA,2024-08-16,216.1199951171875,0.019433704895069237,0.0053260623148141395,-0.009300363465888695,-0.02620425327205622,0.04932446743916108,0.0339359134992272
레딧 언급 전체,TSLA,2024-09-19,243.9199981689453,0.04222697248719953,0.0399151448060695,-0.013365015297261418,-0.007830717681542865,-0.09441619773769305,-0.11432932167568677
레딧 언급 전체,TSLA,2024-10-22,217.97000122070312,0.1906225056671802,0.1932796883002238,0.15355324601211273,0.16490206832930787,0.5873744004325692,0.5754084462717162
레딧 언급 전체,TSLA,2024-11-19,346.0,-0.022456615646450517,-0.03999013561108877,0.034479747617864875,0.005070996625901492,0.2720520372335622,0.27886206362560684
레딧 언급 전체,TSLA,2024-12-18,440.1300048828125,0.03180878341554472,0.006121403996097063,-0.06745734694754879,-0.07712846420691766,-0.036489213142534616,-0.06509322088300962
레딧 언급 전체,TSLA,2025-01-21,424.07000732421875,-0.06126349550220689,-0.0637011570029744,-0.07512914216727984,-0.07302324958490614,-0.14976303126542267,-0.16614642415623615
레딧 언급 전체,TSLA,2025-02-19,360.55999755859375,-0.19347684223979522,-0.1634733918161101,-0.2259263146401599,-0.17719318773477166,-0.3458508924800442,-0.2711278599310474
레딧 언급 전체,TSLA,2025-03-19,235.86000061035156,0.15348086515121206,0.15090646076405934,0.1988468118116975,0.20344890538652394,0.024124490912752705,0.09724711073754988
레딧 언급 전체,TSLA,2025-04-17,241.3699951171875,0.18055275291647255,0.13452391087313686,0.1899158854257541,0.11326453252667967,0.4499731452387419,0.3211951157163271
레딧 언급 전체,TSLA,2025-05-16,349.9800109863281,-0.030401778142846947,-0.005006243734458127,-0.020829785462252226,-0.018322228741004865,-0.059574848417071835,-0.07384610438230299
레딧 언급 전체,TSLA,2025-06-24,340.4700012207031,-0.11677977390980576,-0.1346940007998756,-0.13096600633835587,-0.15944414903817805,-0.02323260091564383,-0.06843842732948713
레딧 언급 전체,TSLA,2025-07-24,305.29998779296875,0.009728140646756867,0.013416495180576526,0.055584677036446095,0.05900509721331737,0.048509656569776016,0.046728494385021024
레딧 언급 전체,TSLA,2025-09-15,410.0400085449219,0.05894542582790008,0.04997286685330482,0.08089450350921634,0.07670328285314043,0.06306698081323803,0.05984414416473327
레딧 언급 전체,TSLA,2025-10-21,442.6000061035156,0.04055576466769173,0.01706365239515062,0.0037505730664655346,-0.0021336384312820034,-0.09342522714255153,-0.07672609367650207
레딧 언급 전체,TSLA,2025-12-08,439.5799865722656,0.08128216042077296,0.08552425686672926,0.1118113333532813,0.1100559800211276,-0.018585884616503456,-0.02728944087432339
레딧 언급 전체,TSLA,2026-01-29,416.55999755859375,-0.04645190660870846,-0.022793351727149025,0.0012243368749138561,0.019623793535017975,-0.03372860542374201,-0.022129867529926295
레딧 언급 전체,TSLA,2026-04-17,400.6199951171875,-0.060705924868040495,-0.06605696510599979,-0.02446205359795406,-0.039261965655899456,0.0539663406237707,0.013087122916132676
레딧 언급 전체,TSLA,2026-06-02,423.739990234375,-0.0638599098084337,-0.03421153070697003,-0.04502758062016354,-0.032862816154376806,0.003681497131603928,0.02186283318414639
레딧 언급 전체,TSLA,2026-07-22,374.010009765625,-0.20237426931123503,-0.1783580642606718,-0.1402636844012024,-0.17020709656715804,-0.061201609718364525,-0.0901683417556367
레딧 언급 전체,TTWO,2019-02-06,92.52999877929688,-0.00421484269743333,-0.012464458010781776,-0.05338811743842309,-0.07054740232854007,-0.04452604746072175,-0.05284906429921066
레딧 언급 전체,TTWO,2020-02-07,112.5999984741211,0.007371241938741724,-0.008884007001824346,0.003730001550948936,0.03317009312205299,0.011367662492385078,0.18587097101296235
레딧 언급 전체,TTWO,2020-05-20,146.83999633789062,-0.08696533187243549,-0.10730685578011623,-0.13109507273280097,-0.17969236176293746,-0.038068622155421394,-0.08808043123437281
레딧 언급 전체,TTWO,2020-08-03,167.69000244140625,0.041982188464650516,0.02136112759573261,0.044844678650944436,0.017106624330046616,0.020871846556403728,-0.04153877566561626
레딧 언급 전체,TTWO,2023-11-09,146.32000732421875,0.05829687228210645,0.020517933533286348,0.06834335360469068,0.01887813224145729,0.0615090182442215,0.0007492540646862889
레딧 언급 전체,TTWO,2024-12-02,187.9499969482422,-0.00026604444038158537,-0.002005500372782687,-0.004096857062854786,-0.009331807477794385,-0.020590556956769812,0.008483524270149756
레딧 언급 전체,TTWO,2025-03-28,210.47000122070312,-0.07549769229575787,0.015169220564870578,0.00760206249933848,0.0466906629976066,0.0716491744362251,0.08030554306283955
레딧 언급 전체,TTWO,2025-10-07,260.5,-0.01067178034279026,-0.00037465172801798285,-0.0008445344364803598,-0.004087574438261021,-0.030978914872240915,-0.04012524910503534
레딧 언급 전체,TTWO,2025-11-10,234.05999755859375,-0.0020507379840457585,0.021091460118135674,0.0214048099542119,0.04005652092967538,0.06267622969308495,0.060328296521851676
레딧 언급 전체,TTWO,2026-05-19,238.13999938964844,-0.08264043304871493,-0.10544179315290214,-0.09381034851410064,-0.12176342432070997,-0.04245402131629894,-0.05230783906446734
레딧 언급 전체,TTWO,2026-06-25,238.72000122070312,0.06815517840676821,0.05388302577415649,0.018766738038833886,-0.009355316649099166,-0.02961631739303794,-0.03592164894660166
레딧 언급 전체,TTWO,2026-08-28,235.38999938964844,-0.08793915205368108,-0.08903101776125977,-0.05301837699094658,-0.04200912116212274,-0.14036277399975972,-0.13550154003204995
레딧 언급 전체,TXT,2020-04-02,24.5,0.20163267485949454,0.09691913721806844,0.13265306122448983,-0.005575158464504293,0.07020405360630577,-0.052736050784581545
레딧 언급 전체,UAL,2019-07-17,94.77999877929688,0.0034817665678930076,-0.008945224526311968,-0.030280598798809066,-0.029239430098730423,-0.13536613205630454,-0.08888263372947225
레딧 언급 전체,UAL,2020-02-27,64.94000244140625,-0.20557440386399328,-0.22221243797031676,-0.4290113884040726,-0.2629665242524758,-0.4525716368868876,-0.3305253313283003
레딧 언급 전체,UAL,2020-05-19,23.68000030517578,0.2960304112559342,0.25643731090225974,0.4210304515293424,0.3518110407317201,0.6575168705306584,0.5900784269950763
레딧 언급 전체,UAL,2020-08-03,31.8700008392334,0.17791025814200556,0.15728919727308766,0.07938502102362555,0.051646966702727726,0.12958892538472688,0.0671783031627069
레딧 언급 전체,UAL,2022-04-18,43.970001220703125,0.16670452155698645,0.18830415493075947,0.14146002350068598,0.1950938115886922,-0.009779401711122016,0.07671055143003824
레딧 언급 전체,UAL,2022-09-26,31.899999618530273,0.028526701117329578,0.022213429979062616,0.07210035021671723,0.0838760592932487,0.3128527137595236,0.2728867571397029
레딧 언급 전체,UAL,2022-10-31,43.08000183105469,-0.0069638588441645055,0.009244886104307404,0.022051924509375764,-0.001018435810770768,0.014159627895247162,-0.009195592660456997
레딧 언급 전체,UAL,2024-04-17,48.7400016784668,0.08063184971564707,0.07092249802717832,0.03959779286038034,0.03999731677273699,0.12761586359882782,0.06922001459923499
레딧 언급 전체,UBER,2019-05-10,41.56999969482422,0.008178978953185423,0.01602351112168865,-0.0014433816149025391,0.017022453898850487,0.02501806406452367,0.02199829627987837
레딧 언급 전체,UBER,2019-08-08,42.970001220703125,-0.22690248366347288,-0.1963527889224077,-0.20875031337865868,-0.20445901923459975,-0.25855248533245834,-0.2736399887363501
레딧 언급 전체,UBER,2019-09-09,32.2400016784668,0.06792799356991641,0.06135525254092755,0.023573147703674247,0.023539682755188807,-0.058002504400686106,-0.04083273436321555
레딧 언급 전체,UBER,2019-10-23,33.04999923706055,0.02118005383051602,0.006974339223802861,-0.18487137198331594,-0.20894767284747173,-0.1518910337760575,-0.18820550607678643
레딧 언급 전체,UBER,2019-11-27,29.489999771118164,-0.028484237338332163,-0.017516753338827074,-0.027127814285168195,-0.0323579202792873,0.023058674481298613,-0.00033416851424128424
레딧 언급 전체,UBER,2020-02-07,40.630001068115234,-0.02387401415709889,-0.04012926309766496,-0.05710065552139154,-0.027660563950287487,-0.3066699646631166,-0.1321666561425393
레딧 언급 전체,UBER,2020-03-20,21.329999923706055,0.2789498726779953,0.17134500034930866,0.06985465431071969,-0.014891845387805969,0.32161278175755603,0.09088728970329685
레딧 언급 전체,UBER,2020-04-29,31.3700008392334,-0.1131654781459015,-0.08260720347520067,0.05259801002194031,0.09219415507125128,0.08861971986843731,0.055332962765822336
레딧 언급 전체,UBER,2020-07-07,32.81999969482422,-0.05758681923286224,-0.0739677697983342,-0.008226705066248119,-0.04401614680892263,-0.004265673094156486,-0.056149154650123045
레딧 언급 전체,UBER,2020-08-04,32.68000030517578,-0.04498167708004308,-0.05328316848961201,-0.07955937445502237,-0.1055547000119178,0.049571570280193544,-0.018719069941727007
레딧 언급 전체,UBER,2022-02-11,35.290000915527344,-0.017285366804373425,-0.0031411071903072463,0.020969051985598952,0.029664476420433794,-0.17058657697894575,-0.1173240970484144
레딧 언급 전체,UBER,2022-08-03,30.190000534057617,0.08645242321405622,0.07308536358280615,0.01755544120308894,-0.011881116476052389,-0.047366686978444594,-0.0008712859320476607
레딧 언급 전체,UBER,2023-04-18,31.729999542236328,-0.06744404098713741,-0.04781630372697954,0.15096126645546581,0.1590972245122695,0.17995585146075976,0.18951619895785188
레딧 언급 전체,UBER,2023-11-24,55.31999969482422,0.03669556743484215,0.028349381595990764,0.11532901488269798,0.10456682611608947,0.11550975099239369,0.07520663964713359
레딧 언급 전체,UBER,2024-02-06,70.47000122070312,-0.0210018920291829,-0.021204279947143134,0.08471691666367143,0.07817823008341751,0.11593583123913831,0.08401148478191223
레딧 언급 전체,UBER,2024-03-11,77.47000122070312,-0.022847608681693443,-0.025937865636860624,0.025041982842873622,0.00843655964575385,-0.03007618167472048,-0.045801437041873005
레딧 언급 전체,UBER,2024-04-09,75.13999938964844,-0.013441604264500584,0.016963556950603476,-0.05775880187841098,-0.03143589262219204,-0.06268298007361339,-0.058485197116985965
레딧 언급 전체,UBER,2024-12-17,61.029998779296875,0.011142066504619574,0.01609000597589061,0.03506471296824576,0.06758215342465046,0.10339173660174295,0.11449561252469653
레딧 언급 전체,UBER,2025-02-07,74.5999984741211,0.0646112572843589,0.04974701242282453,0.02439677925001016,0.030322503641802223,-0.02064344433011711,0.046254039124141166
레딧 언급 전체,UBER,2025-07-18,90.58999633789062,0.007727173042658908,-0.007442141207082198,-0.04062250606629114,-0.03128497742111147,0.022187903935147357,-0.0030837505466301263
레딧 언급 전체,UHS,2020-09-29,102.52999877929688,0.07909880724575946,0.07139655494801178,0.06729739206114349,0.013862936404690052,0.08641373954781129,0.06881285442142371
레딧 언급 전체,ULTA,2019-08-30,237.72999572753906,-0.04866862521921711,-0.06833010499350911,-0.05165523493034896,-0.07801868554843283,0.05434736213831792,0.039575686206287486
레딧 언급 전체,ULTA,2019-09-30,250.64999389648438,-0.0315180294787758,-0.019084149443701737,-0.016277624861824713,-0.01351462039036233,-0.03554753090079876,-0.057551099391668026
레딧 언급 전체,ULTA,2019-12-06,262.20001220703125,-0.03318082304344738,-0.04096185091216964,-0.044622470108022005,-0.06323337606925739,-0.03474452877579359,-0.059707262573961084
레딧 언급 전체,ULTA,2020-03-19,146.99000549316406,0.28464517840865344,0.1986195737654033,0.09769372116269093,0.05062703959949699,0.46615406798429215,0.27435322313295507
레딧 언급 전체,ULTA,2020-08-28,237.02000427246094,0.014724454356026317,0.03757224816868243,-0.012150893725838663,0.022420375546228555,-0.047590914589344946,-0.0008398598839420846
레딧 언급 전체,ULTA,2022-12-02,471.3299865722656,0.0006365355888531266,0.03413289783147477,-0.04287864560040988,0.01521777482593023,0.0006365355888531266,0.06475389840393708
레딧 언급 전체,ULTA,2023-03-09,519.9299926757812,-0.011713049653032992,-0.023333204473081737,-0.008058781952244631,-0.012170580601696068,0.0019618401431327204,-0.04306320070051051
레딧 언급 전체,ULTA,2024-04-05,444.75,-0.005463727208052327,0.009157314551400897,-0.07026419336706013,-0.025378694182169093,-0.10648675739530633,-0.09271443667364498
레딧 언급 전체,ULTA,2024-05-31,395.0899963378906,-0.031587767602333616,-0.0441785761616299,-0.010807636369562945,-0.04002817284749283,-0.02703179724815774,-0.061106606025035815
레딧 언급 전체,ULTA,2025-09-02,532.52001953125,-0.0350597973044221,-0.05077191446080376,-0.0137271788674318,-0.0445422722919131,0.026721963394495285,-0.013745296283695252
레딧 언급 전체,UNH,2019-04-17,216.83999633789062,0.06433313587823819,0.05535066748546491,0.07198856702629386,0.06601178210388525,0.0920033079006104,0.09804925685966004
레딧 언급 전체,UNH,2024-02-29,493.6000061035156,-0.030024325650252814,-0.04327029314393771,-0.009319299122032332,-0.022840842611894896,0.002228537459306512,-0.027274732002422253
레딧 언급 전체,UNH,2024-04-09,459.7200012207031,0.019946953370279852,0.05035211458538391,0.057556754948269395,0.08387966420448834,0.08970675655805649,0.09390453951468392
레딧 언급 전체,UNH,2024-06-21,482.5899963378906,0.055264331275240774,0.05579699193766796,0.013987028432462356,-0.005792258151976704,0.15735931854214025,0.138737044448773
레딧 언급 전체,UNH,2024-12-05,578.969970703125,-0.10917657933231872,-0.10533595005425622,-0.15496480861376172,-0.12107432882485447,-0.11278648478722608,-0.09415992577032417
레딧 언급 전체,UNH,2025-04-21,425.3299865722656,-0.012531414996671097,-0.08447422334072363,-0.04824486789432003,-0.14482384433091122,-0.2573060338533967,-0.41487194405375505
레딧 언급 전체,UNH,2025-05-19,315.8900146484375,-0.06613065839287946,-0.059910684746195764,-0.046440256885172615,-0.04852490229229367,-0.022222986500737507,-0.026728414458934147
레딧 언급 전체,UNH,2025-07-02,307.55999755859375,-0.02617371523237555,-0.03482871565390133,-0.0633697177431598,-0.07560271906636684,-0.1885810913655971,-0.20732555853297263
레딧 언급 전체,UNH,2025-07-31,249.55999755859375,-0.019594484041859817,-0.01986341029417016,0.08787463091168024,0.0675132925222115,0.21129191978753625,0.18464977739258237
레딧 언급 전체,UNH,2025-09-08,320.25,0.08630761794984387,0.06768955815527855,0.06572986039959017,0.03797218999093044,0.12028099613949061,0.08517169530305235
레딧 언급 전체,UNH,2025-10-09,367.69000244140625,-0.029970869320625537,-0.014296575684183743,-0.01969047345944286,-0.020584502670217275,-0.12545895884173142,-0.12419253113455575
레딧 언급 전체,UNH,2025-11-17,320.5199890136719,-0.004586301232652357,-0.00918317000720048,0.012542180422571159,-0.011283509174220052,0.04268071777818472,0.022851053611379735
레딧 언급 전체,UNH,2026-01-27,282.70001220703125,0.005235162380064384,0.013804604099119988,-0.033533818807852,-0.02868832115223252,0.0053059778395110335,0.008670463099067272
레딧 언급 전체,UNH,2026-04-22,353.5199890136719,0.0487101203774849,0.0481898871049542,0.03892286205375739,0.00711791777801829,0.08423851466612597,0.04200067057047763
레딧 언급 전체,UNP,2020-06-11,163.2899932861328,0.04629807782608819,0.009140252164804519,0.022842863247547696,0.0004217159790340652,0.018984666733885547,-0.03750051943340038
레딧 언급 전체,UPS,2023-07-27,186.52000427246094,-0.026914026149859605,-0.018847562857282063,-0.032918717826530663,-0.01837698935899612,-0.10465367695331429,-0.07017783014428935
레딧 언급 전체,UPS,2024-09-09,128.8800048828125,0.00023276519367110282,-0.02983633039106781,-0.0010862770355707374,-0.043655064043183534,0.018001179217359553,-0.021145278021223124
레딧 언급 전체,URI,2020-04-30,128.5,-0.12272370928456344,-0.11308442876732794,-0.09680935752067121,-0.0778407209287223,0.08085602637858713,0.03321076400443346
레딧 언급 전체,V,2019-10-28,179.83999633789062,-0.004948840123285336,-0.018367921851033087,-0.0016681664694552234,-0.018318408849267054,0.006283390268143618,-0.02691808592542788
레딧 언급 전체,V,2020-01-23,206.52000427246094,0.00818323845847213,0.02036221027221552,-0.01685072106495289,-0.023663725277265568,0.011088481690672669,0.005782772782110257
레딧 언급 전체,V,2020-06-22,194.9600067138672,-0.018362749834682113,0.0014685673984065062,-0.0038982854916517207,-0.014071499424377465,0.0077964144507991495,-0.0385303348719821
레딧 언급 전체,V,2024-09-20,284.7699890136719,-0.033711331798648936,-0.03937780025993354,-0.024019372131106942,-0.032343138904094126,0.020542916491227414,-0.008212080174797576
레딧 언급 전체,VEEV,2020-02-25,149.9600067138672,-0.05641508625702718,-0.016722126383763247,-0.02433988391476849,0.05315885570386181,-0.03354237005125982,0.1887509335046994
레딧 언급 전체,VLO,2025-07-24,140.33999633789062,-0.021590415123010853,-0.017902060589191193,-0.05522303122582861,-0.05180261104895734,-0.0003562993662720171,-0.002137461551027009
레딧 언급 전체,VMC,2020-08-03,117.52999877929688,0.12362800076754832,0.10300693989863041,0.10635582514956932,0.0786177708286715,0.02101592143586606,-0.041394700786153926
레딧 언급 전체,VRT,2024-03-22,82.5,-0.0254545269590436,-0.02727711503645569,0.020000018495501815,0.024777461684539093,-0.07793939763849433,-0.03670837780771963
레딧 언급 전체,VRTX,2025-01-31,461.67999267578125,0.016548290525127296,0.01829297794028506,-0.00580487072928737,-0.01889849471471805,0.046850643792143654,0.07684297966216846
레딧 언급 전체,VST,2020-12-22,18.1299991607666,0.07501382643715782,0.06207950521313066,0.11307232428589353,0.0807773232388358,0.17705466852793594,0.13446667412554003
레딧 언급 전체,VST,2023-12-21,37.790000915527344,0.01931726712227677,0.01379582586109196,0.03572369519489471,0.03170424554941387,0.054511709676813735,0.02878720612168051
레딧 언급 전체,VST,2024-10-07,131.27000427246094,0.007541633291335836,-0.021553153405407643,-0.006779914380144136,-0.03465948012542497,-0.11830582694625114,-0.12184582308721237
레딧 언급 전체,VST,2025-01-17,170.86000061035156,-0.19770571613383403,-0.20070109411862802,-0.013636906372067048,-0.013954859509676232,-0.009247347684715912,-0.032524520191707484
레딧 언급 전체,VST,2025-08-01,208.0500030517578,-0.028502801478426654,-0.05336933738071081,-0.05152608057417929,-0.08646147393739612,-0.09103581909919245,-0.12856077919249453
레딧 언급 전체,VTRS,2022-02-03,15.130000114440918,0.0158625095375311,0.009772045624566683,-0.01982816843791868,0.00153324762688678,-0.32584271433483425,-0.29353193852074577
레딧 언급 전체,VZ,2022-03-24,51.0,-0.0011764975155100776,-0.0037293276315891744,0.03274506213618267,0.036563129702585795,0.017843134262982563,0.07211732951587291
레딧 언급 전체,VZ,2023-11-16,36.18000030517578,0.033996670311259525,0.02273581101062394,0.06633503332324664,0.04663400295933151,0.032891061820658596,-0.00953164461797873
레딧 언급 전체,WBD,2022-04-14,24.8799991607666,-0.17323149563199514,-0.1463921439550271,-0.2704983830083443,-0.21158884180926607,-0.27250799871361286,-0.19011688283569628
레딧 언급 전체,WBD,2022-08-22,12.710000038146973,0.03855230288336031,0.06448674358110285,-0.006294250469390139,0.04835676200025374,0.039339102950380234,0.11012659377794154
레딧 언급 전체,WBD,2023-01-27,14.90999984741211,0.03420524708927841,0.017763683422950205,-0.04627763832627152,-0.052095070567813595,0.06908113638579039,0.08867781808807673
레딧 언급 전체,WBD,2024-02-23,8.609999656677246,0.006968690128827948,-0.002876676460382477,0.013937269494084026,0.006316918857721676,-0.019744492807512115,-0.0460515041466385
레딧 언급 전체,WBD,2024-05-10,8.149999618530273,-0.012269869015459345,-0.028800828441800985,-0.051533695596973184,-0.0680454365203027,-0.0036809490031118886,-0.03213488020063682
레딧 언급 전체,WBD,2024-12-06,10.65999984741211,0.13227015643479678,0.1381930198302619,0.0028142339024961327,0.03022407120601167,-0.014071258975363765,0.017484642955868046
레딧 언급 전체,WBD,2025-09-15,19.459999084472656,0.007708197992598809,-0.0012643609819964485,-0.030832399915159292,-0.0350236205712352,-0.08633085698177845,-0.0895536936302832
레딧 언급 전체,WBD,2025-12-11,29.489999771118164,-0.06375039590905085,-0.04532241366669765,-0.023397780244589494,-0.02505196524496278,-0.03696168738717365,-0.04565328798341706
레딧 언급 전체,WDAY,2020-08-31,239.7100067138672,-0.12986527058076147,-0.08377438793771608,-0.1338283798445985,-0.10766255523396384,-0.0789704534828467,-0.030474840532161762
레딧 언급 전체,WDAY,2022-09-02,158.5399932861328,0.0707077531764202,0.022956347270213673,-0.022328708439793066,-0.012921196372496335,-0.02705937597960051,0.038283285454532745
레딧 언급 전체,WDAY,2023-02-27,184.92999267578125,0.021035066254814883,0.0040889217643336195,-0.019899382585457648,0.011202182026398666,0.01741200101785778,0.02052974601496782
레딧 언급 전체,WDC,2026-02-03,290.239990234375,-0.09536932747768168,-0.09912545949553375,0.021775108657891007,0.026474035654348582,-0.09971059611060684,-0.09332940279470547
레딧 언급 전체,WFC,2019-01-15,47.66999816894531,0.05139502532088436,0.03964162610115429,0.050765724283561964,0.022995490754643466,0.028319747024824204,-0.02791218609461854
레딧 언급 전체,WFC,2019-03-29,48.31999969482422,0.009519848662621788,-0.012039185962965826,-0.03787247574327779,-0.06506021426313002,-0.0010347524291458576,-0.0413561333689485
레딧 언급 전체,WFC,2019-07-16,45.29999923706055,0.04194263924676833,0.04110869435045106,0.07174393056812978,0.06860828961398369,0.014569533300833992,0.03868725635029924
레딧 언급 전체,WFC,2020-08-10,24.700000762939453,-0.009311799290713463,-0.01628499798790739,-0.008502064183592228,-0.030405112558276715,-0.02955471364520257,-0.02252185666266404
레딧 언급 전체,WFC,2020-09-24,23.31999969482422,0.010291585517105739,-0.03156315496178719,0.084905641858811,0.02221631023810966,-0.003001702218707769,-0.06825668012152841
레딧 언급 전체,WFC,2022-07-18,41.189998626708984,0.05608160840755971,0.02042250464556017,0.057052740159465376,-0.01840209917961322,0.11070651918726115,-0.012110529236091905
레딧 언급 전체,WFC,2022-10-17,43.959999084472656,0.028207500097623628,-0.004642365101572565,0.0461784039188291,-0.006681264975188617,0.06619654021876364,-0.010952980603189388
레딧 언급 전체,WFC,2024-03-15,57.5099983215332,-0.00660749894815571,-0.02892873485054337,0.0017388678792729095,-0.022445638518955535,-0.009389621223965361,0.0011628658931724933
레딧 언급 전체,WFC,2024-04-22,61.099998474121094,-0.021276583789296866,-0.04196816369931111,-0.01489361489587504,-0.04861250960162,-0.006546607547806449,-0.06726059991108357
레딧 언급 전체,WM,2020-02-11,124.9800033569336,0.002000319997480071,-0.007186539402836756,-0.03240520837714578,0.03846518795266174,-0.12009922974128129,0.06155090042675382
레딧 언급 전체,WMT,2019-08-16,37.663333892822266,-0.019116768121271943,-0.005268750411462686,0.011239902860435524,-0.0012233342087908383,0.022833894970605728,-0.016321366651720792
레딧 언급 전체,WMT,2020-02-12,38.616668701171875,0.015882541443711817,0.017275467772913666,-0.04704366081313993,0.07123623389932043,-0.10185586905549349,0.162829120759168
레딧 언급 전체,WMT,2020-03-16,35.586666107177734,0.0704384075561022,0.14089914854094776,0.0789621979431292,-0.011927888520159025,0.2083177409902699,0.025119903494937867
레딧 언급 전체,WMT,2020-05-19,41.650001525878906,-0.01976791620818552,-0.05936101656185999,-0.011844794857220453,-0.08106420565484274,-0.047378996250148186,-0.11481743978573034
레딧 언급 전체,WMT,2020-07-08,41.47999954223633,0.06075218142656258,0.0428193154670502,0.0660559717624114,0.03227776655278336,0.04315334945229932,-0.007229321952580747
레딧 언급 전체,WMT,2020-08-10,43.959999084472656,0.028207500097623628,0.0212343014004297,-0.004170394442829406,-0.026073442817513892,0.04981807295304952,0.056850929935588046
레딧 언급 전체,WMT,2020-09-11,45.56666564941406,-0.010314500727834242,-0.00010674257950560317,0.00416976837559524,0.02012494592219971,0.044476999133028494,0.006190437921285374
레딧 언급 전체,WMT,2020-12-23,47.7400016784668,0.006493455125569758,-0.010673336051241211,0.02380949527178111,-0.013435117097613913,0.020807119276406105,-0.024952891032004265
레딧 언급 전체,WMT,2022-05-19,39.689998626708984,0.058201094815269805,0.017503702396865606,0.05249019774626262,-0.0016360733787528225,-0.00655072639277543,0.05404601427715228
레딧 언급 전체,WMT,2022-07-26,40.65999984741211,0.08771927355629527,0.04379391791476328,0.056484727372517085,0.004142660068803483,0.09854077978004039,0.04364044809881529
레딧 언급 전체,WMT,2022-11-16,49.5,0.02639731975516879,0.00877182726421366,0.032794605601917715,0.0026264622019485095,-0.021144751346472535,-0.006427322734606
레딧 언급 전체,WMT,2023-03-03,46.88999938964844,-0.02630270001493662,0.018923551670857686,-0.009028198333671189,0.026103824035164536,0.04819795618784739,0.035332689418204666
레딧 언급 전체,WMT,2023-07-03,52.733333587646484,-0.02243996861338482,-0.019443017207911417,-0.022945620960251878,-0.046380114067889444,0.0057522113971144595,-0.022842399110259537
레딧 언급 전체,WMT,2023-11-17,51.78333282470703,0.009140687558979232,0.0009550526259491932,-0.006758902044908588,-0.01984702242168579,-0.0024460963749448617,-0.0494302625594325
레딧 언급 전체,WMT,2024-02-23,58.52000045776367,0.004101125459538446,-0.005744241129671979,0.027341053684301952,0.019720703047939603,0.04015718482123365,0.013850173482107264
레딧 언급 전체,WMT,2024-05-17,64.6500015258789,0.011291503639746292,0.01131040960894869,0.0180974190461074,0.021213906676704086,0.04284604141822945,0.00950963010088568
레딧 언급 전체,WMT,2024-06-26,68.29000091552734,-0.0007322162994208847,-0.011639462913626164,0.022111613940352548,0.002002045817417031,0.02533307518444783,0.03834848552337866
레딧 언급 전체,WMT,2024-08-16,73.44999694824219,0.03063308500319617,0.016525442422941072,0.05146367005780883,0.0345597802516413,0.096800556919856,0.08141200297992213
레딧 언급 전체,WMT,2024-09-30,80.75,-0.020433455428840896,-0.01004579879328893,-0.005696583089444651,-0.024101486496545865,0.024767801857585203,0.012445563981322572
레딧 언급 전체,WMT,2024-11-15,84.25,0.0734718390671365,0.05680942376090514,0.09958456248840886,0.06905958616265129,0.1260534450632882,0.09013372158510857
레딧 언급 전체,WMT,2025-02-21,94.77999877929688,0.04040938890464818,0.05001036523925684,-0.032285266912898014,0.00775210254655212,-0.0928465450063447,-0.03290718135944681
레딧 언급 전체,WMT,2025-06-03,99.9800033569336,-0.026605356799329405,-0.03833175703999281,-0.057311493944215974,-0.05972724052028722,-0.02370476762359175,-0.06457105334232427
레딧 언급 전체,WSM,2023-06-29,61.53499984741211,-0.017388473185625863,-0.01839279277686534,0.030551735967775384,0.00505582443594621,0.14292682222233655,0.09999233384020645
레딧 언급 전체,WSM,2023-10-03,75.33999633789062,0.05687554911592585,0.026158472526062404,0.08481560034041635,0.05058805034841862,-0.0029200106451020558,0.005120939473036934
레딧 언급 전체,WYNN,2020-02-10,127.87999725341797,0.04363473240769156,0.03750942358908871,-0.10939942261685975,-0.04357535406957058,-0.29488582964029386,-0.1566643038233596
레딧 언급 전체,WYNN,2020-03-10,90.16999816894531,-0.3969169105867434,-0.27341642962964985,-0.2618387611155889,-0.10488009866620684,-0.32516358312317317,-0.24441326254683304
레딧 언급 전체,WYNN,2020-12-10,112.87999725341797,0.017097806096175727,0.0020731855770432794,0.013377056812293064,0.007187247018525023,-0.04296596910108652,-0.07557849356536883
레딧 언급 전체,XOM,2020-02-05,62.72999954223633,-0.023274335965675186,-0.03697387414042941,-0.04575161729361066,-0.05803914669174148,-0.20117964329630955,-0.10984996945649284
레딧 언급 전체,XOM,2020-03-10,43.40999984741211,-0.15203866614421457,-0.028538185187121035,-0.18359827801700068,-0.026639615567618624,-0.04998843991183932,0.030761880664500807
레딧 언급 전체,XOM,2020-06-15,47.13999938964844,-0.015273679041693633,-0.02690047424165254,-0.05982180168299844,-0.05138670498585429,-0.06512515346995029,-0.10378343748450336
레딧 언급 전체,XOM,2020-09-25,34.63999938964844,-0.047921474499453165,-0.0634661013384521,0.0028869021530133487,-0.05223430525613049,-0.013856799962293498,-0.06572303432833648
레딧 언급 전체,XOM,2022-03-11,84.91999816894531,-0.07359868269857761,-0.13180322304459213,0.0032972066101535358,-0.07435650479136213,0.0226094937628889,-0.042855784691935295
레딧 언급 전체,XOM,2022-10-06,102.05999755859375,-0.001861599221601451,0.01751141993660077,0.018322582709336732,0.03919613118232124,0.08857535892392487,0.09444353247637205
레딧 언급 전체,XOM,2022-11-18,112.08000183105469,-0.020253428224266568,-0.01995043320480494,-0.046663126976185354,-0.05565233882772913,-0.06165242281602801,-0.021226167696533405
레딧 언급 전체,XOM,2024-10-04,124.83000183105469,-0.009773301312246074,-0.02129209227540385,-0.03861251000658972,-0.058875079001095676,-0.07914767874620499,-0.07576186683735064
레딧 언급 전체,XYZ,2025-02-05,86.0,-0.03500002483988918,-0.03357672638359732,-0.03441859400549596,-0.04461361316800261,-0.30465117166208666,-0.25250137480283863
레딧 언급 전체,XYZ,2025-07-21,78.08000183105469,0.03189034074508923,0.018896745859240616,-0.025102446702211845,-0.02891936434198006,-0.017289939068420468,-0.04039849674512208
